# Host: localhost  (Version 8.0.12)
# Date: 2018-12-19 09:18:52
# Generator: MySQL-Front 6.0  (Build 2.20)


#
# Structure for table "activity_log"
#

DROP TABLE IF EXISTS `activity_log`;
CREATE TABLE `activity_log` (
  `nik` char(10) DEFAULT NULL,
  `waktu` datetime DEFAULT NULL,
  `tabel` varchar(100) DEFAULT NULL,
  `activity` varchar(255) DEFAULT NULL
) ENGINE=InnoDB DEFAULT CHARSET=utf8;

#
# Data for table "activity_log"
#

INSERT INTO `activity_log` VALUES ('960089','2018-11-29 11:32:19','-','Log keluar dari sistem.'),('960089','2018-11-29 11:32:43','-','Log masuk ke sistem.'),('960089','2018-11-29 11:42:21','-','Log keluar dari sistem.'),('960089','2018-11-29 11:44:31','-','Log masuk ke sistem.'),('960089','2018-11-29 11:45:44','-','Log keluar dari sistem.'),('960089','2018-11-29 11:46:33','-','Log masuk ke sistem.'),('960089','2018-11-29 13:35:42','-','Log keluar dari sistem.'),('960089','2018-11-29 13:39:10','-','Log masuk ke sistem.'),('960089','2018-11-29 15:45:02','adm_user','Memperbarui data user 950099'),('960089','2018-11-29 16:47:49','adm_user','Mengganti password user 950099'),('960089','2018-11-29 16:48:18','adm_user','Mengganti password user 950099'),('960089','2018-11-29 17:04:03','adm_user','Menghapus data user 950099'),('960089','2018-11-29 17:30:11','-','Log keluar dari sistem.'),('960089','2018-11-29 17:31:50','-','Log masuk ke sistem.'),('960089','2018-11-30 16:38:41','-','Log masuk ke sistem.'),('960089','2018-11-30 20:30:40','-','Log masuk ke sistem.'),('960089','2018-12-03 14:37:33','-','Log masuk ke sistem.'),('960089','2018-12-03 16:24:36','-','Log masuk ke sistem.'),('960089','2018-12-03 18:11:33','-','Log keluar dari sistem.'),('960089','2018-12-04 07:02:24','-','Log masuk ke sistem.'),('960089','2018-12-04 09:46:37','-','Log masuk ke sistem.'),('960089','2018-12-05 09:37:47','-','Log masuk ke sistem.'),('960089','2018-12-05 17:24:30','stok_bbm_master, Stok_bbm_detail','Menghapus laporan bulan 08 2018'),('960089','2018-12-05 17:25:41','stok_bbm_master, Stok_bbm_detail','Menghapus laporan bulan 11 2018'),('960089','2018-12-05 17:25:48','stok_bbm_master, stok_bbm_detail','Membikin laporan stok BBM untuk bulan November 2018'),('960089','2018-12-05 17:31:15','stok_bbm_master, stok_bbm_detail','Membikin laporan stok BBM untuk bulan November 2018'),('960089','2018-12-05 17:31:32','stok_bbm_master, stok_bbm_detail','Membikin laporan stok BBM untuk bulan September 2018'),('960089','2018-12-05 17:33:28','stok_bbm_master, Stok_bbm_detail','Menghapus laporan bulan 09 2018'),('960089','2018-12-05 17:33:36','stok_bbm_master, stok_bbm_detail','Membikin laporan stok BBM untuk bulan September 2018'),('960089','2018-12-05 17:33:47','stok_bbm_master, Stok_bbm_detail','Menghapus laporan bulan 09 2018'),('960089','2018-12-05 17:33:52','stok_bbm_master, Stok_bbm_detail','Menghapus laporan bulan 11 2018'),('960089','2018-12-05 17:34:08','stok_bbm_master, stok_bbm_detail','Membikin laporan stok BBM untuk bulan November 2018'),('960089','2018-12-05 17:40:09','stok_bbm_master, stok_bbm_detail','Membikin laporan stok BBM untuk bulan September 2018'),('960089','2018-12-05 17:40:15','stok_bbm_master, Stok_bbm_detail','Menghapus laporan bulan 09 2018'),('960089','2018-12-05 18:06:14','-','Log keluar dari sistem.'),('960089','2018-12-09 00:05:28','-','Log masuk ke sistem.'),('960089','2018-12-09 00:11:37','-','Log keluar dari sistem.'),('960089','2018-12-09 15:58:43','-','Log masuk ke sistem.'),('960089','2018-12-09 16:13:20','adm_user','Memperbarui nomer telepon menjadi 08222662222'),('960089','2018-12-09 16:13:33','adm_user','Memperbarui nomer telepon menjadi 082213458679'),('960089','2018-12-09 16:18:40','adm_user','Memperbarui email menjadi rd9ibrahim@gmail.com'),('960089','2018-12-09 16:19:07','adm_user','Memperbarui email menjadi rdsurya147@gmail.com'),('960089','2018-12-09 18:34:10','adm_user','Mengganti kata sandi'),('960089','2018-12-09 18:34:12','-','Log keluar dari sistem.'),('960089','2018-12-09 18:34:21','-','Log masuk ke sistem.'),('960089','2018-12-09 20:56:13','-','Log keluar dari sistem.'),('960089','2018-12-10 07:08:56','-','Log masuk ke sistem.'),('960089','2018-12-10 07:31:50','-','Log keluar dari sistem.'),('940146','2018-12-10 07:32:12','-','Log masuk ke sistem.'),('940146','2018-12-10 07:35:31','adm_user','Menambahkan user 81100425'),('940146','2018-12-10 07:36:48','adm_user','Menambahkan user 99100369'),('960089','2018-12-10 08:59:16','-','Log masuk ke sistem.'),('960089','2018-12-10 10:10:19','stok_bbm_master, stok_bbm_detail','Mengganti nilai jam jalan deg bulan ini untuk laporan 11 2018 dari 2337.80 menjadi 2338.8'),('960089','2018-12-10 10:13:53','stok_bbm_master, stok_bbm_detail','Mengganti nilai jam jalan deg bulan ini untuk laporan 11 2018 dari 2337.80 menjadi 23378.8'),('960089','2018-12-10 10:14:35','stok_bbm_master, stok_bbm_detail','Mengganti nilai jam jalan deg bulan ini untuk laporan 11 2018 dari 2337.80 menjadi 2338.8'),('960089','2018-12-10 10:15:22','stok_bbm_master, stok_bbm_detail','Mengganti nilai jam jalan deg bulan ini untuk laporan 11 2018 dari 2337.80 menjadi 2338.8'),('960089','2018-12-10 10:17:40','stok_bbm_master, Stok_bbm_detail','Menghapus laporan bulan 11 2018'),('960089','2018-12-10 10:17:49','stok_bbm_master, stok_bbm_detail','Membikin laporan stok BBM untuk bulan November 2018'),('960089','2018-12-10 10:53:42','stok_bbm_master, stok_bbm_detail','Mengganti nilai jam jalan deg bulan ini untuk laporan 11 2018 dari 1690.50 menjadi 1691.5'),('960089','2018-12-10 11:44:20','stok_bbm_detail','Memperbarui keterangan untuk laporan stok bbm tanggal 11 2018 untuk node MOBIL DEG Cibatu'),('960089','2018-12-10 11:45:13','stok_bbm_detail','Memperbarui keterangan untuk laporan stok bbm tanggal 11 2018 untuk node BANJAR'),('960089','2018-12-10 11:46:48','stok_bbm_detail','Memperbarui keterangan untuk laporan stok bbm tanggal 11 2018 untuk node BANJAR'),('960089','2018-12-10 11:55:46','stok_bbm_detail','Memperbarui keterangan untuk laporan stok bbm tanggal 11 2018 untuk node BANJARSARI'),('960089','2018-12-10 14:51:42','stok_bbm_detail','Mengganti nilai kapasitas deg (KVA) node BANJAR dari 225.00 menajdi 225 untuk laporan bulan 11 2018'),('960089','2018-12-10 15:04:57','stok_bbm_detail','Mengganti data kapasitas tangki BBM (Liter) dari 250.00 menjadi 251 untuk laporan stok BBM bulan 11 2018'),('960089','2018-12-10 15:05:08','stok_bbm_detail','Mengganti data kapasitas tangki BBM (Liter) dari 251.00 menjadi 250 untuk laporan stok BBM bulan 11 2018'),('960089','2018-12-10 15:50:52','stok_bbm_detail','Mengganti data sisa solar bulan lalu dari 211.20 menjadi 211.20 untuk laporan stok BBM bulan 11 2018'),('960089','2018-12-10 16:25:28','stok_bbm_detail','Mengganti data sisa oli bulan lalu dari 0.00 menjadi 1 untuk laporan stok BBM bulan 11 2018'),('960089','2018-12-10 17:29:05','stok_bbm_detail','Mengganti data jam jalan deg bulan lalu dari 2337.80 menjadi 2337.60 untuk laporan stok BBM bulan 11 2018'),('960089','2018-12-10 17:29:25','stok_bbm_detail','Mengganti data jam jalan deg bulan lalu dari 2337.60 menjadi 2337.80 untuk laporan stok BBM bulan 11 2018'),('960089','2018-12-10 17:54:30','stok_bbm_detail','Mengganti data jumlah jam jalan node BANJAR dari 1.00 menjadi 2 untuk laporan stok BBM bulan 11 2018'),('960089','2018-12-10 17:55:00','stok_bbm_detail','Mengganti data jumlah jam jalan node BANJAR dari 2.00 menjadi 1 untuk laporan stok BBM bulan 11 2018'),('960089','2018-12-10 18:05:49','stok_bbm_detail','Mengganti data pemakaian solar node BANJAR dari 5.24 menjadi 3 untuk laporan stok BBM bulan 11 2018'),('960089','2018-12-10 18:05:59','stok_bbm_detail','Mengganti data pemakaian solar node BANJAR dari 3.00 menjadi 5.24 untuk laporan stok BBM bulan 11 2018'),('960089','2018-12-10 18:24:11','stok_bbm_detail','Mengganti data pemakaian oli node BANJAR dari 0.00 menjadi 1 untuk laporan stok BBM bulan 11 2018'),('960089','2018-12-10 18:24:21','stok_bbm_detail','Mengganti data pemakaian oli node BANJAR dari 1.00 menjadi 0.00 untuk laporan stok BBM bulan 11 2018'),('960089','2018-12-10 18:37:57','stok_bbm_detail','Mengganti data penambahan solar node BANJAR dari 0.00 menjadi 1 untuk laporan stok BBM bulan 11 2018'),('960089','2018-12-10 18:38:14','stok_bbm_detail','Mengganti data penambahan solar node BANJAR dari 1.00 menjadi 0 untuk laporan stok BBM bulan 11 2018'),('960089','2018-12-10 18:38:41','-','Log keluar dari sistem.'),('960089','2018-12-11 07:14:13','-','Log masuk ke sistem.'),('960089','2018-12-11 07:25:36','stok_bbm_detail','Mengganti data penambahan oli node BANJAR dari 0.00 menjadi 1 untuk laporan stok BBM bulan 11 2018'),('960089','2018-12-11 07:26:15','stok_bbm_detail','Mengganti data penambahan oli node BANJAR dari 1.00 menjadi 0 untuk laporan stok BBM bulan 11 2018'),('960089','2018-12-11 07:39:36','stok_bbm_detail','Mengganti data persediaan solar node BANJAR dari 205.96 menjadi 206.96 untuk laporan stok BBM bulan 11 2018'),('960089','2018-12-11 07:39:48','stok_bbm_detail','Mengganti data persediaan solar node BANJAR dari 206.96 menjadi 205.96 untuk laporan stok BBM bulan 11 2018'),('960089','2018-12-11 07:46:19','stok_bbm_detail','Mengganti data persediaan oli node BANJAR dari 0.00 menjadi 1 untuk laporan stok BBM bulan 11 2018'),('960089','2018-12-11 07:46:31','stok_bbm_detail','Mengganti data persediaan oli node BANJAR dari 1.00 menjadi 0 untuk laporan stok BBM bulan 11 2018'),('960089','2018-12-11 07:52:07','stok_bbm_detail','Mengganti data backup time node BANJAR dari 3.93 menjadi 4 untuk laporan stok BBM bulan 11 2018'),('960089','2018-12-11 07:52:14','stok_bbm_detail','Mengganti data backup time node BANJAR dari 4.00 menjadi 3.93 untuk laporan stok BBM bulan 11 2018'),('960089','2018-12-11 09:10:03','stok_bbm_detail','Mengganti data jumlah jam jalan deg dari 2.00 menjadi 23 untuk laporan stok BBM bulan 11 2018'),('960089','2018-12-11 09:10:08','stok_bbm_detail','Mengganti data jumlah jam jalan deg dari 23.00 menjadi 2 untuk laporan stok BBM bulan 11 2018'),('960089','2018-12-11 09:17:25','stok_bbm_detail','Mengganti data jumlah sisa solar bulan lalu dari 6415.25 menjadi 1234 untuk laporan stok BBM bulan 11 2018'),('960089','2018-12-11 09:17:32','stok_bbm_detail','Mengganti data jumlah sisa solar bulan lalu dari 1234.00 menjadi 6415.25 untuk laporan stok BBM bulan 11 2018'),('960089','2018-12-11 09:25:18','stok_bbm_detail','Mengganti data jumlah pemakaian solar dari 5.24 menjadi 6 untuk laporan stok BBM bulan 11 2018'),('960089','2018-12-11 09:25:24','stok_bbm_detail','Mengganti data jumlah pemakaian solar dari 6.00 menjadi 5.24 untuk laporan stok BBM bulan 11 2018'),('960089','2018-12-11 09:35:53','stok_bbm_detail','Mengganti data jumlah penambahan solar dari 0.00 menjadi 1 untuk laporan stok BBM bulan 11 2018'),('960089','2018-12-11 09:36:02','stok_bbm_detail','Mengganti data jumlah penambahan solar dari 1.00 menjadi 0 untuk laporan stok BBM bulan 11 2018'),('960089','2018-12-11 09:41:28','stok_bbm_detail','Mengganti data jumlah persediaan solar dari 6410.01 menjadi 6413.01 untuk laporan stok BBM bulan 11 2018'),('960089','2018-12-11 09:41:36','stok_bbm_detail','Mengganti data jumlah persediaan solar dari 6413.01 menjadi 6410.01 untuk laporan stok BBM bulan 11 2018'),('960089','2018-12-11 09:46:11','stok_bbm_detail','Mengganti data pembelian solar dari 0.00 menjadi 3 untuk laporan stok BBM bulan 11 2018'),('960089','2018-12-11 09:46:19','stok_bbm_detail','Mengganti data pembelian solar dari 3.00 menjadi 0 untuk laporan stok BBM bulan 11 2018'),('960089','2018-12-11 09:53:10','stok_bbm_detail','Mengganti data jumlah jam jalan deg dari 2.00 menjadi 2 untuk laporan stok BBM bulan 11 2018'),('960089','2018-12-11 09:53:20','stok_bbm_detail','Mengganti data jumlah jam jalan deg dari 2.00 menjadi 1 untuk laporan stok BBM bulan 11 2018'),('960089','2018-12-11 09:53:27','stok_bbm_detail','Mengganti data jumlah jam jalan deg dari 1.00 menjadi 2 untuk laporan stok BBM bulan 11 2018'),('960089','2018-12-11 09:55:04','stok_bbm_detail','Mengganti data pembelian solar dari 0.00 menjadi 1 untuk laporan stok BBM bulan 11 2018'),('960089','2018-12-11 09:55:22','stok_bbm_detail','Mengganti data pembelian solar dari 1.00 menjadi 0 untuk laporan stok BBM bulan 11 2018'),('960089','2018-12-11 09:55:37','stok_bbm_detail','Mengganti data pembelian solar dari 0.00 menjadi 0 untuk laporan stok BBM bulan 11 2018'),('960089','2018-12-11 09:56:02','stok_bbm_detail','Mengganti data pembelian solar dari 0.00 menjadi 0 untuk laporan stok BBM bulan 11 2018'),('960089','2018-12-11 09:56:47','stok_bbm_detail','Mengganti data pembelian solar dari 0.00 menjadi 2 untuk laporan stok BBM bulan 11 2018'),('960089','2018-12-11 09:58:00','stok_bbm_detail','Mengganti data pembelian solar dari 2.00 menjadi 0 untuk laporan stok BBM bulan 11 2018'),('960089','2018-12-11 09:58:40','stok_bbm_detail','Mengganti data pembelian solar dari 0.00 menjadi 0 untuk laporan stok BBM bulan 11 2018'),('960089','2018-12-11 09:59:00','stok_bbm_detail','Mengganti data pembelian solar dari 0.00 menjadi 0 untuk laporan stok BBM bulan 11 2018'),('960089','2018-12-11 10:05:28','stok_bbm_detail','Mengganti data tangki backup bulan lalu dari 1187.39 menjadi 1188.39 untuk laporan stok BBM bulan 11 2018'),('960089','2018-12-11 10:05:34','stok_bbm_detail','Mengganti data tangki backup bulan lalu dari 1188.39 menjadi 1187.39 untuk laporan stok BBM bulan 11 2018'),('960089','2018-12-11 10:12:51','stok_bbm_detail','Mengganti data jumlah sisa oli bulan lalu dari 1.00 menjadi 2 untuk laporan stok BBM bulan 11 2018'),('960089','2018-12-11 10:12:57','stok_bbm_detail','Mengganti data jumlah sisa oli bulan lalu dari 2.00 menjadi 1 untuk laporan stok BBM bulan 11 2018'),('960089','2018-12-11 10:18:09','stok_bbm_detail','Mengganti data jumlah pemakaian oli dari 0.00 menjadi 1 untuk laporan stok BBM bulan 11 2018'),('960089','2018-12-11 10:30:37','stok_bbm_detail','Mengganti data jumlah penambahan oli dari 0.00 menjadi 1 untuk laporan stok BBM bulan 11 2018'),('960089','2018-12-11 10:30:42','stok_bbm_detail','Mengganti data jumlah penambahan oli dari 1.00 menjadi 0 untuk laporan stok BBM bulan 11 2018'),('960089','2018-12-11 10:35:39','stok_bbm_detail','Mengganti data jumlah persediaan oli dari 0.00 menjadi 1 untuk laporan stok BBM bulan 11 2018'),('960089','2018-12-11 10:39:28','stok_bbm_detail','Mengganti data pembelian oli dari 0.00 menjadi 1 untuk laporan stok BBM bulan 11 2018'),('960089','2018-12-11 10:54:33','stok_bbm_detail','Mengganti data tangki backup bulan ini dari 1187.39 menjadi 1188 untuk laporan stok BBM bulan 11 2018'),('960089','2018-12-11 10:54:42','stok_bbm_detail','Mengganti data tangki backup bulan ini dari 1188.00 menjadi 1187.39 untuk laporan stok BBM bulan 11 2018'),('940146','2018-12-11 11:11:22','-','Log masuk ke sistem.'),('940146','2018-12-11 11:13:48','-','Log keluar dari sistem.'),('960089','2018-12-11 11:21:26','stok_bbm_detail','Mengganti data jumlah persediaan oli dari 1.00 menjadi 0 untuk laporan stok BBM bulan 11 2018'),('960089','2018-12-11 11:21:36','stok_bbm_detail','Mengganti data jumlah sisa oli bulan lalu dari 1.00 menjadi 0 untuk laporan stok BBM bulan 11 2018'),('960089','2018-12-11 11:21:52','stok_bbm_detail','Mengganti data sisa oli bulan lalu node BANJAR dari 1.00 menjadi 0 untuk laporan stok BBM bulan 11 2018'),('960089','2018-12-11 11:22:26','stok_bbm_detail','Mengganti data jumlah pemakaian oli dari 1.00 menjadi 0 untuk laporan stok BBM bulan 11 2018'),('960089','2018-12-11 11:22:31','stok_bbm_detail','Mengganti data pembelian oli dari 1.00 menjadi 0 untuk laporan stok BBM bulan 11 2018'),('960089','2018-12-11 12:25:50','stok_bbm_detail','Menambah node Banjar 3 ke laporan stok BBM bulan 11 2018'),('960089','2018-12-11 12:26:50','stok_bbm_detail','Menambah node Banjar 3 ke laporan stok BBM bulan 11 2018'),('960089','2018-12-11 12:31:32','stok_bbm_detail','Mengahapus node Banjar 3 dari laporan stok BBM bulan 11 2018'),('960089','2018-12-11 12:31:40','stok_bbm_detail','Mengganti data pembelian oli dari 0.00 menjadi true untuk laporan stok BBM bulan 11 2018'),('960089','2018-12-11 12:42:44','-','Log keluar dari sistem.'),('960089','2018-12-11 13:05:48','-','Log masuk ke sistem.'),('960089','2018-12-11 13:06:16','-','Log keluar dari sistem.'),('940146','2018-12-11 14:51:07','-','Log masuk ke sistem.'),('940146','2018-12-11 15:28:03','-','Log keluar dari sistem.'),('940146','2018-12-13 11:57:55','-','Log masuk ke sistem.'),('940146','2018-12-13 12:02:46','-','Log masuk ke sistem.'),('940146','2018-12-13 12:04:33','adm_user','Menambahkan user 96100581'),('940146','2018-12-13 12:06:06','adm_user','Menambahkan user 94100371'),('940146','2018-12-13 12:07:35','adm_user','Menambahkan user 90100368'),('940146','2018-12-13 12:10:07','stok_bbm_detail','Memperbarui keterangan untuk laporan stok bbm tanggal 11 2018 untuk node BANJARSARI'),('940146','2018-12-13 12:10:26','stok_bbm_detail','Memperbarui keterangan untuk laporan stok bbm tanggal 11 2018 untuk node CIAMIS'),('940146','2018-12-13 12:10:38','stok_bbm_detail','Mengganti data persediaan oli node BANJARSARI dari 0.00 menjadi true untuk laporan stok BBM bulan 11 2018'),('940146','2018-12-13 12:14:02','adm_user','Menambahkan user 86100372'),('940146','2018-12-13 12:15:28','adm_user','Menambahkan user 81100594'),('960089','2018-12-13 13:32:09','-','Log masuk ke sistem.'),('960089','2018-12-17 07:49:28','-','Log masuk ke sistem.'),('960089','2018-12-17 07:49:29','-','Log masuk ke sistem.'),('960089','2018-12-17 08:01:52','-','Log keluar dari sistem.'),('940146','2018-12-17 09:23:10','-','Log masuk ke sistem.'),('940146','2018-12-17 11:33:23','-','Log keluar dari sistem.'),('940146','2018-12-17 11:37:00','-','Log masuk ke sistem.'),('940146','2018-12-17 11:45:44','-','Log masuk ke sistem.'),('940146','2018-12-17 14:46:05','node_cme','Menghapus node KADUNGORA untuk rekap CME'),('940146','2018-12-17 18:49:14','-','Log keluar dari sistem.'),('940146','2018-12-18 10:37:11','-','Log masuk ke sistem.'),('940146','2018-12-18 14:23:04','cem_umum','Merperbarui data deisel node BANJARSARI'),('940146','2018-12-18 14:25:03','cem_umum','Merperbarui data deisel node BANJARSARI'),('940146','2018-12-18 14:33:34','cme_umum','Merperbarui data PLN node BANJARSARI'),('940146','2018-12-18 14:46:24','cme_umum','Merperbarui data keterangan CME node BANJARSARI'),('940146','2018-12-18 15:25:29','cme_umum','Menambah data rectifier node BANJAR'),('940146','2018-12-18 15:26:14','cme_umum','Menambah data rectifier node BANJAR'),('940146','2018-12-18 15:43:58','cme_umum','Menghapus data rectifier node BANJAR'),('940146','2018-12-18 15:44:52','cme_umum','Menambah data rectifier node BANJAR'),('940146','2018-12-18 15:44:57','cme_umum','Menghapus data rectifier node BANJAR'),('940146','2018-12-18 16:04:31','cme_umum','Mengedit data rectifier node BANJAR'),('940146','2018-12-18 17:29:36','cme_umum','Menambah data battery node BANJAR'),('940146','2018-12-18 17:31:12','cme_umum','Menambah data battery node BANJAR'),('940146','2018-12-18 17:33:13','cme_umum','Menambah data battery node BANJAR'),('940146','2018-12-18 17:38:56','cme_umum','Mengedit data battery node BANJAR'),('940146','2018-12-18 17:41:37','cme_battery','Menghapus data battery node BANJAR'),('940146','2018-12-18 17:54:11','cme_air_conditioner','Menambah data AC node BANJAR'),('940146','2018-12-18 17:55:52','cme_air_conditioner','Menambah data AC node BANJAR'),('960089','2018-12-19 09:04:52','-','Log masuk ke sistem.'),('960089','2018-12-19 09:09:47','cme_battery','Mengedit data AC node BANJAR'),('960089','2018-12-19 09:10:22','cme_battery','Mengedit data AC node BANJAR'),('960089','2018-12-19 09:12:21','cme_battery','Menghapus data AC node BANJAR');

#
# Structure for table "adm_user"
#

DROP TABLE IF EXISTS `adm_user`;
CREATE TABLE `adm_user` (
  `nik` char(10) NOT NULL DEFAULT '',
  `name` varchar(255) DEFAULT NULL,
  `phone` varchar(20) DEFAULT NULL,
  `email` varchar(100) DEFAULT NULL,
  `password` varchar(255) DEFAULT NULL,
  `created_date` datetime DEFAULT NULL,
  PRIMARY KEY (`nik`)
) ENGINE=InnoDB DEFAULT CHARSET=utf8;

#
# Data for table "adm_user"
#

INSERT INTO `adm_user` VALUES ('81100425','Dian Saepul Milah','081222789333','unyil.spa@gmail.com',NULL,'2018-12-10 07:35:30'),('81100594','Erik Drajat Mardiana','085353471723','erikmardiana39@gmail.com',NULL,'2018-12-13 12:15:28'),('86100372','Yudi Muwardi','085214029212','yudie0701@gmail.com',NULL,'2018-12-13 12:14:01'),('90100368','Dida Bayu Somantri','082218518518','didabayu13@gmail.com',NULL,'2018-12-13 12:07:35'),('940146','Firman Aden','081335841475','940146@telkom.co.id','Monyet23','2018-11-20 22:07:40'),('94100371','Nendi Kurniadi','081254189733','nendikurniadi23@gmail.com',NULL,'2018-12-13 12:06:06'),('960089','Ardhi Surya Ibrahim','082213458679','rdsurya147@gmail.com','123456','2018-11-20 20:52:51'),('96100581','Nidar Abil Haq','082315040509','nidar.tsk1234@gmail.com',NULL,'2018-12-13 12:04:33'),('99100369','Femy Lukman Dzulfa','085220785934','fluqman24@gmail.com',NULL,'2018-12-10 07:36:48');

#
# Structure for table "cme_air_conditioner"
#

DROP TABLE IF EXISTS `cme_air_conditioner`;
CREATE TABLE `cme_air_conditioner` (
  `Id` int(11) NOT NULL AUTO_INCREMENT,
  `witel` varchar(255) DEFAULT NULL,
  `node` varchar(255) DEFAULT NULL,
  `type` varchar(255) DEFAULT NULL,
  `kap` decimal(5,2) DEFAULT NULL COMMENT 'PK',
  `jumlah` int(4) DEFAULT NULL,
  PRIMARY KEY (`Id`)
) ENGINE=InnoDB AUTO_INCREMENT=3 DEFAULT CHARSET=utf8;

#
# Data for table "cme_air_conditioner"
#

INSERT INTO `cme_air_conditioner` VALUES (1,'TASIKMALAYA','BANJAR','Splite',2.00,3);

#
# Structure for table "cme_battery"
#

DROP TABLE IF EXISTS `cme_battery`;
CREATE TABLE `cme_battery` (
  `Id` int(11) NOT NULL AUTO_INCREMENT,
  `witel` varchar(255) DEFAULT NULL,
  `node` varchar(255) DEFAULT NULL,
  `type` varchar(255) DEFAULT NULL,
  `bank` int(4) DEFAULT NULL,
  `kap` decimal(7,2) DEFAULT NULL COMMENT 'amper hour',
  PRIMARY KEY (`Id`)
) ENGINE=InnoDB AUTO_INCREMENT=4 DEFAULT CHARSET=utf8;

#
# Data for table "cme_battery"
#

INSERT INTO `cme_battery` VALUES (1,'TASIKMALAYA','BANJAR','Kering',2,600.00),(2,'TASIKMALAYA','BANJAR','Basah',2,1600.00);

#
# Structure for table "cme_rectifier"
#

DROP TABLE IF EXISTS `cme_rectifier`;
CREATE TABLE `cme_rectifier` (
  `Id` int(11) NOT NULL AUTO_INCREMENT,
  `witel` varchar(255) NOT NULL DEFAULT '',
  `node` varchar(255) NOT NULL DEFAULT '',
  `type` varchar(255) DEFAULT NULL,
  `kap` decimal(6,2) DEFAULT NULL COMMENT 'Amper',
  `terpakai` decimal(6,2) DEFAULT NULL COMMENT 'Amper',
  PRIMARY KEY (`Id`)
) ENGINE=InnoDB AUTO_INCREMENT=6 DEFAULT CHARSET=utf8;

#
# Data for table "cme_rectifier"
#

INSERT INTO `cme_rectifier` VALUES (1,'TASIKMALAYA','BANJAR','ZTE ZXDU2400\r\n',150.00,13.60),(2,'','','',0.00,0.00),(3,'TASIKMALAYA','BANJAR','Hariffa',300.00,134.00);

#
# Structure for table "cme_umum"
#

DROP TABLE IF EXISTS `cme_umum`;
CREATE TABLE `cme_umum` (
  `witel` varchar(255) NOT NULL DEFAULT '',
  `node` varchar(255) NOT NULL DEFAULT '',
  `dei_merk` varchar(255) DEFAULT NULL,
  `dei_kap` decimal(6,2) DEFAULT NULL COMMENT 'KVA',
  `pln_kap` decimal(6,2) DEFAULT NULL COMMENT 'KVA',
  `pln_terpakai` decimal(6,2) DEFAULT NULL COMMENT 'KVA',
  `keterangan` tinytext,
  PRIMARY KEY (`witel`,`node`)
) ENGINE=InnoDB DEFAULT CHARSET=utf8;

#
# Data for table "cme_umum"
#

INSERT INTO `cme_umum` VALUES ('TASIKMALAYA','BANJAR','DEUTZ',225.00,82.50,20.70,'Rectifier ZTE Terpasang 3 modul x 50 A'),('TASIKMALAYA','BANJARSARI','PERKINS',50.00,45.00,10.30,'RECTI ZTE STANBY\n'),('TASIKMALAYA','CIAMIS',NULL,NULL,NULL,NULL,NULL),('TASIKMALAYA','CIAWI',NULL,NULL,NULL,NULL,NULL),('TASIKMALAYA','CIBALONG',NULL,NULL,NULL,NULL,NULL),('TASIKMALAYA','CIBATU',NULL,NULL,NULL,NULL,NULL),('TASIKMALAYA','CIKAJANG',NULL,NULL,NULL,NULL,NULL),('TASIKMALAYA','CISOMPET',NULL,NULL,NULL,NULL,NULL),('TASIKMALAYA','GARUT',NULL,NULL,NULL,NULL,NULL);

#
# Structure for table "node"
#

DROP TABLE IF EXISTS `node`;
CREATE TABLE `node` (
  `witel` varchar(255) NOT NULL DEFAULT '',
  `name` varchar(255) NOT NULL DEFAULT '',
  PRIMARY KEY (`name`,`witel`)
) ENGINE=InnoDB DEFAULT CHARSET=utf8;

#
# Data for table "node"
#

INSERT INTO `node` VALUES ('TASIKMALAYA','BANJAR'),('TASIKMALAYA','BANJARSARI'),('TASIKMALAYA','CIAMIS'),('TASIKMALAYA','CIAWI'),('TASIKMALAYA','CIBALONG'),('TASIKMALAYA','CIBATU'),('TASIKMALAYA','CIKAJANG'),('TASIKMALAYA','CISOMPET'),('TASIKMALAYA','GARUT'),('TASIKMALAYA','KADUNGORA'),('TASIKMALAYA','KARANGNUNGGAL'),('TASIKMALAYA','KAWALI'),('TASIKMALAYA','LIMBANGAN'),('TASIKMALAYA','MALANGBONG'),('TASIKMALAYA','MANONJAYA'),('TASIKMALAYA','MOBIL DEG Cibatu'),('TASIKMALAYA','MOBIL DEG Tasikmalaya 1'),('TASIKMALAYA','MOBIL DEG Tasikmalaya 2'),('TASIKMALAYA','PAMEUNGPEUK'),('TASIKMALAYA','PANGANDARAN'),('TASIKMALAYA','PARIGI'),('TASIKMALAYA','Plasa Ciamis'),('TASIKMALAYA','Plasa Tasikmalaya'),('TASIKMALAYA','RAJAPOLAH'),('TASIKMALAYA','SINGAPARNA'),('TASIKMALAYA','TASIKMALAYA'),('TASIKMALAYA','Telkom Pramuka Garut'),('TASIKMALAYA','WANARAJA');

#
# Structure for table "node_cme"
#

DROP TABLE IF EXISTS `node_cme`;
CREATE TABLE `node_cme` (
  `witel` varchar(255) NOT NULL DEFAULT '',
  `name` varchar(255) NOT NULL DEFAULT '',
  PRIMARY KEY (`witel`,`name`)
) ENGINE=InnoDB DEFAULT CHARSET=utf8;

#
# Data for table "node_cme"
#

INSERT INTO `node_cme` VALUES ('TASIKMALAYA','BANJAR'),('TASIKMALAYA','BANJARSARI'),('TASIKMALAYA','CIAMIS'),('TASIKMALAYA','CIAWI'),('TASIKMALAYA','CIBALONG'),('TASIKMALAYA','CIBATU'),('TASIKMALAYA','CIKAJANG'),('TASIKMALAYA','CISOMPET'),('TASIKMALAYA','GARUT');

#
# Structure for table "stok_bbm_detail"
#

DROP TABLE IF EXISTS `stok_bbm_detail`;
CREATE TABLE `stok_bbm_detail` (
  `witel` varchar(255) NOT NULL DEFAULT '',
  `node` varchar(255) NOT NULL DEFAULT '',
  `tanggal` datetime(6) NOT NULL DEFAULT '0000-00-00 00:00:00.000000',
  `kapasitas_deg` decimal(5,2) DEFAULT NULL COMMENT 'unit KVA',
  `kapasitas_bbm` decimal(6,2) DEFAULT NULL COMMENT 'unit liter',
  `sisa_bulan_lalu_solar` decimal(5,2) DEFAULT NULL COMMENT 'unit liter',
  `sisa_bulan_lalu_oli` decimal(5,2) DEFAULT NULL COMMENT 'unit liter',
  `jam_jalan_deg_bulan_lalu` decimal(7,2) DEFAULT NULL,
  `jam_jalan_deg_bulan_ini` decimal(7,2) DEFAULT NULL,
  `jml_jam_jalan` decimal(5,2) DEFAULT NULL,
  `pemakaian_solar` decimal(5,2) DEFAULT NULL COMMENT 'liter',
  `pemakaian_oli` decimal(5,2) DEFAULT NULL COMMENT 'liter',
  `penambahan_solar` decimal(5,2) DEFAULT NULL COMMENT 'liter',
  `penambahan_oli` decimal(5,2) DEFAULT NULL COMMENT 'liter',
  `persediaan_solar` decimal(7,2) DEFAULT NULL COMMENT 'liter',
  `persediaan_oli` decimal(7,2) DEFAULT NULL,
  `backup_time` decimal(7,2) DEFAULT NULL COMMENT 'jam',
  `keterangan` tinytext,
  PRIMARY KEY (`witel`,`node`,`tanggal`)
) ENGINE=InnoDB DEFAULT CHARSET=utf8;

#
# Data for table "stok_bbm_detail"
#

INSERT INTO `stok_bbm_detail` VALUES ('TASIKMALAYA','BANJAR',X'323031382D31302D30312030303A30303A30302E303030303030',225.00,250.00,214.35,45.00,2337.20,2337.80,0.60,3.15,35.00,0.00,0.00,211.20,0.00,4.03,'Tangki harian'),('TASIKMALAYA','BANJAR',X'323031382D31312D30312030303A30303A30302E303030303030',225.00,250.00,211.20,0.00,2337.80,2338.80,1.00,5.24,0.00,0.00,0.00,205.96,0.00,3.93,'Tangki harian'),('TASIKMALAYA','BANJARSARI',X'323031382D31302D30312030303A30303A30302E303030303030',50.00,250.00,234.93,8.00,1680.70,1690.50,9.80,11.42,8.00,25.00,0.00,248.52,0.00,21.33,'Penambahan bbm solar 25 L tgl 15 /10/2018'),('TASIKMALAYA','BANJARSARI',X'323031382D31312D30312030303A30303A30302E303030303030',50.00,250.00,248.52,0.00,1690.50,1691.50,1.00,0.00,0.00,0.00,0.00,248.52,1.00,21.33,'Tangki harian'),('TASIKMALAYA','CIAMIS',X'323031382D31302D30312030303A30303A30302E303030303030',175.00,350.00,349.74,26.00,645.90,646.10,0.20,0.82,26.00,0.00,0.00,348.92,0.00,8.56,'Tangki harian'),('TASIKMALAYA','CIAMIS',X'323031382D31312D30312030303A30303A30302E303030303030',175.00,350.00,348.92,0.00,646.10,646.10,0.00,0.00,0.00,0.00,0.00,348.92,0.00,8.56,'Tangki harian'),('TASIKMALAYA','CIAWI',X'323031382D31302D30312030303A30303A30302E303030303030',65.00,350.00,327.33,8.00,3035.60,3044.60,9.00,13.63,8.00,30.00,0.00,343.69,0.00,22.69,'Penambahan bbm solar 30 L tgl 25/10/2018'),('TASIKMALAYA','CIAWI',X'323031382D31312D30312030303A30303A30302E303030303030',65.00,350.00,343.69,0.00,3044.60,3044.60,0.00,0.00,0.00,0.00,0.00,343.69,0.00,22.69,''),('TASIKMALAYA','CIBALONG',X'323031382D31302D30312030303A30303A30302E303030303030',50.00,250.00,248.41,8.00,10665.80,10672.30,6.50,7.57,8.00,0.00,0.00,240.84,0.00,20.67,'Tangki harian'),('TASIKMALAYA','CIBALONG',X'323031382D31312D30312030303A30303A30302E303030303030',50.00,250.00,240.84,0.00,10672.30,10672.30,0.00,0.00,0.00,0.00,0.00,240.84,0.00,20.67,''),('TASIKMALAYA','CIBATU',X'323031382D31302D30312030303A30303A30302E303030303030',80.00,1500.00,382.09,14.00,584.80,584.90,0.10,0.19,14.00,0.00,0.00,381.90,0.00,801.93,'Tangki harian'),('TASIKMALAYA','CIBATU',X'323031382D31312D30312030303A30303A30302E303030303030',80.00,1500.00,381.90,0.00,584.90,584.90,0.00,0.00,0.00,0.00,0.00,381.90,0.00,801.93,''),('TASIKMALAYA','CIKAJANG',X'323031382D31302D30312030303A30303A30302E303030303030',45.00,250.00,248.94,8.00,1898.90,1899.10,0.20,0.21,8.00,0.00,0.00,248.73,0.00,23.72,'Tangki harian'),('TASIKMALAYA','CIKAJANG',X'323031382D31312D30312030303A30303A30302E303030303030',45.00,250.00,248.73,0.00,1899.10,1899.10,0.00,0.00,0.00,0.00,0.00,248.73,0.00,23.72,''),('TASIKMALAYA','CISOMPET',X'323031382D31302D30312030303A30303A30302E303030303030',50.00,300.00,289.83,8.00,5768.40,5777.90,9.50,11.07,8.00,0.00,0.00,278.77,0.00,23.93,'Tangki harian'),('TASIKMALAYA','CISOMPET',X'323031382D31312D30312030303A30303A30302E303030303030',50.00,300.00,278.77,0.00,5777.90,5777.90,0.00,0.00,0.00,0.00,0.00,278.77,0.00,23.93,''),('TASIKMALAYA','GARUT',X'323031382D31302D30312030303A30303A30302E303030303030',250.00,350.00,315.54,35.00,438.70,439.10,0.40,2.33,35.00,0.00,0.00,313.21,0.00,5.38,'Tangki harian'),('TASIKMALAYA','GARUT',X'323031382D31312D30312030303A30303A30302E303030303030',250.00,350.00,313.21,0.00,439.10,439.10,0.00,0.00,0.00,0.00,0.00,313.21,0.00,5.38,''),('TASIKMALAYA','KADUNGORA',X'323031382D31302D30312030303A30303A30302E303030303030',110.00,350.00,318.89,15.00,1764.10,1776.90,12.80,32.81,14.00,0.00,0.00,286.08,0.00,11.16,'Tangki harian'),('TASIKMALAYA','KADUNGORA',X'323031382D31312D30312030303A30303A30302E303030303030',110.00,350.00,286.08,0.00,1776.90,1776.90,0.00,0.00,0.00,0.00,0.00,286.08,0.00,11.16,''),('TASIKMALAYA','KARANGNUNGGAL',X'323031382D31302D30312030303A30303A30302E303030303030',50.00,350.00,358.19,8.00,4130.40,4132.80,2.40,2.80,8.00,0.00,0.00,355.40,0.00,30.51,'Tangki harian'),('TASIKMALAYA','KARANGNUNGGAL',X'323031382D31312D30312030303A30303A30302E303030303030',50.00,350.00,355.40,0.00,4132.80,4132.80,0.00,0.00,0.00,0.00,0.00,355.40,0.00,30.51,''),('TASIKMALAYA','KAWALI',X'323031382D31302D30312030303A30303A30302E303030303030',50.00,350.00,286.74,8.00,1712.20,1722.20,10.00,11.65,8.00,50.00,0.00,325.09,0.00,27.90,'Penambahan bbm solar 50 L tgl 12/10/2018'),('TASIKMALAYA','KAWALI',X'323031382D31312D30312030303A30303A30302E303030303030',50.00,350.00,325.09,0.00,1722.20,1722.20,0.00,0.00,0.00,0.00,0.00,325.09,0.00,27.90,''),('TASIKMALAYA','LIMBANGAN',X'323031382D31302D30312030303A30303A30302E303030303030',45.00,300.00,296.49,7.00,2077.60,2086.90,9.30,9.75,8.00,0.00,0.00,286.74,0.00,27.35,'Tangki harian'),('TASIKMALAYA','LIMBANGAN',X'323031382D31312D30312030303A30303A30302E303030303030',45.00,300.00,286.74,0.00,2086.90,2086.90,0.00,0.00,0.00,0.00,0.00,286.74,0.00,27.35,''),('TASIKMALAYA','MALANGBONG',X'323031382D31302D30312030303A30303A30302E303030303030',45.00,300.00,289.63,8.00,1153.10,1156.70,3.60,3.77,8.00,0.00,0.00,285.86,0.00,27.26,'Tangki harian'),('TASIKMALAYA','MALANGBONG',X'323031382D31312D30312030303A30303A30302E303030303030',45.00,300.00,285.86,0.00,1156.70,1156.70,0.00,0.00,0.00,0.00,0.00,285.86,0.00,27.26,''),('TASIKMALAYA','MANONJAYA',X'323031382D31302D30312030303A30303A30302E303030303030',50.00,250.00,237.96,8.00,1259.90,1266.70,6.80,7.92,8.00,0.00,0.00,230.04,0.00,19.75,'Tangki harian'),('TASIKMALAYA','MANONJAYA',X'323031382D31312D30312030303A30303A30302E303030303030',50.00,250.00,230.04,0.00,1266.70,1266.70,0.00,0.00,0.00,0.00,0.00,230.04,0.00,19.75,''),('TASIKMALAYA','MOBIL DEG Cibatu',X'323031382D31302D30312030303A30303A30302E303030303030',50.00,100.00,0.00,8.00,0.00,0.00,0.00,0.00,0.00,0.00,0.00,0.00,0.00,0.00,'Tangki harian'),('TASIKMALAYA','MOBIL DEG Cibatu',X'323031382D31312D30312030303A30303A30302E303030303030',50.00,100.00,0.00,0.00,0.00,0.00,0.00,0.00,0.00,0.00,0.00,0.00,0.00,0.00,''),('TASIKMALAYA','MOBIL DEG Tasikmalaya 1',X'323031382D31302D30312030303A30303A30302E303030303030',150.00,200.00,0.00,40.00,0.00,0.00,0.00,0.00,0.00,0.00,0.00,0.00,0.00,0.00,'Tangki harian'),('TASIKMALAYA','MOBIL DEG Tasikmalaya 1',X'323031382D31312D30312030303A30303A30302E303030303030',150.00,200.00,0.00,0.00,0.00,0.00,0.00,0.00,0.00,0.00,0.00,0.00,0.00,0.00,''),('TASIKMALAYA','MOBIL DEG Tasikmalaya 2',X'323031382D31302D30312030303A30303A30302E303030303030',45.00,100.00,0.00,7.00,0.00,0.00,0.00,0.00,0.00,0.00,0.00,0.00,0.00,0.00,'Tangki harian'),('TASIKMALAYA','MOBIL DEG Tasikmalaya 2',X'323031382D31312D30312030303A30303A30302E303030303030',45.00,100.00,0.00,0.00,0.00,0.00,0.00,0.00,0.00,0.00,0.00,0.00,0.00,0.00,''),('TASIKMALAYA','PAMEUNGPEUK',X'323031382D31302D30312030303A30303A30302E303030303030',45.00,300.00,299.01,7.00,1483.70,1483.80,0.10,0.10,8.00,0.00,0.00,298.91,0.00,28.51,'Tangki harian'),('TASIKMALAYA','PAMEUNGPEUK',X'323031382D31312D30312030303A30303A30302E303030303030',45.00,300.00,298.91,0.00,1483.80,1483.80,0.00,0.00,0.00,0.00,0.00,298.91,0.00,28.51,''),('TASIKMALAYA','PANGANDARAN',X'323031382D31302D30312030303A30303A30302E303030303030',160.00,250.00,249.14,40.00,1534.10,1540.50,6.40,23.86,25.00,0.00,0.00,225.28,0.00,6.04,'Tangki harian'),('TASIKMALAYA','PANGANDARAN',X'323031382D31312D30312030303A30303A30302E303030303030',160.00,250.00,225.28,0.00,1540.50,1540.50,0.00,0.00,0.00,0.00,0.00,225.28,0.00,6.04,''),('TASIKMALAYA','PARIGI',X'323031382D31302D30312030303A30303A30302E303030303030',45.00,250.00,240.60,7.00,304.20,304.70,0.50,0.52,8.00,0.00,0.00,240.08,0.00,22.90,'Tangki harian'),('TASIKMALAYA','PARIGI',X'323031382D31312D30312030303A30303A30302E303030303030',45.00,250.00,240.08,0.00,304.70,304.70,0.00,0.00,0.00,0.00,0.00,240.08,0.00,22.90,''),('TASIKMALAYA','Plasa Ciamis',X'323031382D31302D30312030303A30303A30302E303030303030',27.00,300.00,0.00,0.00,0.00,0.00,0.00,0.00,0.00,0.00,0.00,0.00,0.00,0.00,'GSD'),('TASIKMALAYA','Plasa Ciamis',X'323031382D31312D30312030303A30303A30302E303030303030',27.00,300.00,0.00,0.00,0.00,0.00,0.00,0.00,0.00,0.00,0.00,0.00,0.00,0.00,''),('TASIKMALAYA','Plasa Tasikmalaya',X'323031382D31302D30312030303A30303A30302E303030303030',225.00,100.00,0.00,0.00,0.00,0.00,0.00,0.00,0.00,0.00,0.00,0.00,0.00,0.00,'GSD'),('TASIKMALAYA','Plasa Tasikmalaya',X'323031382D31312D30312030303A30303A30302E303030303030',225.00,100.00,0.00,0.00,0.00,0.00,0.00,0.00,0.00,0.00,0.00,0.00,0.00,0.00,''),('TASIKMALAYA','RAJAPOLAH',X'323031382D31302D30312030303A30303A30302E303030303030',45.00,250.00,247.48,7.00,1782.20,1782.40,0.20,0.21,8.00,0.00,0.00,247.27,0.00,23.58,'Tangki harian'),('TASIKMALAYA','RAJAPOLAH',X'323031382D31312D30312030303A30303A30302E303030303030',45.00,250.00,247.27,0.00,1782.40,1782.40,0.00,0.00,0.00,0.00,0.00,247.27,0.00,23.58,''),('TASIKMALAYA','SINGAPARNA',X'323031382D31302D30312030303A30303A30302E303030303030',175.00,350.00,335.66,26.00,1386.70,1389.90,3.20,13.05,26.00,0.00,0.00,322.61,0.00,7.91,'Tangki harian'),('TASIKMALAYA','SINGAPARNA',X'323031382D31312D30312030303A30303A30302E303030303030',175.00,350.00,322.61,0.00,1389.90,1389.90,0.00,0.00,0.00,0.00,0.00,322.61,0.00,7.91,''),('TASIKMALAYA','TASIKMALAYA',X'323031382D31302D30312030303A30303A30302E303030303030',300.00,400.00,376.70,40.00,298.50,302.10,3.60,25.16,40.00,0.00,0.00,351.54,0.00,5.03,'Tangki harian'),('TASIKMALAYA','TASIKMALAYA',X'323031382D31312D30312030303A30303A30302E303030303030',300.00,400.00,351.54,0.00,302.10,302.10,0.00,0.00,0.00,0.00,0.00,351.54,0.00,5.03,''),('TASIKMALAYA','Telkom Pramuka Garut',X'323031382D31302D30312030303A30303A30302E303030303030',45.00,200.00,0.00,0.00,0.00,0.00,0.00,0.00,0.00,0.00,0.00,0.00,0.00,0.00,'Tangki harian'),('TASIKMALAYA','Telkom Pramuka Garut',X'323031382D31312D30312030303A30303A30302E303030303030',45.00,200.00,0.00,0.00,0.00,0.00,0.00,0.00,0.00,0.00,0.00,0.00,0.00,0.00,''),('TASIKMALAYA','WANARAJA',X'323031382D31302D30312030303A30303A30302E303030303030',110.00,350.00,349.69,15.00,1602.30,1604.30,2.00,5.13,14.00,0.00,0.00,344.57,0.00,13.44,'Tangki harian'),('TASIKMALAYA','WANARAJA',X'323031382D31312D30312030303A30303A30302E303030303030',110.00,350.00,344.57,0.00,1604.30,1604.30,0.00,0.00,0.00,0.00,0.00,344.57,0.00,13.44,'');

#
# Structure for table "stok_bbm_master"
#

DROP TABLE IF EXISTS `stok_bbm_master`;
CREATE TABLE `stok_bbm_master` (
  `witel` varchar(255) NOT NULL DEFAULT '',
  `tanggal` datetime NOT NULL DEFAULT '0000-00-00 00:00:00',
  `jumlah_sisa_bulan_lalu_solar` decimal(7,2) DEFAULT NULL COMMENT 'unit liter',
  `jumlah_sisa_bulan_lalu_oli` decimal(7,2) DEFAULT NULL COMMENT 'Unit liter',
  `jumlah_jam_jalan_deg` decimal(7,2) DEFAULT NULL COMMENT 'unit jam',
  `jumlah_pemakaian_solar` decimal(7,2) DEFAULT NULL COMMENT 'Unit liter',
  `jumlah_pemakaian_oli` decimal(7,2) DEFAULT NULL COMMENT 'unit liter',
  `jumlah_penambahan_solar` decimal(7,2) DEFAULT NULL COMMENT 'unit liter',
  `jumlah_penambahan_oli` decimal(7,2) DEFAULT NULL COMMENT 'unit liter',
  `jumlah_persediaan_solar` decimal(7,2) DEFAULT NULL COMMENT 'unit liter',
  `jumlah_persediaan_oli` decimal(7,2) DEFAULT NULL COMMENT 'unit liter',
  `tangki_backup_bulan_lalu` decimal(7,2) DEFAULT NULL COMMENT 'unit liter',
  `tangki_backup` decimal(7,2) DEFAULT NULL COMMENT 'unit liter',
  `pembelian_solar` decimal(7,2) DEFAULT NULL COMMENT 'unit liter',
  `pembelian_oli` decimal(7,2) DEFAULT NULL COMMENT 'unit liter',
  PRIMARY KEY (`witel`,`tanggal`)
) ENGINE=InnoDB DEFAULT CHARSET=utf8;

#
# Data for table "stok_bbm_master"
#

INSERT INTO `stok_bbm_master` VALUES ('TASIKMALAYA','2018-10-01 00:00:00',6497.33,411.00,97.20,187.11,333.00,105.00,0.00,6415.22,0.00,1292.39,1187.39,0.00,0.00),('TASIKMALAYA','2018-11-01 00:00:00',6415.25,0.00,2.00,5.24,0.00,0.00,0.00,6410.01,1.00,1187.39,1187.39,0.00,1.00);

#
# Structure for table "tb_data"
#

DROP TABLE IF EXISTS `tb_data`;
CREATE TABLE `tb_data` (
  `tanggal` varchar(50) NOT NULL,
  `core` varchar(25) NOT NULL,
  `core_awal` int(5) NOT NULL,
  `user` varchar(15) NOT NULL,
  `hasil_ukur` varchar(10) NOT NULL,
  `redaman` varchar(10) NOT NULL,
  `total_los` varchar(20) NOT NULL,
  `keterangan` varchar(100) NOT NULL
) ENGINE=InnoDB DEFAULT CHARSET=latin1;

#
# Data for table "tb_data"
#

INSERT INTO `tb_data` VALUES ('03 Desember 2018','TSM-CBL',1,'','3.708','','','Putus'),('03 Desember 2018','TSM-CBL',2,'','3.708','','','BENDING KM 2.500/0.28-3.584/0.86 ( Putus )'),('03 Desember 2018','TSM-CBL',3,'','3.708','','','BENDING KM 0.395/0.26-3.584/2.16 ( Putus )'),('03 Desember 2018','TSM-CBL',4,'','3.708','','','BENDING KM 3.568/0.33 ( Putus )'),('03 Desember 2018','TSM-CBL',5,'','3.707','','','Putus'),('03 Desember 2018','TSM-CBL',6,'','3.706','','','BENDING KM 3.583/1.16 ( Putus )'),('03 Desember 2018','TSM-CBL',7,'','3.708','','','BENDING KM 3.580/0.39 ( Putus )'),('03 Desember 2018','TSM-CBL',8,'','3.708','','','BENDING KM 3.581/0.78 ( Putus )'),('03 Desember 2018','TSM-CBL',9,'','3.707','','','BENDING KM 3.578/0.72 ( Putus )'),('03 Desember 2018','TSM-CBL',10,'','3.706','','','BENDING KM 0.552/0.51-3.577/0.30 ( Putus )'),('03 Desember 2018','TSM-CBL',11,'','3.704','','','BENDING KM 0.166/0.41-3.578/3.00 ( Putus )'),('03 Desember 2018','TSM-CBL',12,'','3.705','','','BENDING KM 0.227/0.65-3.575/0.33 ( Putus )'),('03 Desember 2018','TSM-CBL',13,'','28.235','0,31','8.712','BENDING KM 2.951/0.60-21.737/0.374'),('03 Desember 2018','TSM-CBL',14,'','28.235','0,33','9.427','BENDING KM 2.499/0.78-2.940/0.58-4.704/0.44-18.416/0.43'),('03 Desember 2018','TSM-CBL',15,'','28.235','0,31','8.885','BENDING KM 2.952/0.61-4.715/0.47-18.412/0.42-23.394/0.41'),('03 Desember 2018','TSM-CBL',16,'','28.236','0,34','9.596','BENDING KM 2.493/0.86-2.950/0.62-4.644/0.61-6.989/0.30'),('03 Desember 2018','TSM-CBL',17,'','28.224','0,3','8.590','BENDING KM 2.054/0.30-2.949/0.57'),('03 Desember 2018','TSM-CBL',18,'','28.224','0,33','9.277','BENDING KM 0.422/0.32-2.951/0.60'),('03 Desember 2018','TSM-CBL',19,'','2.619','','','BENDING KM 0.146/0.98 ( Putus )'),('03 Desember 2018','TSM-CBL',20,'','2.620','','','BENDING KM 0.225/0.97 ( Putus )'),('03 Desember 2018','TSM-CBL',21,'','2.620','','','Putus'),('03 Desember 2018','TSM-CBL',22,'','2.620','','','BENDING KM 0.128/0.93 ( Putus )'),('03 Desember 2018','TSM-CBL',23,'ISI','','','','RNC T-SEL KAWALU'),('03 Desember 2018','TSM-CBL',24,'ISI','','','','RNC T-SEL KAWALU'),('03 Desember 2018','TSM-CBL',25,'','5.000','0','','BENDING KM 2.145/4.74-2.948/0.58-4.719/0.33 ( Putus )'),('03 Desember 2018','TSM-CBL',26,'ISI','','','','METRO-E 10G KAL'),('03 Desember 2018','TSM-CBL',27,'ISI','','','','METRO-E 10G CBL'),('03 Desember 2018','TSM-CBL',28,'ISI','','','','OAN FRB SUKARAJA'),('03 Desember 2018','TSM-CBL',29,'ISI','','','','OAN FRB SUKARAJA'),('03 Desember 2018','TSM-CBL',30,'ISI','','','','METRO-E 10G CBL'),('03 Desember 2018','TSM-CBL',31,'ISI','','','','METRO-E PORT 1/2/2'),('03 Desember 2018','TSM-CBL',32,'ISI','','','','METRO-E 10G KAL'),('03 Desember 2018','TSM-CBL',33,'','28.244','0,32','9.096','BENDING KM 2.941/0.56-4.722/0.30-6.406/0.61-13.556/0.26-20.302/0.28'),('03 Desember 2018','TSM-CBL',34,'','28.241','0,36','10.093','BENDING KM 2.947/0.65-4.713/0.33-6.395/0.47'),('03 Desember 2018','TSM-CBL',35,'ISI','','','','METRO-E PORT 1/2/2'),('03 Desember 2018','TSM-CBL',36,'','28.251','0,29','8.127','BENDING KM 2.951/0.71-4.711/0.38-13.561/0.29'),('03 Desember 2018','TSM-CBL',37,'','2.620','0','','Putus'),('03 Desember 2018','TSM-CBL',38,'','2.620','0','','Putus'),('03 Desember 2018','TSM-CBL',39,'','2.620','0','','Putus'),('03 Desember 2018','TSM-CBL',40,'','2.621','0','','BENDING KM 0.103/0.95 ( Putus )'),('03 Desember 2018','TSM-CBL',41,'','2.620','0','','Putus'),('03 Desember 2018','TSM-CBL',42,'','','','','BAD ADAFTER'),('03 Desember 2018','TSM-CBL',43,'','','','','Putus'),('03 Desember 2018','TSM-CBL',44,'','2.621','0','','BENDING KM 0.167/0.66 ( Putus )'),('03 Desember 2018','TSM-CBL',45,'','','','','RNC T-SEL TG RAJA PASEH'),('03 Desember 2018','TSM-CBL',46,'','','','','RNC T-SEL TG RAJA PASEH'),('03 Desember 2018','TSM-CBL',47,'','2.620','0','','BENDING KM 0.117/1.06 ( Putus )'),('03 Desember 2018','TSM-CBL',48,'','2.620','0','','BENDING KM 0.265/0.32 ( Putus )'),('03 Desember 2018','TSM-MON',1,'','','','','RMJ RING 16'),('03 Desember 2018','TSM-MON',2,'','','','','RMJ RING 16'),('03 Desember 2018','TSM-MON',3,'','3.745','','',''),('03 Desember 2018','TSM-MON',4,'','3.743','','',''),('03 Desember 2018','TSM-MON',5,'','ISI','','','DWDM LINK HUAWEI TSM-SDA'),('03 Desember 2018','TSM-MON',6,'','12.330','0,28','3.408','BENDING KM 10.612/0.45'),('03 Desember 2018','TSM-MON',7,'','','','','SPARE OLP KOTA KULON BANJAR KOTA'),('03 Desember 2018','TSM-MON',8,'ISI','','','','HUAWEI LINK 4'),('03 Desember 2018','TSM-MON',9,'','83.935','0,26','21.674','BENDING KM 10.652/0.41-12.265/0.45-73.845/0.71-75.596/0.27'),('03 Desember 2018','TSM-MON',10,'','83.869','0,32','26.424','BENDING KM 12.413/1.21-44.875/3.72-18.097/0.49-74.008/0.93'),('03 Desember 2018','TSM-MON',11,'','16.274','0,3','4.863','BENDING KM 0.305/0.32-10.623/0.27-12.345/0.34'),('03 Desember 2018','TSM-MON',12,'','','','','SPARE OLP KOTA KULON BANJAR KOTA'),('03 Desember 2018','TSM-MON',13,'ISI','','','','DWDM LINK HUAWEI TSM-SDA'),('03 Desember 2018','TSM-MON',14,'','','','','NO TRACE '),('03 Desember 2018','TSM-MON',15,'','12.331','0,26','3.190','BENDING KM 7.745/0.26-'),('03 Desember 2018','TSM-MON',16,'','83.853','0,25','20.942','BENDING KM 7.767/0.26-12.352/0.31-37.440/0.28-49.543/0.27-52.586/0.41-74.151'),('03 Desember 2018','TSM-MON',17,'ISI','','','','HUAWEI LINK 4'),('03 Desember 2018','TSM-MON',18,'','','','','NO TRACE'),('03 Desember 2018','TSM-MON',19,'','','','','NO TRACE'),('03 Desember 2018','TSM-MON',20,'','44.809','0,27','12.132','BENDING KM 16.871/0.26-41.577/0.98'),('03 Desember 2018','TSM-MON',21,'ISI','','','','METRO-E PORT 1/1/1'),('03 Desember 2018','TSM-MON',22,'ISI','','','','METRO-E PORT 1/1/1'),('03 Desember 2018','TSM-MON',23,'','12.330','0,27','3.342','BENDING KM 7.743/0.25'),('03 Desember 2018','TSM-MON',24,'','12.332','0,32','3.993','BENDING KM 0.208/0.29'),('03 Desember 2018','TSM-SPA-1',1,'','18.390','0,23','4.318',''),('03 Desember 2018','TSM-SPA-1',2,'ISI','','','','RMJ Ring 16'),('03 Desember 2018','TSM-SPA-1',3,'ISI','','','','RMJ Ring 16'),('03 Desember 2018','TSM-SPA-1',4,'','18.375','0,25','4.677',''),('03 Desember 2018','TSM-SPA-1',5,'','18.371','0,25','4.596',''),('03 Desember 2018','TSM-SPA-1',6,'','18.364','0,23','4.251',''),('03 Desember 2018','TSM-SPA-1',7,'ISI','','','','T-SEL 2G METRO GRT'),('03 Desember 2018','TSM-SPA-1',8,'ISI','','','','T-SEL 2G METRO GRT'),('03 Desember 2018','TSM-SPA-1',9,'ISI','','','','METRO SPA PORT 5/1/3'),('03 Desember 2018','TSM-SPA-1',10,'ISI','','','','METRO SPA PORT 5/1/3'),('03 Desember 2018','TSM-SPA-1',11,'ISI','','','','TRUNK METRO TSM-GRT'),('03 Desember 2018','TSM-SPA-1',12,'ISI','','','','TRUNK METRO TSM-GRT'),('03 Desember 2018','TSM-SPA-1',13,'','18.380','0,31','5.693',''),('03 Desember 2018','TSM-SPA-1',14,'','18.358','0,36','6.537',''),('03 Desember 2018','TSM-SPA-1',15,'','18.383','0,30','5.542',''),('03 Desember 2018','TSM-SPA-1',16,'','18.375','0,29','5.255','Bending km 1,918 (1,303)'),('03 Desember 2018','TSM-SPA-1',17,'','18.384','0,09','1.622','Bending KM 1.924 ( 1.046 )'),('03 Desember 2018','TSM-SPA-1',18,'','18.364','0,32','5.928','Bending km 1,921 (1,226)'),('03 Desember 2018','TSM-SPA-1',19,'','18.385','0,30','5.520','Bending KM 1.925 ( 0,79 )'),('03 Desember 2018','TSM-SPA-1',20,'','18.388','0,34','6.280','Bending KM 1.928 ( 1.962 )'),('03 Desember 2018','TSM-SPA-1',21,'','18.380','0,44','7.996','Bending KM 1.944 ( 1.422 )'),('03 Desember 2018','TSM-SPA-1',22,'','18.371','0,30','5.583','Bending km 1,924 (0,980)'),('03 Desember 2018','TSM-SPA-1',23,'','18.374','0,32','5.896','Bending km 1,924 (0,980)'),('03 Desember 2018','TSM-SPA-1',24,'','18.365','0,33','6.013','Bending KM 1.939 ( 1.476 )'),('03 Desember 2018','TSM-SPA-1',25,'','18.388','0,25','4.664',''),('03 Desember 2018','TSM-SPA-1',26,'','18.380','0,25','4.665',''),('03 Desember 2018','TSM-SPA-1',27,'','18.320','0,27','4.897',''),('03 Desember 2018','TSM-SPA-1',28,'','18.370','0,25','4.654',''),('03 Desember 2018','TSM-SPA-1',29,'','18.369','0,23','4.194',''),('03 Desember 2018','TSM-SPA-1',30,'','18.399','0,36','6.556','Bending  km 18,362 (2,685)'),('03 Desember 2018','TSM-SPA-1',31,'','11.396','0,24','2.731','PUTUS'),('03 Desember 2018','TSM-SPA-1',32,'','11.389','0,23','2.659','PUTUS'),('03 Desember 2018','TSM-SPA-1',33,'ISI','','','','ONU AL-CATEL'),('03 Desember 2018','TSM-SPA-1',34,'ISI','','','','ONU AL-CATEL'),('03 Desember 2018','TSM-SPA-1',35,'','7.777','0,61','4.765','PUTUS'),('03 Desember 2018','TSM-SPA-1',36,'','7.766','0,74','5.720','PUTUS'),('03 Desember 2018','TSM-SPA-2',1,'','18.029','0,27','4.825',''),('03 Desember 2018','TSM-SPA-2',2,'','18.029','0,26','4.649',''),('03 Desember 2018','TSM-SPA-2',3,'ISI','','','','METRO-E 10 G PORT 4/1/2'),('03 Desember 2018','TSM-SPA-2',4,'ISI','','','','METRO-E 10 G PORT 4/1/2'),('03 Desember 2018','TSM-SPA-2',5,'ISI','','','','METRO-E 1 G PORT 1/1/19'),('03 Desember 2018','TSM-SPA-2',6,'ISI','','','','METRO-E 1 G PORT 1/1/19'),('03 Desember 2018','TSM-SPA-2',7,'ISI','','','','RMJ RING-16'),('03 Desember 2018','TSM-SPA-2',8,'ISI','','','','RMJ RING-16'),('03 Desember 2018','TSM-SPA-2',9,'','60.312','0,27','16.011','TC OTB SPA TO OTB GRT'),('03 Desember 2018','TSM-SPA-2',10,'','7.278','0,25','1.811','PUTUS'),('03 Desember 2018','TSM-SPA-2',11,'','60.333','0,29','17.702','TC OTB SPA TO OTB GRT'),('03 Desember 2018','TSM-SPA-2',12,'ISI','','','','T-SEL 3G METRO SPA'),('03 Desember 2018','TSM-SPA-2',13,'ISI','','','','T-SEL 3G METRO SPA'),('03 Desember 2018','TSM-SPA-2',14,'ISI','','','','ISI -A NO LABEL'),('03 Desember 2018','TSM-SPA-2',15,'','24.194','0,26','6.311','TC OTB SPA TO GRT (PUTUS)'),('03 Desember 2018','TSM-SPA-2',16,'ISI','','','','ISI -A NO LABEL'),('03 Desember 2018','TSM-SPA-2',17,'ISI','','','','ZTE M820 GRT'),('03 Desember 2018','TSM-SPA-2',18,'ISI','','','','ZTE M820 GRT'),('03 Desember 2018','TSM-SPA-2',19,'ISI','','','','TO T-LINE METRO CORE 47/48'),('03 Desember 2018','TSM-SPA-2',20,'ISI','','','','TO T-LINE METRO CORE 47/48'),('03 Desember 2018','TSM-SPA-2',21,'','60.333','0,28','17.001','TC OTB SPA TO OTB GRT'),('03 Desember 2018','TSM-SPA-2',22,'','17.043','0,47','8.025','Bending KM 6.354 (2.51)'),('03 Desember 2018','TSM-SPA-2',23,'','','','','STUB IDLE TO GRT'),('03 Desember 2018','TSM-SPA-2',24,'','','','','STUB IDLE TO GRT'),('03 Desember 2018','TSM-SPA-2',25,'','18.040','0,44','8.014','Bending KM 6.331 (2597)'),('03 Desember 2018','TSM-SPA-2',26,'','6.819','0,73','4.953','PUTUS'),('03 Desember 2018','TSM-SPA-2',27,'','6.339','0,33','2.081','PUTUS'),('03 Desember 2018','TSM-SPA-2',28,'','18.038','0,48','8.674','Bending KM 6.343 (3.320)'),('03 Desember 2018','TSM-SPA-2',29,'','18.050','0,28','5.129','Bending KM 6.354 (2.51) '),('03 Desember 2018','TSM-SPA-2',30,'','8.041','0,38','3.028','PUTUS'),('03 Desember 2018','TSM-SPA-2',31,'ISI','','','','OLP TISEL KT KLN-BJR KOTA'),('03 Desember 2018','TSM-SPA-2',32,'ISI','','','','RNC T-SEL SPA'),('03 Desember 2018','TSM-SPA-2',33,'ISI','','','','RNC T-SEL SPA'),('03 Desember 2018','TSM-SPA-2',34,'','18.038','0,29','5.148',''),('03 Desember 2018','TSM-SPA-2',35,'','18.038','0,39','6.976','Bending KM 6.335 (1.979)'),('03 Desember 2018','TSM-SPA-2',36,'','18.040','0,27','4.794',''),('03 Desember 2018','TSM-SPA-2',37,'','18.036','0,33','5.918',''),('03 Desember 2018','TSM-SPA-2',38,'','18.050','0,38','6.775',''),('03 Desember 2018','TSM-SPA-2',39,'','18.037','0,28','5.037',''),('03 Desember 2018','TSM-SPA-2',40,'','18.048','0,29','5.234',''),('03 Desember 2018','TSM-SPA-2',41,'','18.050','0,28','5.075',''),('03 Desember 2018','TSM-SPA-2',42,'','8.041','0,38','3.049','PUTUS'),('03 Desember 2018','TSM-SPA-2',43,'ISI','','','','TO T-LINE TO METRO-2 CORE 37/38'),('03 Desember 2018','TSM-SPA-2',44,'ISI','','','','TO T-LINE TO METRO-2 CORE 37/38'),('03 Desember 2018','TSM-SPA-2',45,'ISI','','','','METRO-E PORT2/1/6 TG RJ PSH PORT 2/0/7'),('03 Desember 2018','TSM-SPA-2',46,'ISI','','','','METRO-E PORT2/1/6 TG RJ PSH PORT 2/0/7'),('03 Desember 2018','TSM-SPA-2',47,'ISI','','','','METRO-E PORT2/1/7 TG RJ PSH PORT 2/0/8'),('03 Desember 2018','TSM-SPA-2',48,'ISI','','','','METRO-E PORT2/1/7 TG RJ PSH PORT 2/0/8'),('03 Desember 2018','TSM-CMS-1',1,'','13.522','0,33','4.420','PUTUS'),('03 Desember 2018','TSM-CMS-1',2,'','7.743','0,32','2.458','PUTUS'),('03 Desember 2018','TSM-CMS-1',3,'','13.822','0,65','9.016','PUTUS'),('03 Desember 2018','TSM-CMS-1',4,'','13.572','0,35','4.793','PUTUS'),('03 Desember 2018','TSM-CMS-1',5,'','13.572','0,31','4.213','PUTUS'),('03 Desember 2018','TSM-CMS-1',6,'','13.536','0,27','3.607','PUTUS'),('03 Desember 2018','TSM-CMS-1',7,'','13.684','0,29','3.981','PUTUS'),('03 Desember 2018','TSM-CMS-1',8,'','13.663','0,39','5.303','PUTUS'),('03 Desember 2018','TSM-CMS-1',9,'','13.684','0,34','4.688','PUTUS'),('03 Desember 2018','TSM-CMS-1',10,'','13.679','0,36','4.954','PUTUS'),('03 Desember 2018','TSM-CMS-1',11,'','1.250','1,76','2.194','PUTUS'),('03 Desember 2018','TSM-CMS-1',12,'','13.677','0,32','4.375','PUTUS'),('03 Desember 2018','TSM-CMS-1',13,'','8.485','0,45','3.789','PUTUS'),('03 Desember 2018','TSM-CMS-1',14,'','8.483','0,96','8.162','PUTUS'),('03 Desember 2018','TSM-CMS-1',15,'','14.784','0,63','9.315','PUTUS'),('03 Desember 2018','TSM-CMS-1',16,'','7.656','0,33','2.528','PUTUS'),('03 Desember 2018','TSM-CMS-1',17,'','14.783','0,61','9.037','PUTUS'),('03 Desember 2018','TSM-CMS-1',18,'','14.785','0,31','4.638','PUTUS'),('03 Desember 2018','TSM-CMS-1',19,'','14.787','0,37','5.439','PUTUS'),('03 Desember 2018','TSM-CMS-1',20,'','4.548','0,22','992','PUTUS'),('03 Desember 2018','TSM-CMS-1',21,'','10.290','0,29','3.035','PUTUS'),('03 Desember 2018','TSM-CMS-1',22,'','7.641','0,30','2.257','PUTUS'),('03 Desember 2018','TSM-CMS-1',23,'ISI','','','','OAN OPNET'),('03 Desember 2018','TSM-CMS-1',24,'ISI','','','','OAN OPNET'),('03 Desember 2018','TSM-CMS-1',25,'','7.227','0,26','1.859','PUTUS'),('03 Desember 2018','TSM-CMS-1',26,'ISI','','','','TO T-LINE CORE 30/31'),('03 Desember 2018','TSM-CMS-1',27,'','7.227','0,28','2.036','PUTUS'),('03 Desember 2018','TSM-CMS-1',28,'ISI','','','','TO T-LINE CORE 30/31'),('03 Desember 2018','TSM-CMS-1',29,'ISI','','','','OAN OPNET'),('03 Desember 2018','TSM-CMS-1',30,'ISI','','','','OAN OPNET'),('03 Desember 2018','TSM-CMS-1',31,'ISI','','','','ONU FRAA'),('03 Desember 2018','TSM-CMS-1',32,'ISI','','','','ONU FRAA'),('03 Desember 2018','TSM-CMS-1',33,'','8.483','0,83','6.999','PUTUS'),('03 Desember 2018','TSM-CMS-1',34,'','8.484','0,76','6.441','PUTUS'),('03 Desember 2018','TSM-CMS-1',35,'ISI','','','','AGREGATE'),('03 Desember 2018','TSM-CMS-1',36,'ISI','','','','AGREGATE'),('03 Desember 2018','TSM-CMS-2',1,'ISI','','','','OLP KOTA KULON - BANJAR KOTA'),('03 Desember 2018','TSM-CMS-2',2,'ISI','','','','OLP KOTA KULON - BANJAR KOTA'),('03 Desember 2018','TSM-CMS-2',3,'ISI','','','','T-LINE'),('03 Desember 2018','TSM-CMS-2',4,'ISI','','','','T-LINE'),('03 Desember 2018','TSM-CMS-2',5,'ISI','','','','TRUNK METRO'),('03 Desember 2018','TSM-CMS-2',6,'ISI','','','','TRUNK METRO'),('03 Desember 2018','TSM-CMS-2',7,'ISI','','','','RMJ RING 7'),('03 Desember 2018','TSM-CMS-2',8,'ISI','','','','RMJ RING 7'),('03 Desember 2018','TSM-CMS-2',9,'','','','','NO TRACE'),('03 Desember 2018','TSM-CMS-2',10,'ISI','','','','TC OUTER M920 CKJ RX'),('03 Desember 2018','TSM-CMS-2',11,'ISI','','','','TRUNK METRO-E PORT 5/2/7'),('03 Desember 2018','TSM-CMS-2',12,'ISI','','','','TRUNK METRO-E PORT 5/2/7'),('03 Desember 2018','TSM-CMS-2',13,'ISI','','','','TRUNK METRO'),('03 Desember 2018','TSM-CMS-2',14,'ISI','','','','TRUNK METRO'),('03 Desember 2018','TSM-CMS-2',15,'ISI','','','','METRO PORT 5/1/1 CBN'),('03 Desember 2018','TSM-CMS-2',16,'ISI','','','','METRO PORT 5/1/1 CBN'),('03 Desember 2018','TSM-CMS-2',17,'','17.870','0,22','3.999','IDLE'),('03 Desember 2018','TSM-CMS-2',18,'','17.870','0,25','4.471','IDLE'),('03 Desember 2018','TSM-CMS-2',19,'ISI','','','','ROUTER T-SEL'),('03 Desember 2018','TSM-CMS-2',20,'ISI','','','','ROUTER T-SEL'),('03 Desember 2018','TSM-CMS-2',21,'','39.527','0,25','10.058','TC TO OTB CMS-KWL'),('03 Desember 2018','TSM-CMS-2',22,'','39.517','0,25','9.867','TC TO OTB CMS-KWL'),('03 Desember 2018','TSM-CMS-2',23,'ISI','','','','METRO ETHERNET'),('03 Desember 2018','TSM-CMS-2',24,'ISI','','','','METRO ETHERNET'),('03 Desember 2018','TSM-CMS-2',25,'','83.343','0,27','22.440','SPLACE TO OTB CMS-BJR'),('03 Desember 2018','TSM-CMS-2',26,'','83.333','0,26','21.789','SPLACE TO OTB CMS-BJR'),('03 Desember 2018','TSM-CMS-2',27,'ISI','','','','M920 IER HUAWEI SDA RX'),('03 Desember 2018','TSM-CMS-2',28,'ISI','','','','INER ZTE M920 SDA'),('03 Desember 2018','TSM-CMS-2',29,'ISI','','','','SPARE ZTE SDA'),('03 Desember 2018','TSM-CMS-2',30,'ISI','','','','M920 IER HUAWEI SDA TX'),('03 Desember 2018','TSM-CMS-2',31,'','','','','SPILCE'),('03 Desember 2018','TSM-CMS-2',32,'','','','','SPLICE'),('03 Desember 2018','TSM-CMS-2',33,'ISI','','','','T-SEL BTS CIKONENG'),('03 Desember 2018','TSM-CMS-2',34,'ISI','','','','T-SEL BTS CIKONENG'),('03 Desember 2018','TSM-CMS-2',35,'ISI','','','','T-SEL BTS IMBANAGARA'),('03 Desember 2018','TSM-CMS-2',36,'ISI','','','','T-SEL BTSMBANAGARA'),('03 Desember 2018','TSM-CMS-2',37,'ISI','','','','RMJ RING 16'),('03 Desember 2018','TSM-CMS-2',38,'ISI','','','','RMJ RING 16'),('03 Desember 2018','TSM-CMS-2',39,'ISI','','','','T-SEL BTS CIKONENG'),('03 Desember 2018','TSM-CMS-2',40,'ISI','','','','T-SEL BTS CIKONENG'),('03 Desember 2018','TSM-CMS-2',41,'ISI','','','','ME-2-10G-PORT 6/1/10'),('03 Desember 2018','TSM-CMS-2',42,'ISI','','','','ME-2-10G-PORT 6/1/10'),('03 Desember 2018','TSM-CMS-2',43,'ISI','','','','TRUNK METRO-E 6/1/9'),('03 Desember 2018','TSM-CMS-2',44,'ISI','','','','OUTER CKJ M920 TX'),('03 Desember 2018','TSM-CMS-2',45,'','','','','SPLICE'),('03 Desember 2018','TSM-CMS-2',46,'','','','','BAD ADAPTER'),('03 Desember 2018','TSM-CMS-2',47,'ISI','','','','INER ZTE M920 SDA'),('03 Desember 2018','TSM-CMS-2',48,'ISI','','','','TRUNK METRO-E 6/1/9'),('03 Desember 2018','TSM-CMS-3',1,'ISI','','','','RMJ RING 17'),('03 Desember 2018','TSM-CMS-3',2,'ISI','','','','RMJ RING 17'),('03 Desember 2018','TSM-CMS-3',3,'','20.463','0,29','5.981','IDLE'),('03 Desember 2018','TSM-CMS-3',4,'','20.473','0,27','5.496','IDLE'),('03 Desember 2018','TSM-CMS-3',5,'','20.473','0,29','5.848','IDLE'),('03 Desember 2018','TSM-CMS-3',6,'','18.824','0,47','8.806','BENDING KM 11.244/4.64'),('03 Desember 2018','TSM-CMS-3',7,'','','','','TO PERANGKAT'),('03 Desember 2018','TSM-CMS-3',8,'','20.463','0,29','5.886','IDLE'),('03 Desember 2018','TSM-CMS-3',9,'','18.848','0,47','8.806','PUTUS'),('03 Desember 2018','TSM-CMS-3',10,'','18.848','0,47','8.806','PUTUS'),('03 Desember 2018','TSM-CMS-3',11,'','18.824','0,47','8.806','PUTUS'),('03 Desember 2018','TSM-CMS-3',12,'','18.824','0,47','8.806','PUTUS'),('03 Desember 2018','TSM-RJP-1',1,'ISI','','','','HUAWEI M920 LAG'),('03 Desember 2018','TSM-RJP-1',2,'ISI','','','','HUAWEI M920 LAG'),('03 Desember 2018','TSM-RJP-1',3,'','66.338','0,30','19.788','HUAWEI LINK 3 TSM-LAG ( SPARE )'),('03 Desember 2018','TSM-RJP-1',4,'ISI','','','','HUAWEI LINK 3 TSM-LAG'),('03 Desember 2018','TSM-RJP-1',5,'','3.307','0,81','2.681','PUTUS'),('03 Desember 2018','TSM-RJP-1',6,'','3.309','0,87','2.891','PUTUS'),('03 Desember 2018','TSM-RJP-1',7,'','3.307','0,90','2.961','PUTUS'),('03 Desember 2018','TSM-RJP-1',8,'','3.309','0,83','2.753','PUTUS'),('03 Desember 2018','TSM-RJP-1',9,'','3.309','1,88','6.206','PUTUS'),('03 Desember 2018','TSM-RJP-1',10,'','3.310','0,32','1.048','PUTUS'),('03 Desember 2018','TSM-RJP-1',11,'','29.242','0,26','7.620','STO RJP Splice STO CAW'),('03 Desember 2018','TSM-RJP-1',12,'','29.237','0,26','7.534','Bending KM 6.722 ( 1.492 ) STO RJP Splice STO CAW'),('03 Desember 2018','TSM-RJP-1',13,'','3.303','0,84','2.772','PUTUS'),('03 Desember 2018','TSM-RJP-1',14,'','3.304','0,81','2.687','PUTUS'),('03 Desember 2018','TSM-RJP-1',15,'ISI','','','','METRO E 1G'),('03 Desember 2018','TSM-RJP-1',16,'ISI','','','','METRO E 1G'),('03 Desember 2018','TSM-RJP-1',17,'ISI','','','','METRO E 10G'),('03 Desember 2018','TSM-RJP-1',18,'ISI','','','','METRO E 10G'),('03 Desember 2018','TSM-RJP-1',19,'','3.303','0,92','3.054','PUTUS'),('03 Desember 2018','TSM-RJP-1',20,'','3.307','0,90','2.971','PUTUS'),('03 Desember 2018','TSM-RJP-1',21,'','3.308','0,82','2.698','PUTUS'),('03 Desember 2018','TSM-RJP-1',22,'','3.297','0,95','3.142','PUTUS'),('03 Desember 2018','TSM-RJP-1',23,'','43.642','0,32','13.755','STO RJP Splice STO CAW Splice STO MLO'),('03 Desember 2018','TSM-RJP-1',24,'','43.626','0,32','14.024','Bending KM 11.617 ( 2.670 ) STO RJP Splice STO CAW Splice STO MLO'),('03 Desember 2018','TSM-RJP-1',25,'','3.306','0,93','3.081','PUTUS'),('03 Desember 2018','TSM-RJP-1',26,'','3.309','1,05','3.461','PUTUS'),('03 Desember 2018','TSM-RJP-1',27,'ISI','','','','RMJ RING 12-15'),('03 Desember 2018','TSM-RJP-1',28,'ISI','','','','RMJ RING 12-15'),('03 Desember 2018','TSM-RJP-1',29,'ISI','','','','OUTER ZTE M820 CKJ'),('03 Desember 2018','TSM-RJP-1',30,'ISI','','','','OUTER ZTE M820 CKJ'),('03 Desember 2018','TSM-RJP-1',31,'ISI','','','','GPON HUAWEI RJP'),('03 Desember 2018','TSM-RJP-1',32,'','43.665','0,41','18.031','STO RJP Splice STO CAW Splice STO MLO'),('03 Desember 2018','TSM-RJP-1',33,'','3.308','0,29','960','PUTUS'),('03 Desember 2018','TSM-RJP-1',34,'','3.300','0,92','3.024','PUTUS'),('03 Desember 2018','TSM-RJP-1',35,'','3.309','0,33','1.100','PUTUS'),('03 Desember 2018','TSM-RJP-1',36,'','3.300','0,26','874','PUTUS'),('03 Desember 2018','TSM-RJP-1',37,'ISI','','','','DSLAM'),('03 Desember 2018','TSM-RJP-1',38,'ISI','','','','DSLAM'),('03 Desember 2018','TSM-RJP-1',39,'','3.310','1,00','3.299','PUTUS'),('03 Desember 2018','TSM-RJP-1',40,'','3.312','0,95','3.155','PUTUS'),('03 Desember 2018','TSM-RJP-1',41,'ISI','','','','OAN OPNET TSM'),('03 Desember 2018','TSM-RJP-1',42,'ISI','','','','OAN OPNET TSM'),('03 Desember 2018','TSM-RJP-1',43,'','3.307','0,33','1.103','PUTUS'),('03 Desember 2018','TSM-RJP-1',44,'','3.311','0,90','2.983','PUTUS'),('03 Desember 2018','TSM-RJP-1',45,'ISI','','','','OAN RING 1 RMJ SLOT 39'),('03 Desember 2018','TSM-RJP-1',46,'ISI','','','','OAN RING 1 RMJ SLOT 39'),('03 Desember 2018','TSM-RJP-1',47,'ISI','','','','OAN RING 1 RMJ SLOT 40'),('03 Desember 2018','TSM-RJP-1',48,'ISI','','','','OAN RING 1 RMJ SLOT 40'),('03 Desember 2018','TSM-RJP-2',1,'','27.614','0,25','6.803',''),('03 Desember 2018','TSM-RJP-2',2,'','27.612','0,25','6.950',''),('03 Desember 2018','TSM-RJP-2',3,'','27.613','0,24','6.654',''),('03 Desember 2018','TSM-RJP-2',4,'','27.614','0,26','7.245',''),('03 Desember 2018','TSM-RJP-2',5,'','27.604','0,25','6.857',''),('03 Desember 2018','TSM-RJP-2',6,'','','','','NO TRACE'),('03 Desember 2018','TSM-RJP-2',7,'ISI','','','','OSN 8800 CBT'),('03 Desember 2018','TSM-RJP-2',8,'ISI','','','','OSN 8800 CBT'),('03 Desember 2018','TSM-RJP-2',9,'','27.599','0,25','6.788',''),('03 Desember 2018','TSM-RJP-2',10,'','27.604','0,25','6.777',''),('03 Desember 2018','TSM-RJP-2',11,'','27.604','0,25','6.979',''),('03 Desember 2018','TSM-RJP-2',12,'','27.599','0,24','6.609',''),('03 Desember 2018','TSM-RJP-2',13,'','9.907','0,29','2.879','PUTUS'),('03 Desember 2018','TSM-RJP-2',14,'','9.912','0,24','2.337','PUTUS'),('03 Desember 2018','TSM-RJP-2',15,'','9.912','0,25','2.518','PUTUS'),('03 Desember 2018','TSM-RJP-2',16,'','9.912','0,24','2.392','PUTUS'),('03 Desember 2018','TSM-RJP-2',17,'','35.704','0,27','9.489',''),('03 Desember 2018','TSM-RJP-2',18,'','35.699','0,25','8.935',''),('03 Desember 2018','TSM-RJP-2',19,'','15.578','0,23','3.628',''),('03 Desember 2018','TSM-RJP-2',20,'','15.578','0,23','3.618',''),('03 Desember 2018','TSM-RJP-2',21,'ISI','','','','METRO CKJ PORT 1/2/2'),('03 Desember 2018','TSM-RJP-2',22,'ISI','','','','METRO CKJ PORT 1/2/2'),('03 Desember 2018','TSM-RJP-2',23,'','16.941','0,27','4.613',''),('03 Desember 2018','TSM-RJP-2',24,'','16.936','0,24','3.985',''),('03 Desember 2018','TSM-RJP-2',25,'','15.588','0,24','3.683',''),('03 Desember 2018','TSM-RJP-2',26,'','15.583','0,24','3.786',''),('03 Desember 2018','TSM-RJP-2',27,'','15.588','0,24','3.787',''),('03 Desember 2018','TSM-RJP-2',28,'ISI','','','','INER CBT'),('03 Desember 2018','TSM-RJP-2',29,'','15.583','0,25','3.951',''),('03 Desember 2018','TSM-RJP-2',30,'','15.583','0,25','3.834',''),('03 Desember 2018','TSM-RJP-2',31,'','ISI','','','METRO RJP PORT 2/1/2'),('03 Desember 2018','TSM-RJP-2',32,'','27.611','0,24','6.646',''),('03 Desember 2018','TSM-RJP-2',33,'','27.619','0,24','6.666',''),('03 Desember 2018','TSM-RJP-2',34,'','27.609','0,24','6.622',''),('03 Desember 2018','TSM-RJP-2',35,'','','','','NO TRACE'),('03 Desember 2018','TSM-RJP-2',36,'ISI','','','','METRO RJP PORT 2/1/2'),('03 Desember 2018','TSM-RJP-2',37,'','15.598','0,25','3.916',''),('03 Desember 2018','TSM-RJP-2',38,'ISI','','','','INER CBT'),('03 Desember 2018','TSM-RJP-2',39,'','15.588','0,25','3.842',''),('03 Desember 2018','TSM-RJP-2',40,'','15.752','0,22','3.431',''),('03 Desember 2018','TSM-RJP-2',41,'','59.383','0,25','14.674',''),('03 Desember 2018','TSM-RJP-2',42,'','59.378','0,26','15.339',''),('03 Desember 2018','TSM-RJP-2',43,'ISI','','','','RMJ RING 7 MLO'),('03 Desember 2018','TSM-RJP-2',44,'ISI','','','','RMJ RING 7 MLO'),('03 Desember 2018','TSM-RJP-2',45,'','59.378','0,25','14.877',''),('03 Desember 2018','TSM-RJP-2',46,'','','','','NO TRACE'),('03 Desember 2018','TSM-RJP-2',47,'ISI','','','','M920 CKJ'),('03 Desember 2018','TSM-RJP-2',48,'ISI','','','','M920 CKJ'),('03 Desember 2018','TSM-RJP-3',1,'','28.950','0,27','7.841','SPARE LINK 3 TSM-LAG'),('03 Desember 2018','TSM-RJP-3',2,'ISI','','','','LINK 3 HUAWEI TSM-LAG'),('03 Desember 2018','TSM-RJP-3',3,'ISI','','','','LINK 4 HUAWEI TSM-CBT'),('03 Desember 2018','TSM-RJP-3',4,'ISI','','','','LINK 4 HUAWEI TSM-CBT'),('03 Desember 2018','TSM-RJP-3',5,'','28.945','0,32','9.140','STO RJP-STO CAW'),('03 Desember 2018','TSM-RJP-3',6,'','28.954','0,29','8.513','STO RJP-STO CAW'),('03 Desember 2018','TSM-RJP-3',7,'','36.417','0,28','10.194','STO RJP-STO CAW-STO MLO'),('03 Desember 2018','TSM-RJP-3',8,'','16.331','0,24','3.979',''),('03 Desember 2018','TSM-RJP-3',9,'','16.337','0,28','4.630',''),('03 Desember 2018','TSM-RJP-3',10,'','16.336','0,23','3.696',''),('03 Desember 2018','TSM-RJP-3',11,'','36.416','0,25','9.113','STO RJP-STO CAW-STO MLO'),('03 Desember 2018','TSM-RJP-3',12,'','16.333','0,22','3.558',''),('03 Desember 2018','TSM-RJP-3',13,'','43.326','0,33','14.289','STO RJP-STO CAW-STO MLO'),('03 Desember 2018','TSM-RJP-3',14,'','43.327','0,27','11.636','STO RJP-STO CAW-STO MLO'),('03 Desember 2018','TSM-RJP-3',15,'','43.367','0,37','16.200','STO RJP-STO CAW-STO MLO'),('03 Desember 2018','TSM-RJP-3',16,'','43.344','0,31','13.344','STO RJP-STO CAW-STO MLO'),('03 Desember 2018','TSM-RJP-3',17,'','3.033','2,87','8.718',''),('03 Desember 2018','TSM-RJP-3',18,'','43.376','0,32','13.865','STO RJP-STO CAW-STO MLO'),('03 Desember 2018','TSM-RJP-3',19,'','3.014','0,66','1.997',''),('03 Desember 2018','TSM-RJP-3',20,'','3.013','0,80','2.415',''),('03 Desember 2018','TSM-RJP-3',21,'','4.309','0,11','474',''),('03 Desember 2018','TSM-RJP-3',22,'','4.311','0,45','1.920',''),('03 Desember 2018','TSM-RJP-3',23,'','5.850','0,59','3.457',''),('03 Desember 2018','TSM-RJP-3',24,'','5.849','0,68','3.974',''),('03 Desember 2018','TSM-RJP-3',25,'','2.170','0,35','757',''),('03 Desember 2018','TSM-RJP-3',26,'','2.170','0,35','758',''),('03 Desember 2018','TSM-RJP-3',27,'','2.170','0,27','579',''),('03 Desember 2018','TSM-RJP-3',28,'','2.170','0,53','1.157',''),('03 Desember 2018','TSM-RJP-3',29,'','2.170','0,32','692',''),('03 Desember 2018','TSM-RJP-3',30,'','2.169','0,92','1.999',''),('03 Desember 2018','TSM-RJP-3',31,'','2.169','0,88','1.912',''),('03 Desember 2018','TSM-RJP-3',32,'','2.170','0,91','1.985',''),('03 Desember 2018','TSM-RJP-3',33,'','2.169','0,84','1.823',''),('03 Desember 2018','TSM-RJP-3',34,'','2.169','0,48','1.039',''),('03 Desember 2018','TSM-RJP-3',35,'','2.170','0,30','650',''),('03 Desember 2018','TSM-RJP-3',36,'','2.171','0,83','1.806',''),('03 Desember 2018','TSM-RJP-3',37,'','2.169','1,10','2.376',''),('03 Desember 2018','TSM-RJP-3',38,'','2.168','1,09','2.371',''),('03 Desember 2018','TSM-RJP-3',39,'','2.169','0,81','1.753',''),('03 Desember 2018','TSM-RJP-3',40,'','2.170','0,97','2.097',''),('03 Desember 2018','TSM-RJP-3',41,'','1.250','0,65','817',''),('03 Desember 2018','TSM-RJP-3',42,'','2.170','0,43','942',''),('03 Desember 2018','TSM-RJP-3',43,'','2.170','0,43','942',''),('03 Desember 2018','TSM-RJP-3',44,'','2.107','0,45','942',''),('03 Desember 2018','TSM-RJP-3',45,'','2.169','1,14','2.473',''),('03 Desember 2018','TSM-RJP-3',46,'','2.169','0,34','742',''),('03 Desember 2018','TSM-RJP-3',47,'','2.169','0,44','946',''),('03 Desember 2018','TSM-RJP-3',48,'','2.167','0,93','2.006',''),('03 Desember 2018','RJP-TSM-1',1,'','','','','SPLICE TO OTB CAW KU CORE 1'),('03 Desember 2018','RJP-TSM-1',2,'','','','','SPLICE TO OTB CAW KU CORE 2'),('03 Desember 2018','RJP-TSM-1',3,'','','','','SPLICE TO OTB CAW KU CORE 3'),('03 Desember 2018','RJP-TSM-1',4,'','','','','SPLICE TO OTB CAW KU CORE 4'),('03 Desember 2018','RJP-TSM-1',5,'','','','','SPLICE TO OTB CAW KU CORE 5'),('03 Desember 2018','RJP-TSM-1',6,'','','','','SPLICE TO OTB CAW KU CORE 6'),('03 Desember 2018','RJP-TSM-1',7,'','','','','SPLICE TO OTB CAW KU CORE 7'),('03 Desember 2018','RJP-TSM-1',8,'','','','','SPLICE TO OTB CAW KU CORE 8'),('03 Desember 2018','RJP-TSM-1',9,'','','','','SPLICE TO OTB CAW KU CORE 9'),('03 Desember 2018','RJP-TSM-1',10,'','','','','SPLICE TO OTB CAW KU CORE 10'),('03 Desember 2018','RJP-TSM-1',11,'','','','','SPLICE TO OTB CAW KU CORE 11'),('03 Desember 2018','RJP-TSM-1',12,'','','','','SPLICE TO OTB CAW KU CORE 12'),('03 Desember 2018','RJP-TSM-1',13,'','','','','NO PIGTAIL'),('03 Desember 2018','RJP-TSM-1',14,'','16.323','0,31','5.093','KOSONG IDLE'),('03 Desember 2018','RJP-TSM-1',15,'ISI','','','','METRO E 1G'),('03 Desember 2018','RJP-TSM-1',16,'ISI','','','','METRO E 1G'),('03 Desember 2018','RJP-TSM-1',17,'ISI','','','','METRO E 10G PORT 3/1/1'),('03 Desember 2018','RJP-TSM-1',18,'ISI','','','','METRO E 10G PORT 3/1/1'),('03 Desember 2018','RJP-TSM-1',19,'','33.248','0,70','23.163',''),('03 Desember 2018','RJP-TSM-1',20,'','16.328','0,30','4.838','KOSONG IDLE'),('03 Desember 2018','RJP-TSM-1',21,'','','','','NO PIGTAIL'),('03 Desember 2018','RJP-TSM-1',22,'','16.326','0,29','4.714','KOSONG IDLE'),('03 Desember 2018','RJP-TSM-1',23,'','','','','NO PIGTAIL'),('03 Desember 2018','RJP-TSM-1',24,'','','','','NO PIGTAIL'),('03 Desember 2018','RJP-TSM-1',25,'','','','','NO PIGTAIL'),('03 Desember 2018','RJP-TSM-1',26,'','','','','NO PIGTAIL'),('03 Desember 2018','RJP-TSM-1',27,'ISI','','','','TX TASIK CORE 3'),('03 Desember 2018','RJP-TSM-1',28,'ISI','','','','RX TASIK CORE 3'),('03 Desember 2018','RJP-TSM-1',29,'','','','','NO PIGTAIL'),('03 Desember 2018','RJP-TSM-1',30,'','','','','NO PIGTAIL'),('03 Desember 2018','RJP-TSM-1',31,'ISI','','','','GPON HUAWEI RJP'),('03 Desember 2018','RJP-TSM-1',32,'','','','','NO PIGTAIL'),('03 Desember 2018','RJP-TSM-1',33,'','','','','NO PIGTAIL'),('03 Desember 2018','RJP-TSM-1',34,'','','','','NO TRACE'),('03 Desember 2018','RJP-TSM-1',35,'','','','','NO PIGTAIL'),('03 Desember 2018','RJP-TSM-1',36,'','','','','NO PIGTAIL'),('03 Desember 2018','RJP-TSM-1',37,'ISI','','','','DSLAM'),('03 Desember 2018','RJP-TSM-1',38,'ISI','','','','DSLAM'),('03 Desember 2018','RJP-TSM-1',39,'','12.056','0,25','2.964','PUTUS'),('03 Desember 2018','RJP-TSM-1',40,'','12.057','0,25','3.052','PUTUS'),('03 Desember 2018','RJP-TSM-1',41,'','10.595','0,25','2.641','PUTUS'),('03 Desember 2018','RJP-TSM-1',42,'','10.597','0,26','2.726','PUTUS'),('03 Desember 2018','RJP-TSM-1',43,'','10.608','0,28','2.986','PUTUS'),('03 Desember 2018','RJP-TSM-1',44,'','10.608','0,28','2.986','PUTUS'),('03 Desember 2018','RJP-TSM-1',45,'ISI','','','','ONU FRG'),('03 Desember 2018','RJP-TSM-1',46,'ISI','','','','ONU FRG'),('03 Desember 2018','RJP-TSM-1',47,'ISI','','','','RDSLAM FRG'),('03 Desember 2018','RJP-TSM-1',48,'ISI','','','','RDSLAM FRG'),('03 Desember 2018','RJP-TSM-2',1,'','','','','SPLICE TO OTB CAW KT CORE 1'),('03 Desember 2018','RJP-TSM-2',2,'','','','','SPLICE TO OTB CAW KT CORE 2'),('03 Desember 2018','RJP-TSM-2',3,'','','','','SPLICE TO OTB CAW KT CORE 3'),('03 Desember 2018','RJP-TSM-2',4,'','','','','SPLICE TO OTB CAW KT CORE 4'),('03 Desember 2018','RJP-TSM-2',5,'','','','','SPLICE TO OTB CAW KT CORE 5'),('03 Desember 2018','RJP-TSM-2',6,'','','','','SPLICE TO OTB CAW KT CORE 6'),('03 Desember 2018','RJP-TSM-2',7,'','','','','SPLICE TO OTB CAW KT CORE 7'),('03 Desember 2018','RJP-TSM-2',8,'','','','','SPLICE TO OTB CAW KT CORE 8'),('03 Desember 2018','RJP-TSM-2',9,'','','','','SPLICE TO OTB CAW KT CORE 9'),('03 Desember 2018','RJP-TSM-2',10,'','','','','SPLICE TO OTB CAW KT CORE 10'),('03 Desember 2018','RJP-TSM-2',11,'','','','','SPLICE TO OTB CAW KT CORE 11'),('03 Desember 2018','RJP-TSM-2',12,'','','','','SPLICE TO OTB CAW KT CORE 12'),('03 Desember 2018','RJP-TSM-2',13,'ISI','','','','OSN TISEL RJP-BTS CIHAURBETI'),('03 Desember 2018','RJP-TSM-2',14,'ISI','','','','OSN TISEL RJP-BTS CIHAURBETI'),('03 Desember 2018','RJP-TSM-2',15,'ISI','','','','OSN TISEL RJP-BTS GN CUPU'),('03 Desember 2018','RJP-TSM-2',16,'ISI','','','','OSN TISEL RJP-BTS GN CUPU'),('03 Desember 2018','RJP-TSM-2',17,'','','','','NO TRACE'),('03 Desember 2018','RJP-TSM-2',18,'','','','','NO TRACE'),('03 Desember 2018','RJP-TSM-2',19,'','16.330','0,30','4.958',''),('03 Desember 2018','RJP-TSM-2',20,'','15.573','0,27','4.238',''),('03 Desember 2018','RJP-TSM-2',21,'ISI','','','','METRO CKJ PORT 1/2/2'),('03 Desember 2018','RJP-TSM-2',22,'ISI','','','','METRO CKJ PORT 1/2/2'),('03 Desember 2018','RJP-TSM-2',23,'','37.803','1,36','51.594',''),('03 Desember 2018','RJP-TSM-2',24,'','42.741','1,38','59.010',''),('03 Desember 2018','RJP-TSM-2',25,'ISI','','','','TISEL RJP-CKO'),('03 Desember 2018','RJP-TSM-2',26,'ISI','','','','TISEL RJP-CKO'),('03 Desember 2018','RJP-TSM-2',27,'','1.558','2,83','4.406',''),('03 Desember 2018','RJP-TSM-2',28,'ISI','','','','INER CBT ZTE M920'),('03 Desember 2018','RJP-TSM-2',29,'','1.558','2,69','4.187',''),('03 Desember 2018','RJP-TSM-2',30,'','55.027','0,68','37.660',''),('03 Desember 2018','RJP-TSM-2',31,'ISI','','','','METRO RJP PORT 2/1/2'),('03 Desember 2018','RJP-TSM-2',32,'','','','','NO TRACE'),('03 Desember 2018','RJP-TSM-2',33,'','','','','NO TRACE'),('03 Desember 2018','RJP-TSM-2',34,'','','','','NO TRACE'),('03 Desember 2018','RJP-TSM-2',35,'','30.991','0,25','7.721',''),('03 Desember 2018','RJP-TSM-2',36,'ISI','','','','METRO RJP PORT 2/1/2'),('03 Desember 2018','RJP-TSM-2',37,'','1.559','2,70','4.211',''),('03 Desember 2018','RJP-TSM-2',38,'ISI','','','','INER CBT'),('03 Desember 2018','RJP-TSM-2',39,'','1.559','2,55','3.979',''),('03 Desember 2018','RJP-TSM-2',40,'','1.559','2,61','4.074',''),('03 Desember 2018','RJP-TSM-2',41,'TC','','','','NO PIGTAIL'),('03 Desember 2018','RJP-TSM-2',42,'TC','','','','NO PIGTAIL'),('03 Desember 2018','RJP-TSM-2',43,'ISI','','','','RMJ RING 7 MLO'),('03 Desember 2018','RJP-TSM-2',44,'ISI','','','','RMJ RING 7 MLO'),('03 Desember 2018','RJP-TSM-2',45,'TC','','','','NO PIGTAIL'),('03 Desember 2018','RJP-TSM-2',46,'TC','','','','NO PIGTAIL'),('03 Desember 2018','RJP-TSM-2',47,'ISI','','','','ZTE M920 CKJ'),('03 Desember 2018','RJP-TSM-2',48,'ISI','','','','ZTE M920 CKJ'),('03 Desember 2018','RJP-CKJ',1,'','43.792','0,23','10.168',''),('03 Desember 2018','RJP-CKJ',2,'','43.790','0,24','10.472',''),('03 Desember 2018','RJP-CKJ',3,'','18.452','0,23','4.309',''),('03 Desember 2018','RJP-CKJ',4,'','43.784','0,23','9.870',''),('03 Desember 2018','RJP-CKJ',5,'','43.787','0,23','10.200',''),('03 Desember 2018','RJP-CKJ',6,'','43.779','0,23','9.992',''),('03 Desember 2018','RJP-CKJ',7,'','43.797','0,25','11.100',''),('03 Desember 2018','RJP-CKJ',8,'','43.787','0,24','10.320',''),('03 Desember 2018','RJP-CKJ',9,'','43.782','0,24','10.512',''),('03 Desember 2018','RJP-CKJ',10,'','43.790','0,24','10.316',''),('03 Desember 2018','RJP-CKJ',11,'','','','','TC TO OTB RJP-TSM KT 48'),('03 Desember 2018','RJP-CKJ',12,'','','','','TC TO OTB RJP-TSM KT 48'),('03 Desember 2018','RJP-CKJ',13,'','18.444','0,23','4.275',''),('03 Desember 2018','RJP-CKJ',14,'','18.444','0,24','4.364',''),('03 Desember 2018','RJP-CKJ',15,'','','','','No pigtail'),('03 Desember 2018','RJP-CKJ',16,'','','','','No pigtail'),('03 Desember 2018','RJP-CKJ',17,'','18.444','0,24','4.365',''),('03 Desember 2018','RJP-CKJ',18,'','18.441','0,24','4.388',''),('03 Desember 2018','RJP-CKJ',19,'','18.439','0,23','4.326',''),('03 Desember 2018','RJP-CKJ',20,'','18.439','0,23','4.323','BENDING DI KM 18.44 (19.364)'),('03 Desember 2018','RJP-CKJ',21,'','18.441','0,24','4.470',''),('03 Desember 2018','RJP-CKJ',22,'','18.439','0,24','4.413',''),('03 Desember 2018','RJP-CKJ',23,'','18.447','0,25','4.599',''),('03 Desember 2018','RJP-CKJ',24,'','18.444','0,24','4.420',''),('03 Desember 2018','RJP-CKJ',25,'','43.802','0,24','10.457',''),('03 Desember 2018','RJP-CKJ',26,'','43.807','0,23','9.864',''),('03 Desember 2018','RJP-CKJ',27,'','42.608','0,25','10.524',''),('03 Desember 2018','RJP-CKJ',28,'','43.800','0,23','10.262',''),('03 Desember 2018','RJP-CKJ',29,'','43.800','0,23','10.228',''),('03 Desember 2018','RJP-CKJ',30,'','43.800','0,24','10.305',''),('03 Desember 2018','RJP-CKJ',31,'','43.800','0,23','10.266',''),('03 Desember 2018','RJP-CKJ',32,'','','','','No pigtail'),('03 Desember 2018','RJP-CKJ',33,'','','','','No pigtail'),('03 Desember 2018','RJP-CKJ',34,'','43.802','0,23','10.280',''),('03 Desember 2018','RJP-CKJ',35,'','43.802','0,23','10.136',''),('03 Desember 2018','RJP-CKJ',36,'','43.797','0,24','10.423',''),('03 Desember 2018','RJP-CKJ',37,'','36.036','0,24','8.681',''),('03 Desember 2018','RJP-CKJ',38,'','25.794','0,23','6.049',''),('03 Desember 2018','RJP-CKJ',39,'','43.790','0,24','10.612',''),('03 Desember 2018','RJP-CKJ',40,'','29.480','0,26','7.624',''),('03 Desember 2018','RJP-CKJ',41,'','','','','TC TO OTB RJP-TSM KT 48'),('03 Desember 2018','RJP-CKJ',42,'','','','','TC TO OTB RJP-TSM KT 48'),('03 Desember 2018','RJP-CKJ',43,'','43.779','0,23','10.196',''),('03 Desember 2018','RJP-CKJ',44,'','42.784','0,24','10.102',''),('03 Desember 2018','RJP-CKJ',45,'','','','','TC TO OTB RJP-TSM KT 48 core 45'),('03 Desember 2018','RJP-CKJ',46,'','','','','TC TO OTB RJP-TSM KT 48 core 46'),('03 Desember 2018','RJP-CKJ',47,'','','','','TC TO OTB RJP-TSM KT 48 core 47'),('03 Desember 2018','RJP-CKJ',48,'','','','','TC TO OTB RJP-TSM KT 48 core 48'),('03 Desember 2018','RJP-CAW-1',1,'','','','','Splice to otb RJP-TSM KU 48 CORE 1'),('03 Desember 2018','RJP-CAW-1',2,'','','','','Splice to otb RJP-TSM KU 48 CORE 2'),('03 Desember 2018','RJP-CAW-1',3,'','','','','Splice to otb RJP-TSM KU 48 CORE 3'),('03 Desember 2018','RJP-CAW-1',4,'','','','','Splice to otb RJP-TSM KU 48 CORE 4'),('03 Desember 2018','RJP-CAW-1',5,'','','','','Splice to otb RJP-TSM KU 48 CORE 5'),('03 Desember 2018','RJP-CAW-1',6,'','','','','Splice to otb RJP-TSM KU 48 CORE 6'),('03 Desember 2018','RJP-CAW-1',7,'','','','','Splice to otb RJP-TSM KU 48 CORE 7'),('03 Desember 2018','RJP-CAW-1',8,'','','','','Splice to otb RJP-TSM KU 48 CORE 8'),('03 Desember 2018','RJP-CAW-1',9,'','','','','Splice to otb RJP-TSM KU 48 CORE 9'),('03 Desember 2018','RJP-CAW-1',10,'','','','','Splice to otb RJP-TSM KU 48 CORE 10'),('03 Desember 2018','RJP-CAW-1',11,'','','','','Splice to otb RJP-TSM KU 48 CORE 11'),('03 Desember 2018','RJP-CAW-1',12,'','','','','Splice to otb RJP-TSM KU 48 CORE 12'),('03 Desember 2018','RJP-CAW-1',13,'','12.566','0,57','7.114',''),('03 Desember 2018','RJP-CAW-1',14,'','23.595','0,25','5.783',''),('03 Desember 2018','RJP-CAW-1',15,'','12.555','0,36','4.554',''),('03 Desember 2018','RJP-CAW-1',16,'','12.566','0,45','5.655',''),('03 Desember 2018','RJP-CAW-1',17,'','12.561','0,34','4.315',''),('03 Desember 2018','RJP-CAW-1',18,'','13.590','0,29','3.897',''),('03 Desember 2018','RJP-CAW-1',19,'','12.552','0,41','5.167',''),('03 Desember 2018','RJP-CAW-1',20,'','12.564','0,47','5.888',''),('03 Desember 2018','RJP-CAW-1',21,'','','','','No pigtail'),('03 Desember 2018','RJP-CAW-1',22,'','12.566','0,57','7.150',''),('03 Desember 2018','RJP-CAW-1',23,'','','','','No pigtail'),('03 Desember 2018','RJP-CAW-1',24,'','12.563','0,58','7.269',''),('03 Desember 2018','RJP-CAW-1',25,'','','','',''),('03 Desember 2018','RJP-CAW-1',26,'','12.570','0,30','3.717',''),('03 Desember 2018','RJP-CAW-1',27,'','12.559','0,35','4.444',''),('03 Desember 2018','RJP-CAW-1',28,'','12.572','0,32','4.068',''),('03 Desember 2018','RJP-CAW-1',29,'','86.289','0,04','3.403',''),('03 Desember 2018','RJP-CAW-1',30,'','','','','No pigtail'),('03 Desember 2018','RJP-CAW-1',31,'','12.560','0,29','3.604',''),('03 Desember 2018','RJP-CAW-1',32,'','','','','No pigtail'),('03 Desember 2018','RJP-CAW-1',33,'','','','','No pigtail'),('03 Desember 2018','RJP-CAW-1',34,'','','','','No pigtail'),('03 Desember 2018','RJP-CAW-1',35,'ISI','','','','RDSLAM FRJ'),('03 Desember 2018','RJP-CAW-1',36,'','13.781','0,31','4.249',''),('03 Desember 2018','RJP-CAW-1',37,'','12.586','0,38','4.751',''),('03 Desember 2018','RJP-CAW-1',38,'','12.584','0,29','3.611',''),('03 Desember 2018','RJP-CAW-1',39,'','12.582','0,29','3.667',''),('03 Desember 2018','RJP-CAW-1',40,'','12.586','0,39','4.950',''),('03 Desember 2018','RJP-CAW-1',41,'','94.124','0,04','3.833',''),('03 Desember 2018','RJP-CAW-1',42,'','94.162','0,04','4.062',''),('03 Desember 2018','RJP-CAW-1',43,'','94.137','0,04','3.324',''),('03 Desember 2018','RJP-CAW-1',44,'','94.175','0,04','3.895',''),('03 Desember 2018','RJP-CAW-1',45,'ISI','','','','ONU FRJ'),('03 Desember 2018','RJP-CAW-1',46,'ISI','','','','ONU FRJ'),('03 Desember 2018','RJP-CAW-1',47,'','','','','No pigtail'),('03 Desember 2018','RJP-CAW-1',48,'ISI','','','','RDSLAM FRJ'),('03 Desember 2018','RJP-CAW-2',1,'','','','','Splice to otb RJP-TSM Kt 48 CORE 1'),('03 Desember 2018','RJP-CAW-2',2,'','','','','Splice to otb RJP-TSM Kt 48 CORE 2'),('03 Desember 2018','RJP-CAW-2',3,'','','','','Splice to otb RJP-TSM Kt 48 CORE 3'),('03 Desember 2018','RJP-CAW-2',4,'','','','','Splice to otb RJP-TSM Kt 48 CORE 4'),('03 Desember 2018','RJP-CAW-2',5,'','','','','Splice to otb RJP-TSM Kt 48 CORE 5'),('03 Desember 2018','RJP-CAW-2',6,'','','','','Splice to otb RJP-TSM Kt 48 CORE 6'),('03 Desember 2018','RJP-CAW-2',7,'','','','','Splice to otb RJP-TSM Kt 48 CORE 7'),('03 Desember 2018','RJP-CAW-2',8,'','','','','Splice to otb RJP-TSM Kt 48 CORE 8'),('03 Desember 2018','RJP-CAW-2',9,'','','','','Splice to otb RJP-TSM Kt 48 CORE 9'),('03 Desember 2018','RJP-CAW-2',10,'','','','','Splice to otb RJP-TSM Kt 48 CORE 10'),('03 Desember 2018','RJP-CAW-2',11,'','','','','Splice to otb RJP-TSM Kt 48 CORE 11'),('03 Desember 2018','RJP-CAW-2',12,'','','','','Splice to otb RJP-TSM Kt 48 CORE 12'),('03 Desember 2018','RJP-CAW-2',13,'','20.054','0,31','6.238',''),('03 Desember 2018','RJP-CAW-2',14,'','12.019','0,22','2.605',''),('03 Desember 2018','RJP-CAW-2',15,'','14.994','0,26','3.875',''),('03 Desember 2018','RJP-CAW-2',16,'','20.049','0,26','5.238',''),('03 Desember 2018','RJP-CAW-2',17,'','','','','NO TRACE'),('03 Desember 2018','RJP-CAW-2',18,'','15.573','0,26','4.104',''),('03 Desember 2018','RJP-CAW-2',19,'','20.053','0,27','5.412',''),('03 Desember 2018','RJP-CAW-2',20,'','20.052','0,25','5.087',''),('03 Desember 2018','RJP-CAW-2',21,'','12.018','0,21','2.560',''),('03 Desember 2018','RJP-CAW-2',22,'ISI','','','','FR CAW'),('03 Desember 2018','RJP-CAW-2',23,'ISI','','','','FR CAW'),('03 Desember 2018','RJP-CAW-2',24,'','12.018','0,22','2.618',''),('03 Desember 2018','RJP-CAW-2',25,'','','','','TC TO OTB RJP-CAW KU 48 CORE 25'),('03 Desember 2018','RJP-CAW-2',26,'','','','','TC TO OTB RJP-CAW KU 48 CORE 25'),('03 Desember 2018','RJP-CAW-2',27,'ISI','','','','TO METRO PORT 3/1/2'),('03 Desember 2018','RJP-CAW-2',28,'','12.027','0,24','2.890',''),('03 Desember 2018','RJP-CAW-2',29,'','12.027','0,21','2.547',''),('03 Desember 2018','RJP-CAW-2',30,'','30.988','0,31','9.577',''),('03 Desember 2018','RJP-CAW-2',31,'ISI','','','','TO METRO PORT 3/1/2'),('03 Desember 2018','RJP-CAW-2',32,'','20.065','0,25','4.918',''),('03 Desember 2018','RJP-CAW-2',33,'','','','','NO TRACE'),('03 Desember 2018','RJP-CAW-2',34,'','20.065','0,26','5.158',''),('03 Desember 2018','RJP-CAW-2',35,'','','','','NO PIGTAIL'),('03 Desember 2018','RJP-CAW-2',36,'','12.024','0,22','2.593',''),('03 Desember 2018','RJP-CAW-2',37,'','','','','NO PIGTAIL'),('03 Desember 2018','RJP-CAW-2',38,'','','','','NO PIGTAIL'),('03 Desember 2018','RJP-CAW-2',39,'','12.033','0,22','2.639',''),('03 Desember 2018','RJP-CAW-2',40,'','','','','NO TRACE'),('03 Desember 2018','RJP-CAW-2',41,'','','','','NO PIGTAIL'),('03 Desember 2018','RJP-CAW-2',42,'','12.034','0,22','2.656',''),('03 Desember 2018','RJP-CAW-2',43,'','','','','NO TRACE'),('03 Desember 2018','RJP-CAW-2',44,'','','','','NO TRACE'),('03 Desember 2018','RJP-CAW-2',45,'ISI','','','','ONU FRJ '),('03 Desember 2018','RJP-CAW-2',46,'ISI','','','','ONU FRJ '),('03 Desember 2018','RJP-CAW-2',47,'ISI','','','','Huawei rx'),('03 Desember 2018','RJP-CAW-2',48,'ISI','','','','Huawei tx'),('03 Desember 2018','CAW-MLO-1',1,'','','','','TC TO OTB KT48 CIW-RJP CORE 38'),('03 Desember 2018','CAW-MLO-1',2,'','','','','NO TRACE'),('03 Desember 2018','CAW-MLO-1',3,'','','','','NO TRACE'),('03 Desember 2018','CAW-MLO-1',4,'','','','','NO TRACE'),('03 Desember 2018','CAW-MLO-1',5,'','','','','NO TRACE'),('03 Desember 2018','CAW-MLO-1',6,'','','','','NO TRACE'),('03 Desember 2018','CAW-MLO-1',7,'','1.221','0,59','726','PUTUS'),('03 Desember 2018','CAW-MLO-1',8,'ISI','','','','METRO MLO PORT 2/1/2-CAW PORT 2/1/2'),('03 Desember 2018','CAW-MLO-1',9,'','14.464','0,52','7.575','BENDING KM 1.35'),('03 Desember 2018','CAW-MLO-1',10,'ISI','','','','METRO MLO PORT 2/1/2-CAW PORT 2/1/2'),('03 Desember 2018','CAW-MLO-1',11,'','','','','NO TRACE'),('03 Desember 2018','CAW-MLO-1',12,'','','','','NO TRACE'),('03 Desember 2018','CAW-MLO-1',13,'','14.418','0,39','5.680',''),('03 Desember 2018','CAW-MLO-1',14,'','14.450','0,68','9.805','BENDING KM 3.402/4.83'),('03 Desember 2018','CAW-MLO-1',15,'','14.451','0,39','5.570','BENDING KM 8.426/1.47'),('03 Desember 2018','CAW-MLO-1',16,'','','','','TC TO OTB CAW-RJP'),('03 Desember 2018','CAW-MLO-1',17,'','14.428','0,40','5.705',''),('03 Desember 2018','CAW-MLO-1',18,'','14.419','0,41','5.946',''),('03 Desember 2018','CAW-MLO-1',19,'','8.764','0,51','4.488',''),('03 Desember 2018','CAW-MLO-1',20,'','','','','TC TO OTB CAW-RJP CORE 43'),('03 Desember 2018','CAW-MLO-1',21,'ISI','','','','ISI NO LABEL NO 2'),('03 Desember 2018','CAW-MLO-1',22,'','14.426','0,48','6.959',''),('03 Desember 2018','CAW-MLO-1',23,'','','','','TC TO OTB CAW-RJP CORE 37'),('03 Desember 2018','CAW-MLO-1',24,'ISI','','','','ISI NO LABEL NO 1'),('03 Desember 2018','CAW-MLO-1',25,'','8.761','0,44','3.881',''),('03 Desember 2018','CAW-MLO-1',26,'','8.757','0,43','3.740',''),('03 Desember 2018','CAW-MLO-1',27,'','8.762','0,37','3.285',''),('03 Desember 2018','CAW-MLO-1',28,'','8.760','0,38','3.327',''),('03 Desember 2018','CAW-MLO-1',29,'','8.757','0,38','3.335',''),('03 Desember 2018','CAW-MLO-1',30,'','1.270','0,29','362',''),('03 Desember 2018','CAW-MLO-1',31,'','8.768','0,49','4.326',''),('03 Desember 2018','CAW-MLO-1',32,'','8.766','0,43','3.775',''),('03 Desember 2018','CAW-MLO-1',33,'','','','','NO TRACE'),('03 Desember 2018','CAW-MLO-1',34,'','','','','NO TRACE'),('03 Desember 2018','CAW-MLO-1',35,'','14.459','0,32','4.575',''),('03 Desember 2018','CAW-MLO-1',36,'','14.440','0,35','5.051',''),('03 Desember 2018','CAW-MLO-1',37,'','','','','NO TRACE'),('03 Desember 2018','CAW-MLO-1',38,'','','','','NO TRACE'),('03 Desember 2018','CAW-MLO-1',39,'','','','','NO TRACE'),('03 Desember 2018','CAW-MLO-1',40,'','','','','NO TRACE'),('03 Desember 2018','CAW-MLO-1',41,'','1.221','1,44','1.763',''),('03 Desember 2018','CAW-MLO-1',42,'','1.221','1,50','1.837',''),('03 Desember 2018','CAW-MLO-1',43,'','1.222','0,63','773',''),('03 Desember 2018','CAW-MLO-1',44,'','1.222','0,49','593',''),('03 Desember 2018','CAW-MLO-1',45,'','1.222','1,50','1.834',''),('03 Desember 2018','CAW-MLO-1',46,'','1.222','0,45','553',''),('03 Desember 2018','CAW-MLO-1',47,'','','','','NO PIIGTAIL'),('03 Desember 2018','CAW-MLO-1',48,'','1.222','0,39','472',''),('03 Desember 2018','CAW-MLO-2',1,'','','','','NO PIGTAIL'),('03 Desember 2018','CAW-MLO-2',2,'','','','','NO PIGTAIL'),('03 Desember 2018','CAW-MLO-2',3,'','','','','NO PIGTAIL'),('03 Desember 2018','CAW-MLO-2',4,'','','','','NO PIGTAIL'),('03 Desember 2018','CAW-MLO-2',5,'','14.953','0,24','3.647',''),('03 Desember 2018','CAW-MLO-2',6,'','14.938','0,25','3.727',''),('03 Desember 2018','CAW-MLO-2',7,'','','','','NO PIGTAIL'),('03 Desember 2018','CAW-MLO-2',8,'','','','','NO PIGTAIL'),('03 Desember 2018','CAW-MLO-2',9,'','6.413','0,31','1.964',''),('03 Desember 2018','CAW-MLO-2',10,'','14.945','0,23','3.387',''),('03 Desember 2018','CAW-MLO-2',11,'','14.945','0,26','3.893',''),('03 Desember 2018','CAW-MLO-2',12,'','14.928','0,23','3.507',''),('03 Desember 2018','CAW-MLO-2',13,'','','','','NO PIGTAIL'),('03 Desember 2018','CAW-MLO-2',14,'','14.947','0,22','3.239',''),('03 Desember 2018','CAW-MLO-2',15,'','','','','NO PIGTAIL'),('03 Desember 2018','CAW-MLO-2',16,'','','','','NO PIGTAIL'),('03 Desember 2018','CAW-MLO-2',17,'','','','','NO PIGTAIL'),('03 Desember 2018','CAW-MLO-2',18,'','','','','NO PIGTAIL'),('03 Desember 2018','CAW-MLO-2',19,'','','','','NO PIGTAIL'),('03 Desember 2018','CAW-MLO-2',20,'','','','','NO PIGTAIL'),('03 Desember 2018','CAW-MLO-2',21,'','','','','NO PIGTAIL'),('03 Desember 2018','CAW-MLO-2',22,'','','','','NO PIGTAIL'),('03 Desember 2018','CAW-MLO-2',23,'','14.942','0,24','3.579',''),('03 Desember 2018','CAW-MLO-2',24,'','','','','NO PIGTAIL'),('03 Desember 2018','CAW-MLO-2',25,'','8.114','0,24','1.964',''),('03 Desember 2018','CAW-MLO-2',26,'','8.114','0,24','1.964',''),('03 Desember 2018','CAW-MLO-2',27,'','14.941','0,23','3.398',''),('03 Desember 2018','CAW-MLO-2',28,'','14.937','0,23','3.418',''),('03 Desember 2018','CAW-MLO-2',29,'','14.955','0,22','3.358',''),('03 Desember 2018','CAW-MLO-2',30,'','14.939','0,29','4.286',''),('03 Desember 2018','CAW-MLO-2',31,'','14.932','0,33','4.936',''),('03 Desember 2018','CAW-MLO-2',32,'','','','','SPLICE TO OTB CAW-MLO LAMA INER ZTE'),('03 Desember 2018','CAW-MLO-2',33,'','','','','SPLICE TO OTB CAW-MLO LAMA INER ZTE'),('03 Desember 2018','CAW-MLO-2',34,'','','','','SPLICE TO OTB CAW-MLO LAMA OUTER HUAWEI'),('03 Desember 2018','CAW-MLO-2',35,'','','','','SPLICE TO OTB CAW-MLO LAMA OUTER HUAWEI'),('03 Desember 2018','CAW-MLO-2',36,'','14.929','0,26','3.846',''),('03 Desember 2018','CAW-MLO-2',37,'','','','','NO TRACE'),('03 Desember 2018','CAW-MLO-2',38,'','14.953','0,24','3.538',''),('03 Desember 2018','CAW-MLO-2',39,'','14.973','0,23','3.485',''),('03 Desember 2018','CAW-MLO-2',40,'','','','','NO TRACE'),('03 Desember 2018','CAW-MLO-2',41,'','14.956','0,34','5.075',''),('03 Desember 2018','CAW-MLO-2',42,'','14.949','0,28','4.221',''),('03 Desember 2018','CAW-MLO-2',43,'','14.945','0,26','3.837',''),('03 Desember 2018','CAW-MLO-2',44,'','14.946','0,29','4.370',''),('03 Desember 2018','CAW-MLO-2',45,'','14.954','0,23','3.495',''),('03 Desember 2018','CAW-MLO-2',46,'','','','','NO TRACE'),('03 Desember 2018','CAW-MLO-2',47,'','14.951','0,47','7.064',''),('03 Desember 2018','CAW-MLO-2',48,'','14.944','0,25','3.730',''),('03 Desember 2018','CAW-KWL',1,'',' 36.574 ','0,26',' 9.618 ',''),('03 Desember 2018','CAW-KWL',2,'',' 36.578 ','0,25',' 9.124 ','BENDING KM 1.004/0.94'),('03 Desember 2018','CAW-KWL',3,'',' 36.576 ','0,23',' 8.581 ',''),('03 Desember 2018','CAW-KWL',4,'',' 36.575 ','0,30',' 10.955 ',''),('03 Desember 2018','CAW-KWL',5,' ISI ','','','','TRUNK METRO CAW'),('03 Desember 2018','CAW-KWL',6,' ISI ','','','','TRUNK METRO CAW'),('03 Desember 2018','CAW-KWL',7,' ISI ','','','','TRUNK METRO CAW'),('03 Desember 2018','CAW-KWL',8,' ISI ','','','','TRUNK METRO CAW'),('03 Desember 2018','CAW-KWL',9,'',' 36.576 ','0,25',' 9.156 ',''),('03 Desember 2018','CAW-KWL',10,'',' 36.563 ','0,24',' 8.832 ',''),('03 Desember 2018','CAW-KWL',11,'',' 32.229 ','0,23',' 7.484 ',''),('03 Desember 2018','CAW-KWL',12,'',' 36.569 ','0,23',' 8.518 ',''),('03 Desember 2018','CAW-KWL',13,'',' 18.956 ','0,31',' 5.853 ','BENDING KM 9.958/1.30'),('03 Desember 2018','CAW-KWL',14,'',' 18.956 ','0,35',' 6.640 ','BENDING KM 9.607/1.84'),('03 Desember 2018','CAW-KWL',15,'',' 18.957 ','0,39',' 7.366 ','BENDING KM 9.616/2.58'),('03 Desember 2018','CAW-KWL',16,' ISI ','','','','ISI NO LABEL'),('03 Desember 2018','CAW-KWL',17,'',' 18.956 ','0,31',' 5.955 ',''),('03 Desember 2018','CAW-KWL',18,' ISI ','','','','ISI NO LABEL'),('03 Desember 2018','CAW-KWL',19,'',' 18.959 ','0,34',' 6.439 ',''),('03 Desember 2018','CAW-KWL',20,'',' 18.959 ','0,34',' 6.463 ',''),('03 Desember 2018','CAW-KWL',21,'',' 18.959 ','0,34',' 6.463 ',''),('03 Desember 2018','CAW-KWL',22,'',' 18.959 ','0,29',' 5.589 ',''),('03 Desember 2018','CAW-KWL',23,'',' 18.960 ','0,31',' 5.909 ',''),('03 Desember 2018','CAW-KWL',24,'',' 18.956 ','0,24',' 4.641 ',''),('03 Desember 2018','CAW-RJP-1',1,'','','','','NO PIGTAIL'),('03 Desember 2018','CAW-RJP-1',2,'','','','','NO PIGTAIL'),('03 Desember 2018','CAW-RJP-1',3,'','','','','NO PIGTAIL'),('03 Desember 2018','CAW-RJP-1',4,'','','','','NO PIGTAIL'),('03 Desember 2018','CAW-RJP-1',5,'','','','','NO PIGTAIL'),('03 Desember 2018','CAW-RJP-1',6,'','','','','NO PIGTAIL'),('03 Desember 2018','CAW-RJP-1',7,'','','','','NO PIGTAIL'),('03 Desember 2018','CAW-RJP-1',8,'','','','','NO PIGTAIL'),('03 Desember 2018','CAW-RJP-1',9,'','','','','NO PIGTAIL'),('03 Desember 2018','CAW-RJP-1',10,'','','','','NO PIGTAIL'),('03 Desember 2018','CAW-RJP-1',11,'','','','','NO PIGTAIL'),('03 Desember 2018','CAW-RJP-1',12,'','','','','NO PIGTAIL'),('03 Desember 2018','CAW-RJP-1',13,'','12.566','0,41','5.177','BENDING KM 5.915/0.94'),('03 Desember 2018','CAW-RJP-1',14,'','10.211','0,28','2.899','BENDING KM 5.923/0.81'),('03 Desember 2018','CAW-RJP-1',15,'','12.546','0,27','3.447',''),('03 Desember 2018','CAW-RJP-1',16,'','12.569','0,28','3.561',''),('03 Desember 2018','CAW-RJP-1',17,'','12.564','0,25','3.198',''),('03 Desember 2018','CAW-RJP-1',18,'','11.209','0,32','3.563','BENDING KM 5.917/0.87'),('03 Desember 2018','CAW-RJP-1',19,'','12.555','0,30','3.818',''),('03 Desember 2018','CAW-RJP-1',20,'','12.566','0,34','4.241',''),('03 Desember 2018','CAW-RJP-1',21,'','','','','TC TO OTB CAW-MLO KT 48 LAMA'),('03 Desember 2018','CAW-RJP-1',22,'','12.569','0,31','3.924','BENDING KM 5.919/0.77'),('03 Desember 2018','CAW-RJP-1',23,'','','','','TC TO OTB CAW-MLO KT 48 LAMA'),('03 Desember 2018','CAW-RJP-1',24,'','12.565','0,30','3.799','BENDING KM 5.919/0.88'),('03 Desember 2018','CAW-RJP-1',25,'','12.565','0,29','3.587',''),('03 Desember 2018','CAW-RJP-1',26,'','','','','NO TRACE'),('03 Desember 2018','CAW-RJP-1',27,'','12.561','0,30','3.789',''),('03 Desember 2018','CAW-RJP-1',28,'','12.574','0,31','3.841','BENDING KM 5.915/0.81'),('03 Desember 2018','CAW-RJP-1',29,'','3.920','0,22','867',''),('03 Desember 2018','CAW-RJP-1',30,'','','','','TC TO OTB CAW-MLO KT 48 LAMA'),('03 Desember 2018','CAW-RJP-1',31,'','12.563','0,27','3.400',''),('03 Desember 2018','CAW-RJP-1',32,'','','','','TC TO OTB CAW-MLO KT 48 LAMA'),('03 Desember 2018','CAW-RJP-1',33,'','','','','TC TO OTB CAW-MLO KT 48 LAMA'),('03 Desember 2018','CAW-RJP-1',34,'','','','','TC TO OTB CAW-MLO KT 48 LAMA'),('03 Desember 2018','CAW-RJP-1',35,'','','','','TC TO OTB CAW-MLO KT 48 LAMA'),('03 Desember 2018','CAW-RJP-1',36,'','','','','TC TO OTB CAW-MLO KT 48 LAMA'),('03 Desember 2018','CAW-RJP-1',37,'','12.586','0,27','3.430',''),('03 Desember 2018','CAW-RJP-1',38,'','12.584','0,27','3.398',''),('03 Desember 2018','CAW-RJP-1',39,'','12.584','0,28','3.516',''),('03 Desember 2018','CAW-RJP-1',40,'','12.588','0,32','3.995','BENDING KM 5.927/0.77'),('03 Desember 2018','CAW-RJP-1',41,'','7.489','0,92','6.894','BENDING KM 3.433/1.10-4.421/3.05-4.961/1.13'),('03 Desember 2018','CAW-RJP-1',42,' ISI ','','','','DSLAM FRK'),('03 Desember 2018','CAW-RJP-1',43,' ISI ','','','','ONU FRN'),('03 Desember 2018','CAW-RJP-1',44,' ISI ','','','','ONU FRN'),('03 Desember 2018','CAW-RJP-1',45,' ISI ','','','','DSLAM FRK'),('03 Desember 2018','CAW-RJP-1',46,' ISI ','','','','ONU'),('03 Desember 2018','CAW-RJP-1',47,' ISI ','','','','ONU'),('03 Desember 2018','CAW-RJP-1',48,' ISI ','','','','ONU'),('03 Desember 2018','CAW-RJP-2',1,'','27.602','0,26','7.043',''),('03 Desember 2018','CAW-RJP-2',2,'','27.601','0,25','6.950',''),('03 Desember 2018','CAW-RJP-2',3,'','27.602','0,25','6.914',''),('03 Desember 2018','CAW-RJP-2',4,'','27.602','0,25','6.980',''),('03 Desember 2018','CAW-RJP-2',5,'','27.602','0,25','6.980',''),('03 Desember 2018','CAW-RJP-2',6,'','27.601','0,25','6.777',''),('03 Desember 2018','CAW-RJP-2',7,'','','','','TC TO OTB CAW-MLO KT 48 LAMA CORE 1'),('03 Desember 2018','CAW-RJP-2',8,'','','','','TC TO OTB CAW-MLO KT 48 LAMA CORE 12'),('03 Desember 2018','CAW-RJP-2',9,'','27.599','0,25','6.823',''),('03 Desember 2018','CAW-RJP-2',10,'','27.600','0,24','6.679',''),('03 Desember 2018','CAW-RJP-2',11,'','','','','NO TRACE'),('03 Desember 2018','CAW-RJP-2',12,'','27.597','0,24','6.717',''),('03 Desember 2018','CAW-RJP-2',13,'','','','','TC TO OTB CAW-MLO KT 48 NEW CORE 13'),('03 Desember 2018','CAW-RJP-2',14,'','','','','TC TO OTB CAW-MLO KT 48 NEW CORE 24'),('03 Desember 2018','CAW-RJP-2',15,'','12.020','0,22','2.605',''),('03 Desember 2018','CAW-RJP-2',16,'','','','','TC TO OTB CAW-MLO KT 48 NEW CORE 16'),('03 Desember 2018','CAW-RJP-2',17,'','','','','TC TO OTB CAW-MLO KT 48 NEW CORE 15'),('03 Desember 2018','CAW-RJP-2',18,'','','','','NO PIGTAIL'),('03 Desember 2018','CAW-RJP-2',19,'','','','','TC TO OTB CW-MLO KT 48 NEW CORE 19'),('03 Desember 2018','CAW-RJP-2',20,'','','','','TC TO OTB CW-MLO KT 48 NEW CORE 20'),('03 Desember 2018','CAW-RJP-2',21,'','12.019','0,22','2.589',''),('03 Desember 2018','CAW-RJP-2',22,' ISI ','','','','METRO MLO PORT 1/1/2'),('03 Desember 2018','CAW-RJP-2',23,' ISI ','','','','METRO MLO PORT 1/1/2'),('03 Desember 2018','CAW-RJP-2',24,'','','','','NO TRACE'),('03 Desember 2018','CAW-RJP-2',25,'','','','','SPLICE TO OTB CAW-MLO  KT 48 LAM CORE 25'),('03 Desember 2018','CAW-RJP-2',26,'','','','','SPLICE TO OTB CAW-MLO  KT 48 LAM CORE 26'),('03 Desember 2018','CAW-RJP-2',27,' ISI ','','','','METRO CAW 2/1/1-RJP 2/1/1'),('03 Desember 2018','CAW-RJP-2',28,'','12.029','0,23','2.775',''),('03 Desember 2018','CAW-RJP-2',29,'','','','','NO TRACE'),('03 Desember 2018','CAW-RJP-2',30,' ISI ','','','','ISI NO LABEL'),('03 Desember 2018','CAW-RJP-2',31,' ISI ','','','','METRO CAW 2/1/1-RJP 2/1/1'),('03 Desember 2018','CAW-RJP-2',32,'','','','','BAD ADAFTER'),('03 Desember 2018','CAW-RJP-2',33,'','','','','NO TRACE'),('03 Desember 2018','CAW-RJP-2',34,'','','','','NO TRACE'),('03 Desember 2018','CAW-RJP-2',35,'','','','','NO TRACE'),('03 Desember 2018','CAW-RJP-2',36,'','12.027','0,22','2.605',''),('03 Desember 2018','CAW-RJP-2',37,'','','','','NO TRACE'),('03 Desember 2018','CAW-RJP-2',38,'','','','','NO TRACE'),('03 Desember 2018','CAW-RJP-2',39,'','','','','NO TRACE'),('03 Desember 2018','CAW-RJP-2',40,'','','','','NO TRACE'),('03 Desember 2018','CAW-RJP-2',41,'','','','','NO TRACE'),('03 Desember 2018','CAW-RJP-2',42,'','','','','TC TO OTB CAW-MLO NEW CORE 20'),('03 Desember 2018','CAW-RJP-2',43,' ISI ','','','','ISI NO LABEL'),('03 Desember 2018','CAW-RJP-2',44,'','','','','NO TRACE'),('03 Desember 2018','CAW-RJP-2',45,'','','','','NO TRACE'),('03 Desember 2018','CAW-RJP-2',46,'','','','','NO TRACE'),('03 Desember 2018','CAW-RJP-2',47,' ISI ','','','','RMJ RING 15 (RX)'),('03 Desember 2018','CAW-RJP-2',48,' ISI ','','','','RMJ RING 15 (TX)'),('03 Desember 2018','SPA-GRT',1,'','','','','METRO E GRT'),('03 Desember 2018','SPA-GRT',2,'','1.250','0,31','383',''),('03 Desember 2018','SPA-GRT',3,' ISI ','','','','METRO E PORT 3/1/1'),('03 Desember 2018','SPA-GRT',4,' ISI ','','','','METRO E GRT'),('03 Desember 2018','SPA-GRT',5,'','42.304','0,33','14.118',''),('03 Desember 2018','SPA-GRT',6,'','42.320','0,30','12.566',''),('03 Desember 2018','SPA-GRT',7,' ISI ','','','','METRO E PORT 3/1/1'),('03 Desember 2018','SPA-GRT',8,'','36.557','0,20','7.419',''),('03 Desember 2018','SPA-GRT',9,'','','','','NO PIGTAIL'),('03 Desember 2018','SPA-GRT',10,'','','','','NO PIGTAIL'),('03 Desember 2018','SPA-GRT',11,'','','','','TO OTB SPA-TSM KU 48 CORE 11'),('03 Desember 2018','SPA-GRT',12,'','','','','TO OTB SPA-TSM KU 48 CORE 12'),('03 Desember 2018','SPA-GRT',13,'','6.118','0,32','1.985','PUTUS'),('03 Desember 2018','SPA-GRT',14,'','42.312','0,35','14.953','Bending km 23.464 (3.9)'),('03 Desember 2018','SPA-GRT',15,'','','','','NO PIGTAIL'),('03 Desember 2018','SPA-GRT',16,'','','','','NO PIGTAIL'),('03 Desember 2018','SPA-GRT',17,'','','','','NO PIGTAIL'),('03 Desember 2018','SPA-GRT',18,'','','','','NO PIGTAIL'),('03 Desember 2018','SPA-GRT',19,'','','','','NO PIGTAIL'),('03 Desember 2018','SPA-GRT',20,'','','','','NO PIGTAIL'),('03 Desember 2018','SPA-GRT',21,'','','','','NO PIGTAIL'),('03 Desember 2018','SPA-GRT',22,'','','','','NO PIGTAIL'),('03 Desember 2018','SPA-GRT',23,'','','','','NO PIGTAIL'),('03 Desember 2018','SPA-GRT',24,'','','','','NO PIGTAIL'),('03 Desember 2018','SPA-GRT',25,'','42.292','0,28','11.959',''),('03 Desember 2018','SPA-GRT',26,' ISI ','','','','METRO B SPA-TSM TC TO OTB KT 48 CORE 26'),('03 Desember 2018','SPA-GRT',27,'','42.294','0,28','11.981',''),('03 Desember 2018','SPA-GRT',28,'','42.297','0,33','14.132',''),('03 Desember 2018','SPA-GRT',29,'','42.302','0,31','12.979',''),('03 Desember 2018','SPA-GRT',30,'','','','','NO PIGTAIL'),('03 Desember 2018','SPA-GRT',31,'','9.078','0,31','2.845','PUTUS'),('03 Desember 2018','SPA-GRT',32,'','9.078','0,44','3.999','PUTUS'),('03 Desember 2018','SPA-GRT',33,' ISI ','','','','TX ONU MUJAHIDIN'),('03 Desember 2018','SPA-GRT',34,' ISI ','','','','RX ONU MUJAHIDIN'),('03 Desember 2018','SPA-GRT',35,' ISI ','','','','TX TB ANITA'),('03 Desember 2018','SPA-GRT',36,' ISI ','','','','RX TB ANITA'),('03 Desember 2018','SPA-TSM-1',1,'','18.394','0,24','4.370',''),('03 Desember 2018','SPA-TSM-1',2,' ISI ','','','','RMJ RING 16'),('03 Desember 2018','SPA-TSM-1',3,' ISI ','','','','RMJ RING 16'),('03 Desember 2018','SPA-TSM-1',4,'','18.371','0,26','4.726',''),('03 Desember 2018','SPA-TSM-1',5,'','18.378','0,28','5.219',''),('03 Desember 2018','SPA-TSM-1',6,'','18.371','0,24','4.394',''),('03 Desember 2018','SPA-TSM-1',7,'','18.389','0,25','4.596',''),('03 Desember 2018','SPA-TSM-1',8,'','18.389','0,25','4.596',''),('03 Desember 2018','SPA-TSM-1',9,' ISI ','','','','METRO SPA PORT 3/2/2'),('03 Desember 2018','SPA-TSM-1',10,' ISI ','','','','METRO SPA PORT 3/2/2'),('03 Desember 2018','SPA-TSM-1',11,' ISI ','','','','SPARE OLP TISEL KT KLN-BJR KOTA'),('03 Desember 2018','SPA-TSM-1',12,' ISI ','','','','SPARE OLP TISEL KT KLN-BJR KOTA'),('03 Desember 2018','SPA-TSM-1',13,'','18.380','0,32','5.801',''),('03 Desember 2018','SPA-TSM-1',14,'','18.386','0,31','5.619',''),('03 Desember 2018','SPA-TSM-1',15,'','18.391','0,30','5.446',''),('03 Desember 2018','SPA-TSM-1',16,'','18.382','0,30','5.430',''),('03 Desember 2018','SPA-TSM-1',17,'','18.388','0,32','5.940',''),('03 Desember 2018','SPA-TSM-1',18,'','18.371','0,30','5.555',''),('03 Desember 2018','SPA-TSM-1',19,'','18.387','0,28','5.057',''),('03 Desember 2018','SPA-TSM-1',20,'','18.395','0,35','6.351',''),('03 Desember 2018','SPA-TSM-1',21,'','18.391','0,29','5.404',''),('03 Desember 2018','SPA-TSM-1',22,'','18.374','0,29','5.410',''),('03 Desember 2018','SPA-TSM-1',23,'','18.380','0,29','5.263',''),('03 Desember 2018','SPA-TSM-1',24,'','18.371','0,30','5.576',''),('03 Desember 2018','SPA-TSM-1',25,'','18.395','0,30','5.567',''),('03 Desember 2018','SPA-TSM-1',26,'','18.387','0,29','5.339',''),('03 Desember 2018','SPA-TSM-1',27,'','18.389','0,32','5.957',''),('03 Desember 2018','SPA-TSM-1',28,'','18.370','0,25','4.594',''),('03 Desember 2018','SPA-TSM-1',29,' ISI ','','','','DSLAM'),('03 Desember 2018','SPA-TSM-1',30,' ISI ','','','','DSLAM'),('03 Desember 2018','SPA-TSM-1',31,'','7.824','0,50','3.910',''),('03 Desember 2018','SPA-TSM-1',32,' ISI ','','','','Tc to otb siemens Pakai akses'),('03 Desember 2018','SPA-TSM-1',33,' ISI ','','','','Tx Ashofa'),('03 Desember 2018','SPA-TSM-1',34,' ISI ','','','','Rx ashofa'),('03 Desember 2018','SPA-TSM-1',35,' ISI ','','','','Onu FRM'),('03 Desember 2018','SPA-TSM-1',36,' ISI ','','','','Onu FRM'),('03 Desember 2018','SPA-TSM-2',1,'','18.036','0,28','5.004',''),('03 Desember 2018','SPA-TSM-2',2,'','18.036','0,33','6.020',''),('03 Desember 2018','SPA-TSM-2',3,' ISI ','','','','METRO B SPA PORT 2/2/2'),('03 Desember 2018','SPA-TSM-2',4,' ISI ','','','','METRO B SPA PORT 2/2/2'),('03 Desember 2018','SPA-TSM-2',5,'','20.678','0,46','9.415',''),('03 Desember 2018','SPA-TSM-2',6,'','20.679','0,32','6.539',''),('03 Desember 2018','SPA-TSM-2',7,' ISI ','','','','RMJ '),('03 Desember 2018','SPA-TSM-2',8,' ISI ','','','','RMJ'),('03 Desember 2018','SPA-TSM-2',9,'','','','','TC to otb SPA-GRT core 9'),('03 Desember 2018','SPA-TSM-2',10,'','10.754','0,27','2.867','PUTUS'),('03 Desember 2018','SPA-TSM-2',11,'','','','','TC to otb SPA-GRT core 11'),('03 Desember 2018','SPA-TSM-2',12,'','18.031','0,28','5.136',''),('03 Desember 2018','SPA-TSM-2',13,'','18.033','0,34','6.124',''),('03 Desember 2018','SPA-TSM-2',14,'','','','','TC to otb SPA-GRT core 10'),('03 Desember 2018','SPA-TSM-2',15,'','','','','No pigtail'),('03 Desember 2018','SPA-TSM-2',16,'','','','','No pigtail'),('03 Desember 2018','SPA-TSM-2',17,' ISI ','','','','METRO GRT'),('03 Desember 2018','SPA-TSM-2',18,' ISI ','','','','METRO GRT'),('03 Desember 2018','SPA-TSM-2',19,'','','','','No pigtail'),('03 Desember 2018','SPA-TSM-2',20,'','','','','No pigtail'),('03 Desember 2018','SPA-TSM-2',21,'','','','','No pigtail'),('03 Desember 2018','SPA-TSM-2',22,'','','','','No pigtail'),('03 Desember 2018','SPA-TSM-2',23,'','','','','No pigtail'),('03 Desember 2018','SPA-TSM-2',24,'','','','','No pigtail'),('03 Desember 2018','SPA-TSM-2',25,'','18.046','0,45','8.073','Bending di KM 11.710(2.62 db)'),('03 Desember 2018','SPA-TSM-2',26,'','','','','TC no label'),('03 Desember 2018','SPA-TSM-2',27,'','11.710','0,30','3.507','PUTUS'),('03 Desember 2018','SPA-TSM-2',28,'','18.041','0,47','8.483','Bending di KM 11.709(3.44 db)'),('03 Desember 2018','SPA-TSM-2',29,'','11.710','0,36','4.256','PUTUS'),('03 Desember 2018','SPA-TSM-2',30,' ISI ','','','','OLP TISEL KT KLN-BJR KOTA'),('03 Desember 2018','SPA-TSM-2',31,' ISI ','','','','OLP TISEL KT KLN-BJR KOTA'),('03 Desember 2018','SPA-TSM-2',32,' ISI ','','','','METRO SPA'),('03 Desember 2018','SPA-TSM-2',33,' ISI ','','','','METRO SPA'),('03 Desember 2018','SPA-TSM-2',34,'','18.046','0,32','5.817',''),('03 Desember 2018','SPA-TSM-2',35,'','18.042','0,39','6.951','Bending di KM 11.713(1.87 db)'),('03 Desember 2018','SPA-TSM-2',36,'','18.047','0,28','5.115',''),('03 Desember 2018','SPA-TSM-2',37,'','18.054','0,31','5.659',''),('03 Desember 2018','SPA-TSM-2',38,'','18.058','0,30','5.487',''),('03 Desember 2018','SPA-TSM-2',39,'','18.055','0,36','6.492',''),('03 Desember 2018','SPA-TSM-2',40,'','18.057','0,37','6.602',''),('03 Desember 2018','SPA-TSM-2',41,'','','','',''),('03 Desember 2018','SPA-TSM-2',42,'','10.012','0,24','2.420',''),('03 Desember 2018','SPA-TSM-2',43,' ISI ','','','','RNC METRO SPA Port 3/2/1'),('03 Desember 2018','SPA-TSM-2',44,' ISI ','','','','RNC METRO SPA Port 3/2/1'),('03 Desember 2018','SPA-TSM-2',45,'','18.057','0,36','6.478',''),('03 Desember 2018','SPA-TSM-2',46,'','18.057','0,28','5.127',''),('03 Desember 2018','SPA-TSM-2',47,'','18.059','0,30','5.329',''),('03 Desember 2018','SPA-TSM-2',48,'','18.058','0,28','5.009',''),('03 Desember 2018','CBL-KAL',1,'','','','','Akses FTTH'),('03 Desember 2018','CBL-KAL',2,'','14.322','0,32','4.576','PUTUS'),('03 Desember 2018','CBL-KAL',3,'','14.322','0,32','4.576','PUTUS'),('03 Desember 2018','CBL-KAL',4,'','14.322','0,32','4.576','PUTUS'),('03 Desember 2018','CBL-KAL',5,'','14.322','0,32','4.576','PUTUS'),('03 Desember 2018','CBL-KAL',6,'','14.322','0,32','4.576','PUTUS'),('03 Desember 2018','CBL-KAL',7,' ISI ','','','','TRUNK METRO CBL-KAL 1/1/10'),('03 Desember 2018','CBL-KAL',8,' ISI ','','','','TRUNK METRO CBL-KAL 1/1/10'),('03 Desember 2018','CBL-KAL',9,' ISI ','','','','METRO 1/1/6'),('03 Desember 2018','CBL-KAL',10,' ISI ','','','','TC TO OTB CBL-TSM KT 48 CORE 32'),('03 Desember 2018','CBL-KAL',11,' ISI ','','','','METRO PORT 1/1/6'),('03 Desember 2018','CBL-KAL',12,' ISI ','','','','TRUNK METRO CBL-KAL 1/1/2'),('03 Desember 2018','CBL-KAL',13,' ISI ','','','','METRO 1/1/6'),('03 Desember 2018','CBL-KAL',14,' ISI ','','','','TC TO OTB CBL-TSM KT 48 CORE 26'),('03 Desember 2018','CBL-KAL',15,' ISI ','','','','TRUNK METRO CBL-KAL 1/1/5'),('03 Desember 2018','CBL-KAL',16,' ISI ','','','','TRUNK METRO CBL-KAL 1/1/5'),('03 Desember 2018','CBL-KAL',17,' ISI ','','','','TRUNK METRO CBL-KAL 1/1/2'),('03 Desember 2018','CBL-KAL',18,' ISI ','','','','TRUNK METRO CBL-BSC KAL'),('03 Desember 2018','CBL-KAL',19,' ISI ','','','','TRUNK METRO CBL-BSC KAL'),('03 Desember 2018','CBL-KAL',20,'','22.569','0,29','6.605',''),('03 Desember 2018','CBL-KAL',21,'','3.098','1,19','3.680','HH 01 TO BTS '),('03 Desember 2018','CBL-KAL',22,'','3.098','0,86','2.650','HH 01 TO BTS '),('03 Desember 2018','CBL-KAL',23,'','3.098','1,19','3.681','HH 01 TO BTS '),('03 Desember 2018','CBL-KAL',24,'','3.099','0,86','2.650','HH 01 TO BTS '),('03 Desember 2018','CBL-TSM',1,'','3.708','0,37','1.378','PUTUS '),('03 Desember 2018','CBL-TSM',2,'','3.710','0,42','1.547','PUTUS'),('03 Desember 2018','CBL-TSM',3,'','3.713','0,42','1.548','PUTUS'),('03 Desember 2018','CBL-TSM',4,'','3.713','0,26','968','PUTUS'),('03 Desember 2018','CBL-TSM',5,'','3.716','0,25','911','PUTUS'),('03 Desember 2018','CBL-TSM',6,'','3.710','0,37','1.385','PUTUS'),('03 Desember 2018','CBL-TSM',7,'','3.710','0,29','1.079','PUTUS'),('03 Desember 2018','CBL-TSM',8,'','3.713','0,31','1.134','PUTUS'),('03 Desember 2018','CBL-TSM',9,'','3.713','0,34','1.256','PUTUS'),('03 Desember 2018','CBL-TSM',10,'','3.713','0,28','1.056','PUTUS'),('03 Desember 2018','CBL-TSM',11,'','3.710','0,47','1.756','PUTUS'),('03 Desember 2018','CBL-TSM',12,'','3.716','0,26','964','PUTUS'),('03 Desember 2018','CBL-TSM',13,'','28.226','0,30','8.499','IDLE'),('03 Desember 2018','CBL-TSM',14,'','28.226','0,33','9.224','IDLE'),('03 Desember 2018','CBL-TSM',15,'','28.226','0,30','8.563','IDLE'),('03 Desember 2018','CBL-TSM',16,'','28.216','0,30','8.452','IDLE'),('03 Desember 2018','CBL-TSM',17,'','28.216','0,29','8.097','IDLE'),('03 Desember 2018','CBL-TSM',18,'','28.224','0,33','9.277','IDLE'),('03 Desember 2018','CBL-TSM',19,'','2.621','0,48','1.267','PUTUS'),('03 Desember 2018','CBL-TSM',20,'','2.621','0,48','1.267','PUTUS'),('03 Desember 2018','CBL-TSM',21,'','2.621','0,33','872','PUTUS'),('03 Desember 2018','CBL-TSM',22,'','2.621','0,28','726','PUTUS'),('03 Desember 2018','CBL-TSM',23,' ISI ','','','','RNC T-SEL KAWALU'),('03 Desember 2018','CBL-TSM',24,' ISI ','','','','RNC T-SEL KAWALU'),('03 Desember 2018','CBL-TSM',25,'','5.000','1,41','7.051','PUTUS'),('03 Desember 2018','CBL-TSM',26,' ISI ','','','','METRO 10G KAL'),('03 Desember 2018','CBL-TSM',27,' ISI ','','','','METRO 10G CBL'),('03 Desember 2018','CBL-TSM',28,' ISI ','','','','OAN FRB SUKARAJA'),('03 Desember 2018','CBL-TSM',29,' ISI ','','','','OAN FRB SUKARAJA'),('03 Desember 2018','CBL-TSM',30,' ISI ','','','','METRO 10G CBL'),('03 Desember 2018','CBL-TSM',31,' ISI ','','','','METRO-E PORT 1/2/2'),('03 Desember 2018','CBL-TSM',32,' ISI ','','','','METRO 10G KAL'),('03 Desember 2018','CBL-TSM',33,'','28.237','0,32','8.963','IDLE'),('03 Desember 2018','CBL-TSM',34,'','28.233','0,38','10.835','IDLE'),('03 Desember 2018','CBL-TSM',35,' ISI ','','','','METRO-E PORT 1/2/2'),('03 Desember 2018','CBL-TSM',36,'','28.223','0,29','8.258','IDLE'),('03 Desember 2018','CBL-TSM',37,'','2.620','0,57','1.500','PUTUS'),('03 Desember 2018','CBL-TSM',38,'','2.622','2,21','5.792','PUTUS'),('03 Desember 2018','CBL-TSM',39,'','2.623','2,60','6.828','PUTUS'),('03 Desember 2018','CBL-TSM',40,'','2.623','1,27','3.328','PUTUS'),('03 Desember 2018','CBL-TSM',41,'','2.623','1,70','4.446','PUTUS'),('03 Desember 2018','CBL-TSM',42,'','','','','BAD ADAPTER'),('03 Desember 2018','CBL-TSM',43,'','2.623','2,34','6.147','PUTUS'),('03 Desember 2018','CBL-TSM',44,'','2.624','2,39','6.282','PUTUS'),('03 Desember 2018','CBL-TSM',45,' ISI ','','','','RNC T-SEL TG RAJA PASEH'),('03 Desember 2018','CBL-TSM',46,' ISI ','','','','RNC T-SEL TG RAJA PASEH'),('03 Desember 2018','CBL-TSM',47,'','2.623','1,65','4.327','PUTUS'),('03 Desember 2018','CBL-TSM',48,'','2.622','1,74','4.553','PUTUS'),('03 Desember 2018','KAL-CBL',1,'','8.734','0,31','2.734','PUTUS'),('03 Desember 2018','KAL-CBL',2,'','8.734','0,31','2734','PUTUS'),('03 Desember 2018','KAL-CBL',3,'','8.734','0,31','2734','PUTUS'),('03 Desember 2018','KAL-CBL',4,'','8.734','0,31','2734','PUTUS'),('03 Desember 2018','KAL-CBL',5,'','8.734','0,31','2734','PUTUS'),('03 Desember 2018','KAL-CBL',6,'','8.734','0,31','2734','PUTUS'),('03 Desember 2018','KAL-CBL',7,'','','','','TRUNK METRO CBL-KAL 1/1/10'),('03 Desember 2018','KAL-CBL',8,'','','','','TRUNK METRO CBL-KAL 1/1/10'),('03 Desember 2018','KAL-CBL',9,'','','','','METRO 1/1/6'),('03 Desember 2018','KAL-CBL',10,'','','','','TC TO OTB CBL-TSM KT 48 CORE 32'),('03 Desember 2018','KAL-CBL',11,'','','','','METRO PORT 1/1/6'),('03 Desember 2018','KAL-CBL',12,'','','','','TRUNK METRO CBL-KAL 1/1/2'),('03 Desember 2018','KAL-CBL',13,'','','','','METRO 1/1/6'),('03 Desember 2018','KAL-CBL',14,'','','','','TC TO OTB CBL-TSM KT 48 CORE 26'),('03 Desember 2018','KAL-CBL',15,'','','','','TRUNK METRO CBL-KAL 1/1/5'),('03 Desember 2018','KAL-CBL',16,'','','','','TRUNK METRO CBL-KAL 1/1/5'),('03 Desember 2018','KAL-CBL',17,'','','','','TRUNK METRO CBL-KAL 1/1/2'),('03 Desember 2018','KAL-CBL',18,'','','','','TRUNK METRO CBL-BSC KAL'),('03 Desember 2018','KAL-CBL',19,'','','','','TRUNK METRO CBL-BSC KAL'),('03 Desember 2018','KAL-CBL',20,'','22.569','0,29','6.605',''),('03 Desember 2018','KAL-CBL',21,'','','','','TC TO OTB T-SEL CORE 1'),('03 Desember 2018','KAL-CBL',22,'','','','','TC TO OTB T-SEL CORE 2'),('03 Desember 2018','KAL-CBL',23,'','','','','TC TO OTB T-SEL CORE 3'),('03 Desember 2018','KAL-CBL',24,'','','','','TC TO OTB T-SEL CORE 4'),('03 Desember 2018','KAL-BTS-NGL',1,'','17.745','','10.664',''),('03 Desember 2018','KAL-BTS-NGL',2,'','','','',''),('03 Desember 2018','KAL-BTS-NGL',3,'','','','',''),('03 Desember 2018','KAL-BTS-NGL',4,'','','','',''),('03 Desember 2018','KAL-BTS-NGL',5,'','','','',''),('03 Desember 2018','KAL-BTS-NGL',6,'','','','',''),('03 Desember 2018','KAL-BTS-NGL',7,'','','','',''),('03 Desember 2018','KAL-BTS-NGL',8,'','','','',''),('03 Desember 2018','KAL-BTS-NGL',9,'','','','',''),('03 Desember 2018','KAL-BTS-NGL',10,'','9.892','','4.486',''),('03 Desember 2018','KAL-BTS-NGL',11,'','9.891','','6.515',''),('03 Desember 2018','KAL-BTS-NGL',12,'','4.249','','3.806',''),('03 Desember 2018','KAL-BTS-NGL',13,'','9.890','','6.427',''),('03 Desember 2018','KAL-BTS-NGL',14,'','4.222','','3.731',''),('03 Desember 2018','KAL-BTS-NGL',15,'','','','',''),('03 Desember 2018','KAL-BTS-NGL',16,'','','','',''),('03 Desember 2018','KAL-BTS-NGL',17,'','','','',''),('03 Desember 2018','KAL-BTS-NGL',18,'','','','',''),('03 Desember 2018','KAL-BTS-NGL',19,'','','','',''),('03 Desember 2018','KAL-BTS-NGL',20,'','','','',''),('03 Desember 2018','KAL-BTS-NGL',21,'','','','',''),('03 Desember 2018','KAL-BTS-NGL',22,'','','','',''),('03 Desember 2018','KAL-BTS-NGL',23,'','','','',''),('03 Desember 2018','KAL-BTS-NGL',24,'','','','',''),('03 Desember 2018','KAL-BTS-NGL',25,'','','','',''),('03 Desember 2018','KAL-BTS-NGL',26,'','','','',''),('03 Desember 2018','KAL-BTS-NGL',27,'','','','',''),('03 Desember 2018','KAL-BTS-NGL',28,'','','','',''),('03 Desember 2018','KAL-BTS-NGL',29,'','','','',''),('03 Desember 2018','KAL-BTS-NGL',30,'','','','',''),('03 Desember 2018','KAL-BTS-NGL',31,'','','','',''),('03 Desember 2018','KAL-BTS-NGL',32,'','','','',''),('03 Desember 2018','KAL-BTS-NGL',33,'','','','',''),('03 Desember 2018','KAL-BTS-NGL',34,'','','','',''),('03 Desember 2018','KAL-BTS-NGL',35,'','','','',''),('03 Desember 2018','KAL-BTS-NGL',36,'','','','',''),('03 Desember 2018','KAL-BTS-NGL',37,'','','','',''),('03 Desember 2018','KAL-BTS-NGL',38,'','','','',''),('03 Desember 2018','KAL-BTS-NGL',39,'','','','',''),('03 Desember 2018','KAL-BTS-NGL',40,'','','','',''),('03 Desember 2018','KAL-BTS-NGL',41,'','','','',''),('03 Desember 2018','KAL-BTS-NGL',42,'','','','',''),('03 Desember 2018','KAL-BTS-NGL',43,'','','','',''),('03 Desember 2018','KAL-BTS-NGL',44,'','','','',''),('03 Desember 2018','KAL-BTS-NGL',45,'','','','',''),('03 Desember 2018','KAL-BTS-NGL',46,'','','','',''),('03 Desember 2018','KAL-BTS-NGL',47,'','','','',''),('03 Desember 2018','KAL-BTS-NGL',48,'','','','',''),('03 Desember 2018','MON-TSM',1,'ISI','','','','RMJ RING 16'),('03 Desember 2018','MON-TSM',2,'ISI','','','','RMJ RING 16'),('03 Desember 2018','MON-TSM',3,'','8.506','0,25','2.118',''),('03 Desember 2018','MON-TSM',4,'','8.591','0,35','2.983',''),('03 Desember 2018','MON-TSM',5,'ISI','','','','DWDM LINK HUAWEI TSM-SDA'),('03 Desember 2018','MON-TSM',6,'','12.328','0,25','3.121',''),('03 Desember 2018','MON-TSM',7,'ISI','','','','SPARE OLP KOTA KULON BJR KOTA'),('03 Desember 2018','MON-TSM',8,'ISI','','','','HUAWEI LINK 4'),('03 Desember 2018','MON-TSM',9,'','','','',''),('03 Desember 2018','MON-TSM',10,'','','','',''),('03 Desember 2018','MON-TSM',11,'ISI','','','','HUAWEI LINK 4'),('03 Desember 2018','MON-TSM',12,'','','','','SPARE OLP KOTA KULON BJR KOTA'),('03 Desember 2018','MON-TSM',13,'ISI','','','','DWDM LINK HUAWEI TSM-SDA'),('03 Desember 2018','MON-TSM',14,'','','','',''),('03 Desember 2018','MON-TSM',15,'','','','',''),('03 Desember 2018','MON-TSM',16,'','','','','NO TRACE'),('03 Desember 2018','MON-TSM',17,'','','','',''),('03 Desember 2018','MON-TSM',18,'','','','',''),('03 Desember 2018','MON-TSM',19,'','','','',''),('03 Desember 2018','MON-TSM',20,'','','','',''),('03 Desember 2018','MON-TSM',21,'ISI','','','','METRO A PORT 1/1/1'),('03 Desember 2018','MON-TSM',22,'ISI','','','','METRO A PORT 1/1/1'),('03 Desember 2018','MON-TSM',23,'','12.327','0,24','2.991',''),('03 Desember 2018','MON-TSM',24,'','12.330','0,28','3.407',''),('03 Desember 2018','MON-BJR',1,'ISI','','','','TC TO OTB MON-TSM CORE 1'),('03 Desember 2018','MON-BJR',2,'ISI','','','','TC TO OTB MON-TSM CORE 2'),('03 Desember 2018','MON-BJR',3,'','29.252','0,25','7.250','PUTUS'),('03 Desember 2018','MON-BJR',4,'','29.249','0,28','8.282','PUTUS'),('03 Desember 2018','MON-BJR',5,'ISI','','','','METRO'),('03 Desember 2018','MON-BJR',6,'ISI','','','','METRO'),('03 Desember 2018','MON-BJR',7,'','','','','No pigtail'),('03 Desember 2018','MON-BJR',8,'ISI','','','','TC TO OTB MON-TSM CORE 8'),('03 Desember 2018','MON-BJR',9,'','','','','No pigtail'),('03 Desember 2018','MON-BJR',10,'','','','','No pigtail'),('03 Desember 2018','MON-BJR',11,'','','','','No pigtail'),('03 Desember 2018','MON-BJR',12,'','','','','No pigtail'),('03 Desember 2018','MON-BJR',13,'ISI','','','','TC TO OTB MON-TSM CORE 13'),('03 Desember 2018','MON-BJR',14,'ISI','','','','TC TO OTB MON-TSM CORE 14'),('03 Desember 2018','MON-BJR',15,'','','','','No trace'),('03 Desember 2018','MON-BJR',16,'','','','','No trace'),('03 Desember 2018','MON-BJR',17,'','','','','No trace'),('03 Desember 2018','MON-BJR',18,'','','','','No trace'),('03 Desember 2018','MON-BJR',19,'','','','','No trace'),('03 Desember 2018','MON-BJR',20,'','','','','No trace'),('03 Desember 2018','MON-BJR',21,'','21.060','0,24','4.982',''),('03 Desember 2018','MON-BJR',22,'','21.060','0,29','6.066',''),('03 Desember 2018','MON-BJR',23,'','21.060','0,31','6.557','Bending km 6.527 (1.29)'),('03 Desember 2018','MON-BJR',24,'','21.060','0,24','5.054',''),('03 Desember 2018','MON-CMS',1,'','','','','NO PIGTAIL'),('03 Desember 2018','MON-CMS',2,'','','','','NO PIGTAIL'),('03 Desember 2018','MON-CMS',3,'','','','','NO PIGTAIL'),('03 Desember 2018','MON-CMS',4,'','','','','NO PIGTAIL'),('03 Desember 2018','MON-CMS',5,'','5.927','0,27','1.614',''),('03 Desember 2018','MON-CMS',6,'','5.927','0,41','2.428',''),('03 Desember 2018','MON-CMS',7,'','382','0,10','38',''),('03 Desember 2018','MON-CMS',8,'','382','0,25','96',''),('03 Desember 2018','MON-CMS',9,'','6.550','0,22','1.454',''),('03 Desember 2018','MON-CMS',10,'','382','0,10','38',''),('03 Desember 2018','MON-CMS',11,'','382','0,11','43',''),('03 Desember 2018','MON-CMS',12,'','381','0,10','38',''),('03 Desember 2018','CMS-TSM-1',1,'','4.719','0,21','985','PUTUS'),('03 Desember 2018','CMS-TSM-1',2,'','10.800','0,34','3.644','PUTUS'),('03 Desember 2018','CMS-TSM-1',3,'','','','','NO TRACE'),('03 Desember 2018','CMS-TSM-1',4,'','4.720','0,29','1.387','PUTUS'),('03 Desember 2018','CMS-TSM-1',5,'','4.719','0,38','1.804','PUTUS'),('03 Desember 2018','CMS-TSM-1',6,'','4.720','0,48','2.278','PUTUS'),('03 Desember 2018','CMS-TSM-1',7,'','4.815','0,24','1.144','PUTUS'),('03 Desember 2018','CMS-TSM-1',8,'','4.815','0,31','1.512','PUTUS'),('03 Desember 2018','CMS-TSM-1',9,'','4.815','0,30','1.460','PUTUS'),('03 Desember 2018','CMS-TSM-1',10,'','4.861','0,37','1.786','PUTUS'),('03 Desember 2018','CMS-TSM-1',11,'','4.854','0,62','3.033','PUTUS'),('03 Desember 2018','CMS-TSM-1',12,'','8.243','0,26','2.123','PUTUS'),('03 Desember 2018','CMS-TSM-1',13,'','8.243','0,26','2.123','PUTUS'),('03 Desember 2018','CMS-TSM-1',14,'','8.246','0,30','2.500','PUTUS'),('03 Desember 2018','CMS-TSM-1',15,'','8.243','0,26','2.123','IDLE Bending KM 10.770 ( 2.39)'),('03 Desember 2018','CMS-TSM-1',16,'','','','','NO TRACE'),('03 Desember 2018','CMS-TSM-1',17,'','8.243','0,26','2.123','IDLE Bending KM 10.770 ( 1.47) km 2.046 (2.04)'),('03 Desember 2018','CMS-TSM-1',18,'','4.130','0,26','1.057','PUTUS'),('03 Desember 2018','CMS-TSM-1',19,'','8.243','0,26','2.123','IDLE'),('03 Desember 2018','CMS-TSM-1',20,'','10.263','0,36','3.742','PUTUS'),('03 Desember 2018','CMS-TSM-1',21,'','8.246','0,30','2.496','PUTUS'),('03 Desember 2018','CMS-TSM-1',22,'','','','','NO TRACE'),('03 Desember 2018','CMS-TSM-1',23,'','','','','NO TRACE'),('03 Desember 2018','CMS-TSM-1',24,'','','','','NO TRACE'),('03 Desember 2018','CMS-TSM-1',25,'ISI','','','','SAGEM BJR'),('03 Desember 2018','CMS-TSM-1',26,'','','','','TC OTB MON G.652 Core 03 Rel'),('03 Desember 2018','CMS-TSM-1',27,'','9.565','0,36','3.414','PUTUS'),('03 Desember 2018','CMS-TSM-1',28,'ISI','','','','SAGEM BJR'),('03 Desember 2018','CMS-TSM-1',29,'ISI','','','','OAN'),('03 Desember 2018','CMS-TSM-1',30,'ISI','','','','OAN'),('03 Desember 2018','CMS-TSM-1',31,'','3.693','0,51','1.887',''),('03 Desember 2018','CMS-TSM-1',32,'','3.694','0,55','2.030','PUTUS'),('03 Desember 2018','CMS-TSM-1',33,'ISI','','','','DSLAM'),('03 Desember 2018','CMS-TSM-1',34,'ISI','','','','DSLAM'),('03 Desember 2018','CMS-TSM-1',35,'','3.691','0,43','1.594',''),('03 Desember 2018','CMS-TSM-1',36,'','3.691','0,17','634',''),('03 Desember 2018','CMS-TSM-2',1,'','SPLACE','','','OLP KOTA KULON - BANJAR KOTA'),('03 Desember 2018','CMS-TSM-2',2,'','SPLACE','','','OLP KOTA KULON - BANJAR KOTA'),('03 Desember 2018','CMS-TSM-2',3,'','','','',''),('03 Desember 2018','CMS-TSM-2',4,'','','','',''),('03 Desember 2018','CMS-TSM-2',5,'','','','',''),('03 Desember 2018','CMS-TSM-2',6,'','','','',''),('03 Desember 2018','CMS-TSM-2',7,'','','','',''),('03 Desember 2018','CMS-TSM-2',8,'','','','',''),('03 Desember 2018','CMS-TSM-2',9,'','4.167','0,06','233',''),('03 Desember 2018','CMS-TSM-2',10,'','','','',''),('03 Desember 2018','CMS-TSM-2',11,'','','','',''),('03 Desember 2018','CMS-TSM-2',12,'','','','',''),('03 Desember 2018','CMS-TSM-2',13,'','','','',''),('03 Desember 2018','CMS-TSM-2',14,'','','','',''),('03 Desember 2018','CMS-TSM-2',15,'','','','',''),('03 Desember 2018','CMS-TSM-2',16,'','','','',''),('03 Desember 2018','CMS-TSM-2',17,'','','','',''),('03 Desember 2018','CMS-TSM-2',18,'','','','',''),('03 Desember 2018','CMS-TSM-2',19,'','','','',''),('03 Desember 2018','CMS-TSM-2',20,'','','','',''),('03 Desember 2018','CMS-TSM-2',21,'ISI','','','','ME-2-10G-PORT 5/2/6-3/1/1'),('03 Desember 2018','CMS-TSM-2',22,'ISI','','','','ME-2-10G-PORT 5/2/6-3/1/1'),('03 Desember 2018','CMS-TSM-2',23,'','','','',''),('03 Desember 2018','CMS-TSM-2',24,'','','','',''),('03 Desember 2018','CMS-TSM-2',25,'','','','','SPLACE TO OTB BJR-SDA'),('03 Desember 2018','CMS-TSM-2',26,'','','','','SPLACE TO OTB BJR-SDA'),('03 Desember 2018','CMS-TSM-2',27,'','','','',''),('03 Desember 2018','CMS-TSM-2',28,'','','','',''),('03 Desember 2018','CMS-TSM-2',29,'','','','',''),('03 Desember 2018','CMS-TSM-2',30,'','','','',''),('03 Desember 2018','CMS-TSM-2',31,'','','','',''),('03 Desember 2018','CMS-TSM-2',32,'','19.743','0,28','5.554','PUTUS'),('03 Desember 2018','CMS-TSM-2',33,'','','','','TC BJR'),('03 Desember 2018','CMS-TSM-2',34,'','','','','TC BJR'),('03 Desember 2018','CMS-TSM-2',35,'','','','','TC BJR'),('03 Desember 2018','CMS-TSM-2',36,'','','','','TC BJR'),('03 Desember 2018','CMS-TSM-2',37,'','','','',''),('03 Desember 2018','CMS-TSM-2',38,'','','','',''),('03 Desember 2018','CMS-TSM-2',39,'','','','','TC BJR'),('03 Desember 2018','CMS-TSM-2',40,'','','','','TC BJR'),('03 Desember 2018','CMS-TSM-2',41,'ISI','','','','ME-2-10G-PORT 8/2/2'),('03 Desember 2018','CMS-TSM-2',42,'ISI','','','','ME-2-10G-PORT 8/2/2'),('03 Desember 2018','CMS-TSM-2',43,'','','','','TC IDLE BJR'),('03 Desember 2018','CMS-TSM-2',44,'','','','','TC IDLE BJR'),('03 Desember 2018','CMS-TSM-2',45,'','','','','TC BJR'),('03 Desember 2018','CMS-TSM-2',46,'','','','','TC BJR'),('03 Desember 2018','CMS-TSM-2',47,'','','','','TC BJR'),('03 Desember 2018','CMS-TSM-2',48,'','','','','TC IDLE BJR'),('03 Desember 2018','CMS-TSM-3',1,'ISI','','','','RMJ RING 17'),('03 Desember 2018','CMS-TSM-3',2,'ISI','','','','RMJ RING 17'),('03 Desember 2018','CMS-TSM-3',3,'','20.472','0,29','5.981',''),('03 Desember 2018','CMS-TSM-3',4,'','20.482','0,27','5.496',''),('03 Desember 2018','CMS-TSM-3',5,'','','','','NO PIGTAIL'),('03 Desember 2018','CMS-TSM-3',6,'','','','','NO PIGTAIL'),('03 Desember 2018','CMS-TSM-3',7,'','','','','NO PIGTAIL'),('03 Desember 2018','CMS-TSM-3',8,'','','','','NO PIGTAIL'),('03 Desember 2018','CMS-TSM-3',9,'','','','',''),('03 Desember 2018','CMS-TSM-3',10,'','','','',''),('03 Desember 2018','CMS-TSM-3',11,'','','','',''),('03 Desember 2018','CMS-TSM-3',12,'','','','',''),('03 Desember 2018','CMS-KWL-1',1,'','','','',''),('03 Desember 2018','CMS-KWL-1',2,'','','','',''),('03 Desember 2018','CMS-KWL-1',3,'','','','',''),('03 Desember 2018','CMS-KWL-1',4,'','','','',''),('03 Desember 2018','CMS-KWL-1',5,'','','','',''),('03 Desember 2018','CMS-KWL-1',6,'','','','',''),('03 Desember 2018','CMS-KWL-1',7,'','','','',''),('03 Desember 2018','CMS-KWL-1',8,'','','','',''),('03 Desember 2018','CMS-KWL-1',9,'','','','',''),('03 Desember 2018','CMS-KWL-1',10,'','','','',''),('03 Desember 2018','CMS-KWL-1',11,'','','','',''),('03 Desember 2018','CMS-KWL-1',12,'','','','',''),('03 Desember 2018','CMS-KWL-1',13,'','','','',''),('03 Desember 2018','CMS-KWL-1',14,'','','','',''),('03 Desember 2018','CMS-KWL-1',15,'','','','',''),('03 Desember 2018','CMS-KWL-1',16,'','','','',''),('03 Desember 2018','CMS-KWL-1',17,'','','','',''),('03 Desember 2018','CMS-KWL-1',18,'','','','',''),('03 Desember 2018','CMS-KWL-1',19,'','','','',''),('03 Desember 2018','CMS-KWL-1',20,'','','','',''),('03 Desember 2018','CMS-KWL-1',21,'','','','',''),('03 Desember 2018','CMS-KWL-1',22,'','','','',''),('03 Desember 2018','CMS-KWL-1',23,'','','','',''),('03 Desember 2018','CMS-KWL-1',24,'','','','',''),('03 Desember 2018','CMS-KWL-1',25,'','','','',''),('03 Desember 2018','CMS-KWL-1',26,'','','','',''),('03 Desember 2018','CMS-KWL-1',27,'','','','',''),('03 Desember 2018','CMS-KWL-1',28,'','','','',''),('03 Desember 2018','CMS-KWL-1',29,'','','','',''),('03 Desember 2018','CMS-KWL-1',30,'','','','',''),('03 Desember 2018','CMS-KWL-1',31,'','','','',''),('03 Desember 2018','CMS-KWL-1',32,'','','','',''),('03 Desember 2018','CMS-KWL-1',33,'','','','',''),('03 Desember 2018','CMS-KWL-1',34,'','','','',''),('03 Desember 2018','CMS-KWL-1',35,'','','','',''),('03 Desember 2018','CMS-KWL-1',36,'','','','',''),('03 Desember 2018','CMS-KWL-1',37,'','','','',''),('03 Desember 2018','CMS-KWL-1',38,'','','','',''),('03 Desember 2018','CMS-KWL-1',39,'','','','',''),('03 Desember 2018','CMS-KWL-1',40,'','','','',''),('03 Desember 2018','CMS-KWL-1',41,'','','','',''),('03 Desember 2018','CMS-KWL-1',42,'','','','',''),('03 Desember 2018','CMS-KWL-1',43,'','','','',''),('03 Desember 2018','CMS-KWL-1',44,'','','','',''),('03 Desember 2018','CMS-KWL-1',45,'','','','',''),('03 Desember 2018','CMS-KWL-1',46,'','','','',''),('03 Desember 2018','CMS-KWL-1',47,'','','','',''),('03 Desember 2018','CMS-KWL-1',48,'','','','',''),('03 Desember 2018','CMS-KWL-2',1,'','','','',''),('03 Desember 2018','CMS-KWL-2',2,'','','','',''),('03 Desember 2018','CMS-KWL-2',3,'','','','',''),('03 Desember 2018','CMS-KWL-2',4,'','','','',''),('03 Desember 2018','CMS-KWL-2',5,'','','','',''),('03 Desember 2018','CMS-KWL-2',6,'','','','',''),('03 Desember 2018','CMS-KWL-2',7,'','','','',''),('03 Desember 2018','CMS-KWL-2',8,'','','','',''),('03 Desember 2018','CMS-KWL-2',9,'','','','',''),('03 Desember 2018','CMS-KWL-2',10,'','','','',''),('03 Desember 2018','CMS-KWL-2',11,'','','','',''),('03 Desember 2018','CMS-KWL-2',12,'','','','',''),('03 Desember 2018','CMS-KWL-2',13,'','','','',''),('03 Desember 2018','CMS-KWL-2',14,'','','','',''),('03 Desember 2018','CMS-KWL-2',15,'','','','',''),('03 Desember 2018','CMS-KWL-2',16,'','','','',''),('03 Desember 2018','CMS-KWL-2',17,'','','','',''),('03 Desember 2018','CMS-KWL-2',18,'','','','',''),('03 Desember 2018','CMS-KWL-2',19,'','','','',''),('03 Desember 2018','CMS-KWL-2',20,'','','','',''),('03 Desember 2018','CMS-KWL-2',21,'','','','',''),('03 Desember 2018','CMS-KWL-2',22,'','','','',''),('03 Desember 2018','CMS-KWL-2',23,'','','','',''),('03 Desember 2018','CMS-KWL-2',24,'','','','',''),('03 Desember 2018','CMS-BJR-1',1,'','6.240','0,47','2.958','PUTUS'),('03 Desember 2018','CMS-BJR-1',2,'','5.002','0,23','1.172','PUTUS'),('03 Desember 2018','CMS-BJR-1',3,'','6.240','0,39','2.418','PUTUS'),('03 Desember 2018','CMS-BJR-1',4,'','5.008','0,24','1.191','PUTUS'),('03 Desember 2018','CMS-BJR-1',5,'','5.003','0,23','1.128','PUTUS'),('03 Desember 2018','CMS-BJR-1',6,'','6.237','0,48','2.991','PUTUS'),('03 Desember 2018','CMS-BJR-1',7,'','5.007','0,35','1.759','PUTUS'),('03 Desember 2018','CMS-BJR-1',8,'','5.007','0,42','2.117','PUTUS'),('03 Desember 2018','CMS-BJR-1',9,'','5.004','0,21','1.053','PUTUS'),('03 Desember 2018','CMS-BJR-1',10,'','5.004','0,39','1.946','PUTUS'),('03 Desember 2018','CMS-BJR-1',11,'','5.004','0,46','2.309','PUTUS'),('03 Desember 2018','CMS-BJR-1',12,'','5.002','0,34','1.694','PUTUS'),('03 Desember 2018','CMS-BJR-1',13,'','','','','TC OTB MON G.652 Core 01 (PT.KAI)'),('03 Desember 2018','CMS-BJR-1',14,'','','','','TC OTB MON G.652 Core 02 (PT.KAI)'),('03 Desember 2018','CMS-BJR-1',15,'','6.238','0,31','1.913','PUTUS'),('03 Desember 2018','CMS-BJR-1',16,'','6.237','0,29','1.787','PUTUS'),('03 Desember 2018','CMS-BJR-1',17,'','4.879','0,25','1.218','PUTUS'),('03 Desember 2018','CMS-BJR-1',18,'','4.130','0,26','1.057','PUTUS'),('03 Desember 2018','CMS-BJR-1',19,'','5.003','0,27','1.359','PUTUS'),('03 Desember 2018','CMS-BJR-1',20,'','5.006','0,21','1.056','PUTUS'),('03 Desember 2018','CMS-BJR-1',21,'','5.004','0,20','979','PUTUS'),('03 Desember 2018','CMS-BJR-1',22,'','5.007','0,34','1.687','PUTUS'),('03 Desember 2018','CMS-BJR-1',23,'','5.002','0,25','1.239','PUTUS'),('03 Desember 2018','CMS-BJR-1',24,'','1.734','1,50','2.601','PUTUS'),('03 Desember 2018','CMS-BJR-1',25,'ISI','','','','SAGEM BJR'),('03 Desember 2018','CMS-BJR-1',26,'','','','','TC OTB MON G.652 Core 03 Rel'),('03 Desember 2018','CMS-BJR-1',27,'','','','','TC OTB MON G.652 Core 04 Rel'),('03 Desember 2018','CMS-BJR-1',28,'ISI','','','','SAGEM BJR'),('03 Desember 2018','CMS-BJR-1',29,'','6.242','0,34','2.134','PUTUS'),('03 Desember 2018','CMS-BJR-1',30,'','6.242','0,36','2.265','PUTUS'),('03 Desember 2018','CMS-BJR-1',31,'','6.241','0,38','2.352','PUTUS'),('03 Desember 2018','CMS-BJR-1',32,'','6.240','0,46','2.885','PUTUS'),('03 Desember 2018','CMS-BJR-1',33,'ISI','','','','DSLAM'),('03 Desember 2018','CMS-BJR-1',34,'ISI','','','','DSLAM'),('03 Desember 2018','CMS-BJR-1',35,'ISI','','','','OAN'),('03 Desember 2018','CMS-BJR-1',36,'ISI','','','','OAN'),('03 Desember 2018','CMS-BJR-2',1,'ISI','16.892','','4.037','PUTUS RUSAK'),('03 Desember 2018','CMS-BJR-2',2,'','','','','METRO 1\\1\\3'),('03 Desember 2018','CMS-BJR-2',3,'','16.890','','4.803','PUTUS RUSAK'),('03 Desember 2018','CMS-BJR-2',4,'','27.471','','6.586','KOSONG IDLE'),('03 Desember 2018','CMS-BJR-2',5,'ISI','','','','METRO 1\\2\\1'),('03 Desember 2018','CMS-BJR-2',6,'','1.250','','764','PUTUS'),('03 Desember 2018','CMS-BJR-2',7,'','27.513','','7.011','KOSONG IDLE'),('03 Desember 2018','CMS-BJR-2',8,'ISI','','','','Trunk metro port 2/1/1'),('03 Desember 2018','CMS-BJR-2',9,'','','','','NO TRACE'),('03 Desember 2018','CMS-BJR-2',10,'ISI','','','','T-SEL Core 10'),('03 Desember 2018','CMS-BJR-2',11,'ISI','','','','TC OTB MON CORE 7 KT 12 '),('03 Desember 2018','CMS-BJR-2',12,'ISI','','','','TC OTB MON CORE 8 KT 12 '),('03 Desember 2018','CMS-BJR-2',13,'ISI','','','','METRO 2/1/1 TO OTB MON CORE 11 KT 12  '),('03 Desember 2018','CMS-BJR-2',14,'ISI','','','','METRO 2/1/1 TO OTB MON CORE 12 KT 12'),('03 Desember 2018','CMS-BJR-2',15,'','10.193','','2.513','PUTUS'),('03 Desember 2018','CMS-BJR-2',16,'ISI','','','','SAGEM'),('03 Desember 2018','CMS-BJR-2',17,'ISI','','','','SAGEM'),('03 Desember 2018','CMS-BJR-2',18,'ISI','','','','Trunk metro 4/1/2 bjr 3/1/2'),('03 Desember 2018','CMS-BJR-2',19,'ISI','','','','TC SPLICE TELKOMSEL OTB TSN CMS CORE 1'),('03 Desember 2018','CMS-BJR-2',20,'ISI','','','','TC SPLICE TELKOMSEL OTB TSN CMS CORE 2'),('03 Desember 2018','CMS-BJR-2',21,'ISI','','','','TELKOMSEL BACKBONE T/SEL BJR 31,KWL 21'),('03 Desember 2018','CMS-BJR-2',22,'ISI','','','','TELKOMSEL BACKBONE T/SEL BJR 32,KWL 22'),('03 Desember 2018','CMS-BJR-2',23,'ISI','','','','TELKOMSEL BACKBONE T/SEL BJR 33,KLW 23'),('03 Desember 2018','CMS-BJR-2',24,'ISI','','','','TELKOMSEL BACKBONE T/SEL BJR 34,KWL 23'),('03 Desember 2018','CMS-BJR-2',25,'ISI','','','','TC TSM-CMS-BJR'),('03 Desember 2018','CMS-BJR-2',26,'ISI','','','','TC TSM-CMS-BJR'),('03 Desember 2018','CMS-BJR-2',27,'ISI','','','','TC TSM-CMS-BJR'),('03 Desember 2018','CMS-BJR-2',28,'ISI','','','','TC TSM-CMS-BJR'),('03 Desember 2018','CMS-BJR-2',29,'ISI','','','','TC TSM-CMS-BJR'),('03 Desember 2018','CMS-BJR-2',30,'','','','','IDLE CORE 30 BJR'),('03 Desember 2018','CMS-BJR-2',31,'','','','','IDLE CORE 31 BJR'),('03 Desember 2018','CMS-BJR-2',32,'','55.768','','17.443','KOSONG IDLE'),('03 Desember 2018','CMS-BJR-2',33,'','27.522','','6.683','KOSONG IDLE'),('03 Desember 2018','CMS-BJR-2',34,'','','','','TC BJR'),('03 Desember 2018','CMS-BJR-2',35,'','27.480','','7.520','KOSONG IDLE'),('03 Desember 2018','CMS-BJR-2',36,'','27.522','','6.846','KOSONG IDLE'),('03 Desember 2018','CMS-BJR-2',37,'','','','','TC BJR'),('03 Desember 2018','CMS-BJR-2',38,'','','','','TC BJR'),('03 Desember 2018','CMS-BJR-2',39,'ISI','','','','Trunk metro 4/1/2 bjr 3/1/2'),('03 Desember 2018','CMS-BJR-2',40,'','27.534','','7.030',' KOSONG IDLE'),('03 Desember 2018','CMS-BJR-2',41,'','','','','TC BJR'),('03 Desember 2018','CMS-BJR-2',42,'','','','','TC BJR'),('03 Desember 2018','CMS-BJR-2',43,'','27.534','','7.880','KOSONG IDLE'),('03 Desember 2018','CMS-BJR-2',44,'','27.532','','7.857','KOSONG IDLE'),('03 Desember 2018','CMS-BJR-2',45,'','','','','TC BJR'),('03 Desember 2018','CMS-BJR-2',46,'','','','','TC BJR'),('03 Desember 2018','CMS-BJR-2',47,'','','','','TC BJR'),('03 Desember 2018','CMS-BJR-2',48,'','27.533','','6.770','KOSONG IDLE'),('03 Desember 2018','CMS-MON',1,'','9.168','0,49 ','4.534',''),('03 Desember 2018','CMS-MON',2,'','9.723','0,46 ','4.473',''),('03 Desember 2018','CMS-MON',3,'','9.168','0,49 ','4.534',''),('03 Desember 2018','CMS-MON',4,'','9.723','0,46 ','4.473',''),('03 Desember 2018','CMS-MON',5,'','9.168','0,49 ','4.534',''),('03 Desember 2018','CMS-MON',6,'','9.723','0,46 ','4.473',''),('03 Desember 2018','CMS-MON',7,'','9.168','0,49 ','4.534',''),('03 Desember 2018','CMS-MON',8,'','9.723','0,46 ','4.473',''),('03 Desember 2018','CMS-MON',9,'','9.168','0,49 ','4.534',''),('03 Desember 2018','CMS-MON',10,'','9.723','0,46 ','4.473',''),('03 Desember 2018','CMS-MON',11,'','20.463','0,28 ','5.630',''),('03 Desember 2018','CMS-MON',12,'','20.473','0,26 ','5.423',''),('03 Desember 2018','KWL-CKJ-1',1,'','','','','NO TRACE'),('03 Desember 2018','KWL-CKJ-1',2,'','8.189','0,48','3.940',''),('03 Desember 2018','KWL-CKJ-1',3,'','35.670','0,34','12.175',''),('03 Desember 2018','KWL-CKJ-1',4,'','35.672','0,34','12.156',''),('03 Desember 2018','KWL-CKJ-1',5,'','35.668','0,37','13.273',''),('03 Desember 2018','KWL-CKJ-1',6,'','','','','NO TRACE'),('03 Desember 2018','KWL-CKJ-1',7,'','35.670','0,34','12.294',''),('03 Desember 2018','KWL-CKJ-1',8,'','35.670','0,33','11.921',''),('03 Desember 2018','KWL-CKJ-1',9,'','8.192','0,36','2.969',''),('03 Desember 2018','KWL-CKJ-1',10,'','1.250','1,03','1.285',''),('03 Desember 2018','KWL-CKJ-1',11,'','35.665','0,36','12.667',''),('03 Desember 2018','KWL-CKJ-1',12,'','35.667','0,34','12.016',''),('03 Desember 2018','KWL-CKJ-1',13,'','35.658','0,34','12.147',''),('03 Desember 2018','KWL-CKJ-1',14,'','35.656','0,34','12.298',''),('03 Desember 2018','KWL-CKJ-1',15,'','8.186','0,57','4.697',''),('03 Desember 2018','KWL-CKJ-1',16,'','35.656','0,34','12.192',''),('03 Desember 2018','KWL-CKJ-1',17,'','35.657','0,33','11.880',''),('03 Desember 2018','KWL-CKJ-1',18,'','35.654','0,33','11.933',''),('03 Desember 2018','KWL-CKJ-1',19,'','35.653','0,35','12.618',''),('03 Desember 2018','KWL-CKJ-1',20,'','35.662','0,33','11.916',''),('03 Desember 2018','KWL-CKJ-1',21,'','35.656','0,34','11.995',''),('03 Desember 2018','KWL-CKJ-1',22,'','35.657','0,33','11.839',''),('03 Desember 2018','KWL-CKJ-1',23,'','35.653','0,34','12.066',''),('03 Desember 2018','KWL-CKJ-1',24,'','8.187','0,38','3.079',''),('03 Desember 2018','KWL-CKJ-1',25,'','35.689','0,35','12.631',''),('03 Desember 2018','KWL-CKJ-1',26,'','35.683','0,35','12.401',''),('03 Desember 2018','KWL-CKJ-1',27,'','35.691','0,35','12.457',''),('03 Desember 2018','KWL-CKJ-1',28,'ISI','','','','TC TO OTB CMS 36'),('03 Desember 2018','KWL-CKJ-1',29,'','','','','BAD ADAFTER'),('03 Desember 2018','KWL-CKJ-1',30,'','35.689','0,35','12.590',''),('03 Desember 2018','KWL-CKJ-1',31,'','35.691','0,35','12.654',''),('03 Desember 2018','KWL-CKJ-1',32,'','35.686','0,38','13.599',''),('03 Desember 2018','KWL-CKJ-1',33,'','35.671','0,36','12.802',''),('03 Desember 2018','KWL-CKJ-1',34,'','35.688','0,34','12.101',''),('03 Desember 2018','KWL-CKJ-1',35,'','35.686','0,37','13.165',''),('03 Desember 2018','KWL-CKJ-1',36,'ISI','','','','TC TO OTB CMS 36'),('03 Desember 2018','KWL-CKJ-1',37,'','35.684','0,35','12.636',''),('03 Desember 2018','KWL-CKJ-1',38,'','35.684','0,37','13.172',''),('03 Desember 2018','KWL-CKJ-1',39,'','35.666','0,34','12.123',''),('03 Desember 2018','KWL-CKJ-1',40,'','35.690','0,35','12.512',''),('03 Desember 2018','KWL-CKJ-1',41,'ISI','','','','RMJ RING 17'),('03 Desember 2018','KWL-CKJ-1',42,'','19.067','0,24','4.507','Putus ex co tgl 25/06/18'),('03 Desember 2018','KWL-CKJ-1',43,'ISI','','','','TRUNK METRO JWB KNG'),('03 Desember 2018','KWL-CKJ-1',44,'ISI','','','','TRUNK METRO JWB KNG'),('03 Desember 2018','KWL-CKJ-1',45,'','35.688','0,35','12.407',''),('03 Desember 2018','KWL-CKJ-1',46,'ISI','','','','RMJ RING 17'),('03 Desember 2018','KWL-CKJ-1',47,'','35.681','0,35','12.340',''),('03 Desember 2018','KWL-CKJ-1',48,'','35.677','0,35','12.360',''),('03 Desember 2018','KWL-CKJ-2',1,'','3.005','1,00','2.992','RUSAK'),('03 Desember 2018','KWL-CKJ-2',2,'','3.005','0,43','1.299','RUSAK'),('03 Desember 2018','KWL-CKJ-2',3,'','3.005','0,68','2.038','RUSAK'),('03 Desember 2018','KWL-CKJ-2',4,'','3.004','1,01','3.030','RUSAK'),('03 Desember 2018','KWL-CKJ-2',5,'','','','','NO TRACE'),('03 Desember 2018','KWL-CKJ-2',6,'','3.004','0,64','1.910','RUSAK'),('03 Desember 2018','KWL-CKJ-2',7,'','3.004','1,23','3.685','RUSAK'),('03 Desember 2018','KWL-CKJ-2',8,'','3.004','0,26','769','RUSAK'),('03 Desember 2018','KWL-CKJ-2',9,'','3.004','1,51','4.527','RUSAK'),('03 Desember 2018','KWL-CKJ-2',10,'','3.004','0,72','2.163','RUSAK'),('03 Desember 2018','KWL-CKJ-2',11,'','3.004','1,07','3.223','RUSAK'),('03 Desember 2018','KWL-CKJ-2',12,'','3.004','0,64','1.922','RUSAK'),('03 Desember 2018','KWL-CKJ-2',13,'','3.004','0,41','1.243','RUSAK'),('03 Desember 2018','KWL-CKJ-2',14,'','3.004','0,69','2.062','RUSAK'),('03 Desember 2018','KWL-CKJ-2',15,'','3.004','0,65','1.952','RUSAK'),('03 Desember 2018','KWL-CKJ-2',16,'','','','','NO TRACE'),('03 Desember 2018','KWL-CKJ-2',17,'','3.004','0,26','791','RUSAK'),('03 Desember 2018','KWL-CKJ-2',18,'','','','','NO TRACE'),('03 Desember 2018','KWL-CKJ-2',19,'','3.004','0,68','2.041','RUSAK'),('03 Desember 2018','KWL-CKJ-2',20,'','3.004','0,23','681','RUSAK'),('03 Desember 2018','KWL-CKJ-2',21,'','3.004','0,23','681','RUSAK'),('03 Desember 2018','KWL-CKJ-2',22,'','3.004','0,64','1.924','RUSAK'),('03 Desember 2018','KWL-CKJ-2',23,'','3.004','0,47','1.416','RUSAK');
INSERT INTO `tb_data` VALUES ('03 Desember 2018','KWL-CKJ-2',24,'','3.004','0,64','1.926','RUSAK'),('03 Desember 2018','KWL-CAW',1,'','36.539','0,25','9.087',''),('03 Desember 2018','KWL-CAW',2,'','36.544','0,24','8.784',''),('03 Desember 2018','KWL-CAW',3,'','36.544','0,23','8.495',''),('03 Desember 2018','KWL-CAW',4,'','36.547','0,30','10.873',''),('03 Desember 2018','KWL-CAW',5,'ISI','','','','TRUNK METRO CAW'),('03 Desember 2018','KWL-CAW',6,'ISI','','','','TRUNK METRO CAW'),('03 Desember 2018','KWL-CAW',7,'ISI','','','','TRUNK METRO CAW'),('03 Desember 2018','KWL-CAW',8,'ISI','','','','TRUNK METRO CAW'),('03 Desember 2018','KWL-CAW',9,'','36.544','0,25','9.080',''),('03 Desember 2018','KWL-CAW',10,'','36.529','0,24','8.607',''),('03 Desember 2018','KWL-CAW',11,'','4.354','0,26','1.116','PUTUS'),('03 Desember 2018','KWL-CAW',12,'','36.543','0,23','8.241',''),('03 Desember 2018','KWL-CAW',13,'','44.221','0,24','10.442',''),('03 Desember 2018','KWL-CAW',14,'','26.230','0,21','5.486',''),('03 Desember 2018','KWL-CAW',15,'','18.881','0,24','4.451','PUTUS'),('03 Desember 2018','KWL-CAW',16,'','18.874','0,22','4.212','PUTUS'),('03 Desember 2018','KWL-CAW',17,'','44.222','0,27','11.803',''),('03 Desember 2018','KWL-CAW',18,'','44.215','0,24','10.604',''),('03 Desember 2018','KWL-CAW',19,'','18.209','0,24','4.328','PUTUS'),('03 Desember 2018','KWL-CAW',20,'','18.205','0,23','4.142','PUTUS'),('03 Desember 2018','KWL-CAW',21,'','18.203','0,22','3.960','PUTUS'),('03 Desember 2018','KWL-CAW',22,'','1.250','1,39','1.743','PUTUS'),('03 Desember 2018','KWL-CAW',23,'','44.224','0,22','9.535',''),('03 Desember 2018','KWL-CAW',24,'','44.215','0,23','10.103',''),('03 Desember 2018','KWL-CMS-1',1,'','21.656','0,23','5.013',''),('03 Desember 2018','KWL-CMS-1',2,'','21.655','0,23','5.001',''),('03 Desember 2018','KWL-CMS-1',3,'ISI','','','','RMJ 1650 CMS'),('03 Desember 2018','KWL-CMS-1',4,'ISI','','','','RMJ 1650 CMS'),('03 Desember 2018','KWL-CMS-1',5,'ISI','','','','TRUNK ME-B-JWB-CMS'),('03 Desember 2018','KWL-CMS-1',6,'ISI','','','','TRUNK ME-B-JWB-CMS'),('03 Desember 2018','KWL-CMS-1',7,'ISI','','','','TRUNK ME-A-JWB-KNG'),('03 Desember 2018','KWL-CMS-1',8,'ISI','','','','TRUNK ME-A-JWB-KNG'),('03 Desember 2018','KWL-CMS-1',9,'','21.657','0,23','4.976',''),('03 Desember 2018','KWL-CMS-1',10,'','21.654','0,22','4.787',''),('03 Desember 2018','KWL-CMS-1',11,'','21.654','0,27','5.746',''),('03 Desember 2018','KWL-CMS-1',12,'','21.652','0,23','4.940',''),('03 Desember 2018','KWL-CMS-1',13,'ISI','','','','ZTE RING 2 '),('03 Desember 2018','KWL-CMS-1',14,'ISI','','','','ZTE RING 2 '),('03 Desember 2018','KWL-CMS-1',15,'','21.656','0,23','4.886','NO TRACE'),('03 Desember 2018','KWL-CMS-1',16,'','21.654','0,23','5.078',''),('03 Desember 2018','KWL-CMS-1',17,'ISI','','','','SAGEM'),('03 Desember 2018','KWL-CMS-1',18,'ISI','','','','SAGEM'),('03 Desember 2018','KWL-CMS-1',19,'','21.652','0,27','5.740',''),('03 Desember 2018','KWL-CMS-1',20,'','21.653','0,22','4.854',''),('03 Desember 2018','KWL-CMS-1',21,'','21.653','0,23','4.966',''),('03 Desember 2018','KWL-CMS-1',22,'','21.655','0,23','4.905',''),('03 Desember 2018','KWL-CMS-1',23,'','21.655','0,24','5.167',''),('03 Desember 2018','KWL-CMS-1',24,'','21.652','0,24','5.260',''),('03 Desember 2018','KWL-CMS-1',25,'ISI','','','','TRUNK ME-B-JWB-CMS PORT 2/2/1'),('03 Desember 2018','KWL-CMS-1',26,'ISI','','','','TRUNK ME-B-JWB-CMS PORT 2/2/1'),('03 Desember 2018','KWL-CMS-1',27,'','1.250','0,94','1.172',''),('03 Desember 2018','KWL-CMS-1',28,'ISI','','','','TO OTB CMS CORE 28'),('03 Desember 2018','KWL-CMS-1',29,'','49.123','0,25','12.451',''),('03 Desember 2018','KWL-CMS-1',30,'','21.657','0,22','4.831',''),('03 Desember 2018','KWL-CMS-1',31,'','46.618','0,25','11.806',''),('03 Desember 2018','KWL-CMS-1',32,'','39.539','0,25','9.995',''),('03 Desember 2018','KWL-CMS-1',33,'','49.120','0,26','12.530',''),('03 Desember 2018','KWL-CMS-1',34,'','49.119','0,26','13.015',''),('03 Desember 2018','KWL-CMS-1',35,'','21.659','0,43','9.272',''),('03 Desember 2018','KWL-CMS-1',36,'ISI','','','','TO OTB CMS CORE 28'),('03 Desember 2018','KWL-CMS-1',37,'','21.652','0,22','4.828',''),('03 Desember 2018','KWL-CMS-1',38,'','21.654','0,23','4.990',''),('03 Desember 2018','KWL-CMS-1',39,'','21.651','0,23','5.052',''),('03 Desember 2018','KWL-CMS-1',40,'','21.652','0,30','6.528',''),('03 Desember 2018','KWL-CMS-1',41,'','21.654','0,23','5.028',''),('03 Desember 2018','KWL-CMS-1',42,'','21.646','0,22','4.823',''),('03 Desember 2018','KWL-CMS-1',43,'','21.650','0,24','5.234',''),('03 Desember 2018','KWL-CMS-1',44,'','','','','SPLICE '),('03 Desember 2018','KWL-CMS-1',45,'','','','','SPLICE '),('03 Desember 2018','KWL-CMS-1',46,'','21.650','0,28','6.074',''),('03 Desember 2018','KWL-CMS-1',47,'','21.653','0,31','6.759',''),('03 Desember 2018','KWL-CMS-1',48,'','21.650','0,34','7.349',''),('03 Desember 2018','KWL-CMS-2',1,'','','','',''),('03 Desember 2018','KWL-CMS-2',2,'','','','',''),('03 Desember 2018','KWL-CMS-2',3,'','','','',''),('03 Desember 2018','KWL-CMS-2',4,'','','','',''),('03 Desember 2018','KWL-CMS-2',5,'','','','',''),('03 Desember 2018','KWL-CMS-2',6,'','','','',''),('03 Desember 2018','KWL-CMS-2',7,'','','','',''),('03 Desember 2018','KWL-CMS-2',8,'','','','',''),('03 Desember 2018','KWL-CMS-2',9,'','','','',''),('03 Desember 2018','KWL-CMS-2',10,'','','','',''),('03 Desember 2018','KWL-CMS-2',11,'','','','',''),('03 Desember 2018','KWL-CMS-2',12,'','','','',''),('03 Desember 2018','KWL-CMS-2',13,'','','','',''),('03 Desember 2018','KWL-CMS-2',14,'','','','',''),('03 Desember 2018','KWL-CMS-2',15,'','','','',''),('03 Desember 2018','KWL-CMS-2',16,'','','','',''),('03 Desember 2018','KWL-CMS-2',17,'','','','',''),('03 Desember 2018','KWL-CMS-2',18,'','','','',''),('03 Desember 2018','KWL-CMS-2',19,'','','','',''),('03 Desember 2018','KWL-CMS-2',20,'','','','',''),('03 Desember 2018','KWL-CMS-2',21,'','','','',''),('03 Desember 2018','KWL-CMS-2',22,'','','','',''),('03 Desember 2018','KWL-CMS-2',23,'','','','',''),('03 Desember 2018','KWL-CMS-2',24,'','','','',''),('03 Desember 2018','CKJ-KWL-1',1,'','35.676','0,34','12.158',''),('03 Desember 2018','CKJ-KWL-1',2,'','35.669','0,45','15.880',''),('03 Desember 2018','CKJ-KWL-1',3,'','12.477','0,32','3.981','PUTUS'),('03 Desember 2018','CKJ-KWL-1',4,'','35.676','0,35','12.422',''),('03 Desember 2018','CKJ-KWL-1',5,'','35.671','0,41','14.525','BENDING 30.179(0.84),31.174(0.85)'),('03 Desember 2018','CKJ-KWL-1',6,'','35.669','0,33','11.937',''),('03 Desember 2018','CKJ-KWL-1',7,'','35.674','0,38','13.708',''),('03 Desember 2018','CKJ-KWL-1',8,'','35.674','0,36','12.969',''),('03 Desember 2018','CKJ-KWL-1',9,'','35.679','0,37','13.206',''),('03 Desember 2018','CKJ-KWL-1',10,'','35.671','0,34','12.019',''),('03 Desember 2018','CKJ-KWL-1',11,'','35.669','0,40','14.422',''),('03 Desember 2018','CKJ-KWL-1',12,'','35.656','0,38','13.679',''),('03 Desember 2018','CKJ-KWL-1',13,'','35.663','0,33','11.836',''),('03 Desember 2018','CKJ-KWL-1',14,'','35.661','0,37','13.103',''),('03 Desember 2018','CKJ-KWL-1',15,'','35.656','0,33','11.749',''),('03 Desember 2018','CKJ-KWL-1',16,'','13.575','0,37','4.964','PUTUS'),('03 Desember 2018','CKJ-KWL-1',17,'','35.663','0,33','11.788',''),('03 Desember 2018','CKJ-KWL-1',18,'','35.658','0,35','12.357',''),('03 Desember 2018','CKJ-KWL-1',19,'','35.658','0,34','12.222',''),('03 Desember 2018','CKJ-KWL-1',20,'','35.666','0,35','12.490',''),('03 Desember 2018','CKJ-KWL-1',21,'','35.661','0,35','12.423',''),('03 Desember 2018','CKJ-KWL-1',22,'','35.663','0,33','11.626',''),('03 Desember 2018','CKJ-KWL-1',23,'','35.658','0,36','12.785',''),('03 Desember 2018','CKJ-KWL-1',24,'','35.658','0,34','12.198',''),('03 Desember 2018','CKJ-KWL-1',25,'','35.689','0,35','12.481',''),('03 Desember 2018','CKJ-KWL-1',26,'','35.694','0,37','13.200',''),('03 Desember 2018','CKJ-KWL-1',27,'','35.697','0,34','12.195',''),('03 Desember 2018','CKJ-KWL-1',28,'ISI','','','','IN ZTE CKJ-TSM OUTER'),('03 Desember 2018','CKJ-KWL-1',29,'','35.697','0,00','','BENDING 10.678(4.99)'),('03 Desember 2018','CKJ-KWL-1',30,'','35.697','0,36','12.826',''),('03 Desember 2018','CKJ-KWL-1',31,'','13.587','0,35','4.720','PUTUS'),('03 Desember 2018','CKJ-KWL-1',32,'','35.692','0,38','13.579',''),('03 Desember 2018','CKJ-KWL-1',33,'','13.595','0,33','4.427','PUTUS'),('03 Desember 2018','CKJ-KWL-1',34,'','27.507','0,35','9.596','PUTUS'),('03 Desember 2018','CKJ-KWL-1',35,'','35.692','0,39','14.053',''),('03 Desember 2018','CKJ-KWL-1',36,'ISI','','','','IN ZTE CKJ-TSM OUTER'),('03 Desember 2018','CKJ-KWL-1',37,'','35.689','0,35','12.631',''),('03 Desember 2018','CKJ-KWL-1',38,'','35.689','0,37','13.207',''),('03 Desember 2018','CKJ-KWL-1',39,'','35.686','0,36','12.750',''),('03 Desember 2018','CKJ-KWL-1',40,'','35.694','0,36','12.908',''),('03 Desember 2018','CKJ-KWL-1',41,'','16.612','0,35','5.830','PUTUS'),('03 Desember 2018','CKJ-KWL-1',42,'','16.617','0,33','5.524','PUTUS'),('03 Desember 2018','CKJ-KWL-1',43,'ISI','','','','METRO KNG-KWL'),('03 Desember 2018','CKJ-KWL-1',44,'ISI','','','','METRO KNG-KWL'),('03 Desember 2018','CKJ-KWL-1',45,'','NO TRACE','','','PUTUS'),('03 Desember 2018','CKJ-KWL-1',46,'','35.681','0,35','12.544',''),('03 Desember 2018','CKJ-KWL-1',47,'ISI','','','','AL-CATEL STM-16 CKJ-CMS'),('03 Desember 2018','CKJ-KWL-1',48,'ISI','','','','AL-CATEL STM-16 CKJ-CMS'),('03 Desember 2018','CKJ-KWL-2',1,'','4.407','0,18','781','PUTUS'),('03 Desember 2018','CKJ-KWL-2',2,'','4.405','0,13','562','PUTUS'),('03 Desember 2018','CKJ-KWL-2',3,'','4.407','0,16','687','PUTUS'),('03 Desember 2018','CKJ-KWL-2',4,'','4.407','0,17','767','PUTUS'),('03 Desember 2018','CKJ-KWL-2',5,'','4.412','0,28','1.257','PUTUS'),('03 Desember 2018','CKJ-KWL-2',6,'','NO TRACE','','','PUTUS'),('03 Desember 2018','CKJ-KWL-2',7,'','4.407','0,18','778','PUTUS'),('03 Desember 2018','CKJ-KWL-2',8,'','4.407','0,17','742','PUTUS'),('03 Desember 2018','CKJ-KWL-2',9,'','4.410','0,21','916','PUTUS'),('03 Desember 2018','CKJ-KWL-2',10,'','4.407','0,23','1.022','PUTUS'),('03 Desember 2018','CKJ-KWL-2',11,'','4.407','0,20','891','PUTUS'),('03 Desember 2018','CKJ-KWL-2',12,'','4.407','0,14','638','PUTUS'),('03 Desember 2018','CKJ-KWL-2',13,'','4.407','0,17','762','PUTUS'),('03 Desember 2018','CKJ-KWL-2',14,'','NO TRACE','','','PUTUS'),('03 Desember 2018','CKJ-KWL-2',15,'','4.422','0,17','750','PUTUS'),('03 Desember 2018','CKJ-KWL-2',16,'','4.410','0,16','725','PUTUS'),('03 Desember 2018','CKJ-KWL-2',17,'','4.410','0,24','1.077','PUTUS'),('03 Desember 2018','CKJ-KWL-2',18,'','4.407','0,17','755','PUTUS'),('03 Desember 2018','CKJ-KWL-2',19,'','4.407','0,17','735','PUTUS'),('03 Desember 2018','CKJ-KWL-2',20,'','NO TRACE','','','PUTUS'),('03 Desember 2018','CKJ-KWL-2',21,'','4.407','0,16','715','PUTUS'),('03 Desember 2018','CKJ-KWL-2',22,'','4.407','0,16','709','PUTUS'),('03 Desember 2018','CKJ-KWL-2',23,'','4.407','0,21','926','PUTUS'),('03 Desember 2018','CKJ-KWL-2',24,'','NO TRACE','','','PUTUS'),('03 Desember 2018','CKJ-RJP',1,'','43.823','0,23','10.047',''),('03 Desember 2018','CKJ-RJP',2,'','43.818','0,25','10.906',''),('03 Desember 2018','CKJ-RJP',3,'','25.343','0,23','5.849','PUTUS'),('03 Desember 2018','CKJ-RJP',4,'','43.815','0,24','10.552',''),('03 Desember 2018','CKJ-RJP',5,'','43.818','0,24','10.658',''),('03 Desember 2018','CKJ-RJP',6,'','43.810','0,24','10.345',''),('03 Desember 2018','CKJ-RJP',7,'','43.828','0,25','10.926',''),('03 Desember 2018','CKJ-RJP',8,'','43.815','0,24','10.368',''),('03 Desember 2018','CKJ-RJP',9,'','43.813','0,25','10.973',''),('03 Desember 2018','CKJ-RJP',10,'','43.820','0,24','10.436',''),('03 Desember 2018','CKJ-RJP',11,'ISI','','','','METRO CKJ-TSM'),('03 Desember 2018','CKJ-RJP',12,'ISI','','','','METRO CKJ-TSM'),('03 Desember 2018','CKJ-RJP',13,'','44.203','0,26','11.678',''),('03 Desember 2018','CKJ-RJP',14,'','17.990','0,23','4.159','PUTUS'),('03 Desember 2018','CKJ-RJP',15,'ISI','','','','M 820'),('03 Desember 2018','CKJ-RJP',16,'ISI','','','','M 820'),('03 Desember 2018','CKJ-RJP',17,'','44.203','0,32','14.146',''),('03 Desember 2018','CKJ-RJP',18,'','44.195','0,26','11.510',''),('03 Desember 2018','CKJ-RJP',19,'','26.001','0,29','7.563','PUTUS'),('03 Desember 2018','CKJ-RJP',20,'','17.990','0,25','4.428','PUTUS'),('03 Desember 2018','CKJ-RJP',21,'','26.004','0,29','7.590','PUTUS'),('03 Desember 2018','CKJ-RJP',22,'','26.011','0,31','7.948','PUTUS'),('03 Desember 2018','CKJ-RJP',23,'','44.206','0,24','10.741',''),('03 Desember 2018','CKJ-RJP',24,'','44.198','0,27','11.826',''),('03 Desember 2018','CKJ-RJP',25,'','43.833','0,24','10.700',''),('03 Desember 2018','CKJ-RJP',26,'','43.836','0,24','10.679',''),('03 Desember 2018','CKJ-RJP',27,'','43.836','0,25','10.891',''),('03 Desember 2018','CKJ-RJP',28,'','43.830','0,26','11.560',''),('03 Desember 2018','CKJ-RJP',29,'','43.830','0,24','10.413',''),('03 Desember 2018','CKJ-RJP',30,'','43.830','0,25','10.991',''),('03 Desember 2018','CKJ-RJP',31,'','43.830','0,25','10.845',''),('03 Desember 2018','CKJ-RJP',32,'','43.833','0,24','10.348',''),('03 Desember 2018','CKJ-RJP',33,'','43.838','0,25','11.150',''),('03 Desember 2018','CKJ-RJP',34,'','43.830','0,27','11.733',''),('03 Desember 2018','CKJ-RJP',35,'','43.836','0,24','10.518',''),('03 Desember 2018','CKJ-RJP',36,'','43.833','0,24','10.436',''),('03 Desember 2018','CKJ-RJP',37,'','43.815','0,24','10.647',''),('03 Desember 2018','CKJ-RJP',38,'','43.815','0,24','10.656',''),('03 Desember 2018','CKJ-RJP',39,'','43.818','0,25','11.082',''),('03 Desember 2018','CKJ-RJP',40,'','43.818','0,24','10.658',''),('03 Desember 2018','CKJ-RJP',41,'','59.409','0,25','15.017','SPARE CKJ-TSM'),('03 Desember 2018','CKJ-RJP',42,'','59.404','0,27','15.909','SPARE CKJ-TSM'),('03 Desember 2018','CKJ-RJP',43,'','43.810','0,24','10.633',''),('03 Desember 2018','CKJ-RJP',44,'','43.813','0,24','10.464',''),('03 Desember 2018','CKJ-RJP',45,'','59.404','0,25','14.959','SPARE CKJ-TSM'),('03 Desember 2018','CKJ-RJP',46,'','59.409','0,25','14.747','SPARE CKJ-TSM'),('03 Desember 2018','CKJ-RJP',47,'ISI','','','','INNER CKJ-TSM'),('03 Desember 2018','CKJ-RJP',48,'ISI','','','','INNER CKJ-TSM'),('03 Desember 2018','SDA-BJR-1',1,'','50.860','0,26','13.429',''),('03 Desember 2018','SDA-BJR-1',2,'','','','','NO TRACE'),('03 Desember 2018','SDA-BJR-1',3,'','','','','NO TRACE'),('03 Desember 2018','SDA-BJR-1',4,'','95.609','0,27','25.493',''),('03 Desember 2018','SDA-BJR-1',5,'','','','','NO TRACE'),('03 Desember 2018','SDA-BJR-1',6,'','50.798','0,30','15.100',''),('03 Desember 2018','SDA-BJR-1',7,'','50.823','0,30','15.197',''),('03 Desember 2018','SDA-BJR-1',8,'','18.191','0,24','4.419',''),('03 Desember 2018','SDA-BJR-1',9,'','50.813','0,29','14.705',''),('03 Desember 2018','SDA-BJR-1',10,'','','','','NO TRACE'),('03 Desember 2018','SDA-BJR-1',11,'','','','','NO TRACE'),('03 Desember 2018','SDA-BJR-1',12,'','95.159','0,28','26.779',''),('03 Desember 2018','SDA-BJR-1',13,'','','','','NO TRACE'),('03 Desember 2018','SDA-BJR-1',14,'','40.840','0,26','10.754',''),('03 Desember 2018','SDA-BJR-1',15,'','','','','NO TRACE'),('03 Desember 2018','SDA-BJR-1',16,'','50.832','0,30','15.096',''),('03 Desember 2018','SDA-BJR-1',17,'','','','','NO TRACE'),('03 Desember 2018','SDA-BJR-1',18,'','40.835','0,32','13.271',''),('03 Desember 2018','SDA-BJR-1',19,'','','','','NO TRACE'),('03 Desember 2018','SDA-BJR-1',20,'','50.835','0,29','14.602',''),('03 Desember 2018','SDA-BJR-1',21,'','','','','NO TRACE'),('03 Desember 2018','SDA-BJR-1',22,'','40.829','0,33','13.561',''),('03 Desember 2018','SDA-BJR-1',23,'','','','','NO TRACE'),('03 Desember 2018','SDA-BJR-1',24,'','','','','NO TRACE'),('03 Desember 2018','SDA-BJR-1',25,'','1.250','1,81','2.259',''),('03 Desember 2018','SDA-BJR-1',26,'','1.250','1,81','2.259',''),('03 Desember 2018','SDA-BJR-1',27,'','40.259','0,28','11.237',''),('03 Desember 2018','SDA-BJR-1',28,'','50.863','0,26','13.416',''),('03 Desember 2018','SDA-BJR-1',29,'','','','','NO TRACE'),('03 Desember 2018','SDA-BJR-1',30,'','50.845','0,38','19.441',''),('03 Desember 2018','SDA-BJR-1',31,'','50.873','0,27','13.529',''),('03 Desember 2018','SDA-BJR-1',32,'ISI','','','','INER M920 TC TO OTB CMS KT 48 CORE 46'),('03 Desember 2018','SDA-BJR-1',33,'ISI','','','','ISI NO LABEL'),('03 Desember 2018','SDA-BJR-1',34,'ISI','','','','INER M920 TC TO OTB CMS KT 48 CORE 47'),('03 Desember 2018','SDA-BJR-1',35,'','50.827','0,27','13.829',''),('03 Desember 2018','SDA-BJR-1',36,'','79.349','0,27','21.224',''),('03 Desember 2018','SDA-BJR-1',37,'ISI','','','','ISI NO LABEL'),('03 Desember 2018','SDA-BJR-1',38,'','50.876','0,31','15.917',''),('03 Desember 2018','SDA-BJR-1',39,'','1.250','2,72','3.404',''),('03 Desember 2018','SDA-BJR-1',40,'','40.548','0,28','11.267',''),('03 Desember 2018','SDA-BJR-1',41,'','','','','INER M920 CAD TC TO OTB CMS KT 48 CORE 41'),('03 Desember 2018','SDA-BJR-1',42,'','','','','INER M920 CAD TC TO OTB CMS KT 48 CORE 42'),('03 Desember 2018','SDA-BJR-1',43,'','50.885','0,28','14.377',''),('03 Desember 2018','SDA-BJR-1',44,'','49.865','0,27','13.599',''),('03 Desember 2018','SDA-BJR-1',45,'','50.876','0,31','15.520',''),('03 Desember 2018','SDA-BJR-1',46,'','50.863','0,32','16.273',''),('03 Desember 2018','SDA-BJR-1',47,'','40.844','0,29','11.644',''),('03 Desember 2018','SDA-BJR-1',48,'','','','','BAD ADAFTER'),('03 Desember 2018','SDA-BJR-2',1,'','30.595','0,33','9.986','PUTUS'),('03 Desember 2018','SDA-BJR-2',2,'ISI','','','','TSK 02 DWDM HUAWEI'),('03 Desember 2018','SDA-BJR-2',3,'','39.002','0,31','11.904','Bending km 28.644 ( 0.52)'),('03 Desember 2018','SDA-BJR-2',4,'','18.149','0,25','4.533','PUTUS'),('03 Desember 2018','SDA-BJR-2',5,'','27.882','0,30','8.313','PUTUS'),('03 Desember 2018','SDA-BJR-2',6,'','39.004','0,26','10.168',''),('03 Desember 2018','SDA-BJR-2',7,'ISI','','','','OUTER ZTE'),('03 Desember 2018','SDA-BJR-2',8,'ISI','','','','OUTER ZTE'),('03 Desember 2018','SDA-BJR-2',9,'ISI','','','','OLP BJR KOTA- TISEL SDA TO OTB TISEL SDA CORE 7'),('03 Desember 2018','SDA-BJR-2',10,'ISI','','','','OLP BJR KOTA- TISEL SDA TO OTB TISEL SDA CORE 8'),('03 Desember 2018','SDA-BJR-2',11,'','83.792','0,28','23.536',''),('03 Desember 2018','SDA-BJR-2',12,'ISI','','','','TSK 02 DWDM HUAWEI'),('03 Desember 2018','SDA-BJR-2',13,'','','','','NO TRACE'),('03 Desember 2018','SDA-BJR-2',14,'','','','','NO TRACE'),('03 Desember 2018','SDA-BJR-2',15,'','66.558','0,26','17.104',''),('03 Desember 2018','SDA-BJR-2',16,'','66.547','0,26','17.098',''),('03 Desember 2018','SDA-BJR-2',17,'','25.415','0,29','7.439','PUTUS'),('03 Desember 2018','SDA-BJR-2',18,'','83.853','0,27','22.577',''),('03 Desember 2018','SDA-BJR-2',19,'','','','','NO TRACE'),('03 Desember 2018','SDA-BJR-2',20,'','','','','NO TRACE'),('03 Desember 2018','SDA-BJR-2',21,'','83.859','0,32','26.803',''),('03 Desember 2018','SDA-BJR-2',22,'','','','','NO TRACE'),('03 Desember 2018','SDA-BJR-2',23,'','','','','NO TRACE'),('03 Desember 2018','SDA-BJR-2',24,'','17.604','0,25','4.407','PUTUS'),('03 Desember 2018','BJR-SDA-1',1,'','50.830','','13.521',''),('03 Desember 2018','BJR-SDA-1',2,'','','','','NO TRACE'),('03 Desember 2018','BJR-SDA-1',3,'','','','','NO TRACE'),('03 Desember 2018','BJR-SDA-1',4,'','','','','NO TRACE'),('03 Desember 2018','BJR-SDA-1',5,'','','','','NO TRACE'),('03 Desember 2018','BJR-SDA-1',6,'','50.809','','15.510','BENDING KM 26.168 ( 1.824 )'),('03 Desember 2018','BJR-SDA-1',7,'','50.837','','14.872',''),('03 Desember 2018','BJR-SDA-1',8,'','32.783','','9.803','PUTUS'),('03 Desember 2018','BJR-SDA-1',9,'','50.828','','12.916',''),('03 Desember 2018','BJR-SDA-1',10,'','50.807','','12.805',''),('03 Desember 2018','BJR-SDA-1',11,'','145','','3.263','PUTUS'),('03 Desember 2018','BJR-SDA-1',12,'','','','','NO TRACE'),('03 Desember 2018','BJR-SDA-1',13,'','50.804','','13.944',''),('03 Desember 2018','BJR-SDA-1',14,'','9.993','','4.860','PUTUS'),('03 Desember 2018','BJR-SDA-1',15,'','9.994','','3.017','PUTUS'),('03 Desember 2018','BJR-SDA-1',16,'','50.802','','14.905','BENDING KM 26.168/1.68'),('03 Desember 2018','BJR-SDA-1',17,'','9.990','','2.940','PUTUS'),('03 Desember 2018','BJR-SDA-1',18,'','9.991','','3.695','PUTUS'),('03 Desember 2018','BJR-SDA-1',19,'','9.994','','3.950','PUTUS'),('03 Desember 2018','BJR-SDA-1',20,'','50.804','','14.152',''),('03 Desember 2018','BJR-SDA-1',21,'','50.802','','13.840',''),('03 Desember 2018','BJR-SDA-1',22,'','9.991','','4.014','PUTUS'),('03 Desember 2018','BJR-SDA-1',23,'','50.779','','13.562',''),('03 Desember 2018','BJR-SDA-1',24,'','50.766','','14.965',''),('03 Desember 2018','BJR-SDA-1',25,'','11.890','','3.822','PUTUS'),('03 Desember 2018','BJR-SDA-1',26,'','11.890','','3.550','PUTUS'),('03 Desember 2018','BJR-SDA-1',27,'','','','','NO TRACE'),('03 Desember 2018','BJR-SDA-1',28,'','50.825','','13.712',''),('03 Desember 2018','BJR-SDA-1',29,'','50.812','','13.983',''),('03 Desember 2018','BJR-SDA-1',30,'','50.814','','19.619','BENDING KM 24.843/3.70-39.350/1.35'),('03 Desember 2018','BJR-SDA-1',31,'','50.842','','13.921',''),('03 Desember 2018','BJR-SDA-1',32,'ISI','','','','INER M920 TC TO OTB CMS KT 48 CORE 46'),('03 Desember 2018','BJR-SDA-1',33,'ISI','','','','ISI NO LABEL'),('03 Desember 2018','BJR-SDA-1',34,'ISI','','','','INER M920 TC TO OTB CMS KT 48 CORE 47'),('03 Desember 2018','BJR-SDA-1',35,'','50.794','','13.654',''),('03 Desember 2018','BJR-SDA-1',36,'','NO TRACE','','','NO TRACE'),('03 Desember 2018','BJR-SDA-1',37,'','NO TRACE','','','NO PIGTAIL'),('03 Desember 2018','BJR-SDA-1',38,'','','','','NO TRACE'),('03 Desember 2018','BJR-SDA-1',39,'','','','','NO PIGTAIL'),('03 Desember 2018','BJR-SDA-1',40,'','1.020','','1.801','PUTUS'),('03 Desember 2018','BJR-SDA-1',41,'ISI','','','','INER M920 CAD TC TO OTB CMS KT 48 CORE 41'),('03 Desember 2018','BJR-SDA-1',42,'ISI','','','','INER M920 CAD TC TO OTB CMS KT 48 CORE 42'),('03 Desember 2018','BJR-SDA-1',43,'','50.850','','14.109',''),('03 Desember 2018','BJR-SDA-1',44,'','1.020','','1.061','PUTUS'),('03 Desember 2018','BJR-SDA-1',45,'','10.557','','4.057','BENDING KM 10.047/0.86 PUTUS'),('03 Desember 2018','BJR-SDA-1',46,'','50.830','','13.997','BENDING KM 10.608/2.37'),('03 Desember 2018','BJR-SDA-1',47,'','10.000','','2.446','PUTUS'),('03 Desember 2018','BJR-SDA-1',48,'','','','','BAD ADAFTER'),('03 Desember 2018','BJR-SDA-2',1,'','','','','NO PIGTAIL'),('03 Desember 2018','BJR-SDA-2',2,'','','','','NO PIGTAIL'),('03 Desember 2018','BJR-SDA-2',3,'','39.016','0,26','10.234',''),('03 Desember 2018','BJR-SDA-2',4,'','20.874','0,31','6.548','PUTUS'),('03 Desember 2018','BJR-SDA-2',5,'','','','','NO PIGTAIL'),('03 Desember 2018','BJR-SDA-2',6,'','','','','NO PIGTAIL'),('03 Desember 2018','BJR-SDA-2',7,'','','','','NO PIGTAIL'),('03 Desember 2018','BJR-SDA-2',8,'','','','','TC TO OTB MON CORE 8'),('03 Desember 2018','BJR-SDA-2',9,'ISI','','','','TISEL BJR KOTA - SDA TO OTB TISEL CORE 9'),('03 Desember 2018','BJR-SDA-2',10,'ISI','','','','TISEL BJR KOTA - SDA TO OTB TISEL CORE 10'),('03 Desember 2018','BJR-SDA-2',11,'','','','','NO PIGTAIL'),('03 Desember 2018','BJR-SDA-2',12,'','','','','NO PIGTAIL'),('03 Desember 2018','BJR-SDA-2',13,'','','','','NO PIGTAIL'),('03 Desember 2018','BJR-SDA-2',14,'','','','','NO PIGTAIL'),('03 Desember 2018','BJR-SDA-2',15,'','','','','NO PIGTAIL'),('03 Desember 2018','BJR-SDA-2',16,'','','','','NO PIGTAIL'),('03 Desember 2018','BJR-SDA-2',17,'','','','','NO PIGTAIL'),('03 Desember 2018','BJR-SDA-2',18,'','','','','NO PIGTAIL'),('03 Desember 2018','BJR-SDA-2',19,'','','','','NO PIGTAIL'),('03 Desember 2018','BJR-SDA-2',20,'','','','','NO PIGTAIL'),('03 Desember 2018','BJR-SDA-2',21,'','','','','NO PIGTAIL'),('03 Desember 2018','BJR-SDA-2',22,'','','','','NO PIGTAIL'),('03 Desember 2018','BJR-SDA-2',23,'','','','','NO PIGTAIL'),('03 Desember 2018','BJR-SDA-2',24,'','','','','NO PIGTAIL'),('03 Desember 2018','BJR-BJS',1,'ISI','','','','TRUNK METRO BJS'),('03 Desember 2018','BJR-BJS',2,'ISI','','','','TRUNK METRO BJS'),('03 Desember 2018','BJR-BJS',3,'','21.593','0,26','5.534',''),('03 Desember 2018','BJR-BJS',4,'','21.593','0,25','5.501',''),('03 Desember 2018','BJR-BJS',5,'','21.585','0,27','5.901','BENDING 4.539/0.63'),('03 Desember 2018','BJR-BJS',6,'','21.585','0,26','5.600',''),('03 Desember 2018','BJR-BJS',7,'','21.596','0,26','5.557',''),('03 Desember 2018','BJR-BJS',8,'','21.594','0,27','5.806',''),('03 Desember 2018','BJR-BJS',9,'','21.593','0,25','5.389',''),('03 Desember 2018','BJR-BJS',10,'','21.583','0,26','5.701',''),('03 Desember 2018','BJR-BJS',11,'','21.571','0,24','5.271',''),('03 Desember 2018','BJR-BJS',12,'','21.571','0,28','5.959','BENDING KM 5.535/0.88'),('03 Desember 2018','BJR-BJS',13,'','21.585','0,26','5.581',''),('03 Desember 2018','BJR-BJS',14,'','21.583','0,26','5.624',''),('03 Desember 2018','BJR-BJS',15,'','21.584','0,28','6.072',''),('03 Desember 2018','BJR-BJS',16,'','','','','NO TRACE'),('03 Desember 2018','BJR-BJS',17,'','','','','NO TRACE'),('03 Desember 2018','BJR-BJS',18,'','69.019','0,33','22.910','BENDING KM 53.357/1.59'),('03 Desember 2018','BJR-BJS',19,'','21.587','0,26','5.689',''),('03 Desember 2018','BJR-BJS',20,'','21.585','0,32','6.899',''),('03 Desember 2018','BJR-BJS',21,'','5.118','0,97','4.974',''),('03 Desember 2018','BJR-BJS',22,'ISI','','','','TISEL TO OTB TISEL CORE 1'),('03 Desember 2018','BJR-BJS',23,'','5.011','0,39','1.945','NO PIGTAIL'),('03 Desember 2018','BJR-BJS',24,'ISI','','','','TISEL TO OTB TISEL CORE 2'),('03 Desember 2018','BJR-BJS',25,'','4.539','0,68','3.080',''),('03 Desember 2018','BJR-BJS',26,'ISI','','','','METRO PGN PORT 2/2/2'),('03 Desember 2018','BJR-BJS',27,'','21.594','0,25','5.480',''),('03 Desember 2018','BJR-BJS',28,'','21.594','0,33','7.208',''),('03 Desember 2018','BJR-BJS',29,'ISI','','','','METRO PGN PORT 2/2/2'),('03 Desember 2018','BJR-BJS',30,'','21.592','0,26','5.602',''),('03 Desember 2018','BJR-BJS',31,'','21.605','0,28','5.965',''),('03 Desember 2018','BJR-BJS',32,'','7.186','0,46','3.297','BENDING KM 4.278/0.41'),('03 Desember 2018','BJR-BJS',33,'ISI','','','','OMUX SAGEM BJS'),('03 Desember 2018','BJR-BJS',34,'ISI','','','','OMUX SAGEM BJS'),('03 Desember 2018','BJR-BJS',35,'','21.584','0,30','6.428',''),('03 Desember 2018','BJR-BJS',36,'','1.250','2,30','2.881','NO TRACE'),('03 Desember 2018','BJR-BJS',37,'','16.932','','6.055',''),('03 Desember 2018','BJR-BJS',38,'','16.932','0,32','5.424',''),('03 Desember 2018','BJR-BJS',39,'','4.304','1,01','4.336',''),('03 Desember 2018','BJR-BJS',40,'','16.932','','5.893',''),('03 Desember 2018','BJR-BJS',41,'','16.924','0,37','6.215','BENDING KM 4.694/1.59'),('03 Desember 2018','BJR-BJS',42,'','16.927','0,29','4.950',''),('03 Desember 2018','BJR-BJS',43,'','16.933','0,30','5.007','BENDING KM 4.694/0.66'),('03 Desember 2018','BJR-BJS',44,'','16.930','0,37','6.252','BENDING KM 4.695/1.42'),('03 Desember 2018','BJR-BJS',45,'','16.934','0,30','5.036','BENDING KM 4.697/0.65'),('03 Desember 2018','BJR-BJS',46,'','16.934','0,31','5.182',''),('03 Desember 2018','BJR-BJS',47,'','16.926','0,34','5.678',''),('03 Desember 2018','BJR-BJS',48,'','16.913','0,29','4.872',''),('03 Desember 2018','BJR-CMS-1',1,'','2.266','0,41','918',''),('03 Desember 2018','BJR-CMS-1',2,'','2.265','0,61','1.380',''),('03 Desember 2018','BJR-CMS-1',3,'','12.489','0,46','5.689',''),('03 Desember 2018','BJR-CMS-1',4,'','12.490','0,39','4.926',''),('03 Desember 2018','BJR-CMS-1',5,'','12.489','0,32','4.020',''),('03 Desember 2018','BJR-CMS-1',6,'','12.489','0,41','5.133',''),('03 Desember 2018','BJR-CMS-1',7,'','2.732','1,50','4.098',''),('03 Desember 2018','BJR-CMS-1',8,'','7.291','0,72','5.233',''),('03 Desember 2018','BJR-CMS-1',9,'','7.291','0,28','2.053',''),('03 Desember 2018','BJR-CMS-1',10,'','7.292','0,91','6.626',''),('03 Desember 2018','BJR-CMS-1',11,'','7.290','0,46','3.345',''),('03 Desember 2018','BJR-CMS-1',12,'','2.067','0,23','484',''),('03 Desember 2018','BJR-CMS-1',13,'','10.901','0,30','3.315',''),('03 Desember 2018','BJR-CMS-1',14,'','10.901','0,31','3.368',''),('03 Desember 2018','BJR-CMS-1',15,'','10.902','0,33','3.651',''),('03 Desember 2018','BJR-CMS-1',16,'','10.889','0,31','3.341',''),('03 Desember 2018','BJR-CMS-1',17,'','10.900','0,28','3.045',''),('03 Desember 2018','BJR-CMS-1',18,'','10.902','0,39','4.225',''),('03 Desember 2018','BJR-CMS-1',19,'','3.394','0,29','970',''),('03 Desember 2018','BJR-CMS-1',20,'ISI','','','','ISI NO LABEL'),('03 Desember 2018','BJR-CMS-1',21,'ISI','','','','TO DSLAM FRU'),('03 Desember 2018','BJR-CMS-1',22,'ISI','','','','TO DSLAM FRU'),('03 Desember 2018','BJR-CMS-1',23,'ISI','','','','TO RDSLAM FRU'),('03 Desember 2018','BJR-CMS-1',24,'ISI','','','','TO RDSLAM FRU'),('03 Desember 2018','BJR-CMS-1',25,'ISI','','','','SAGEM BANJAR'),('03 Desember 2018','BJR-CMS-1',26,'','6.970','0,27','1.909',''),('03 Desember 2018','BJR-CMS-1',27,'','6.968','0,27','1.877',''),('03 Desember 2018','BJR-CMS-1',28,'ISI','','','','SAGEM BANJAR'),('03 Desember 2018','BJR-CMS-1',29,'','6.968','0,36','2.543',''),('03 Desember 2018','BJR-CMS-1',30,'','6.968','0,33','2.295',''),('03 Desember 2018','BJR-CMS-1',31,'','6.963','0,85','5.938',''),('03 Desember 2018','BJR-CMS-1',32,'ISI','','','','TO RDSLAM FRW'),('03 Desember 2018','BJR-CMS-1',33,'ISI','','','','TO RDSLAM FRW'),('03 Desember 2018','BJR-CMS-1',34,'','2.809','0,63','1.780',''),('03 Desember 2018','BJR-CMS-1',35,'','6.963','0,29','2.040',''),('03 Desember 2018','BJR-CMS-1',36,'','2.812','0,32','913',''),('03 Desember 2018','BJR-CMS-2',1,'','10.573','0,23','2.424',''),('03 Desember 2018','BJR-CMS-2',2,'ISI','','','','METRO PORT 2/2/1'),('03 Desember 2018','BJR-CMS-2',3,'','10.573','0,24','2.540',''),('03 Desember 2018','BJR-CMS-2',4,'','27.461','0,24','6.474',''),('03 Desember 2018','BJR-CMS-2',5,'ISI','','','','METRO PORT 2/2/1'),('03 Desember 2018','BJR-CMS-2',6,'ISI','','','','OTN ZTE'),('03 Desember 2018','BJR-CMS-2',7,'ISI','','','','OTN ZTE'),('03 Desember 2018','BJR-CMS-2',8,'ISI','','','','Trunk metro 3/1/2'),('03 Desember 2018','BJR-CMS-2',9,'ISI','','','','TISEL BJR'),('03 Desember 2018','BJR-CMS-2',10,'ISI','','','','TISEL BJR'),('03 Desember 2018','BJR-CMS-2',11,'','36.623','0,37','13.541',''),('03 Desember 2018','BJR-CMS-2',12,'','36.623','0,34','12.567',''),('03 Desember 2018','BJR-CMS-2',13,'','37.176','0,38','14.149',''),('03 Desember 2018','BJR-CMS-2',14,'','27.456','0,23','6.421',''),('03 Desember 2018','BJR-CMS-2',15,'','2.511','0,85','2.133',''),('03 Desember 2018','BJR-CMS-2',16,'ISI','','','','ISI NO LABEL'),('03 Desember 2018','BJR-CMS-2',17,'ISI','','','','ISI NO LABEL'),('03 Desember 2018','BJR-CMS-2',18,'','27.452','0,24','6.692',''),('03 Desember 2018','BJR-CMS-2',19,'','','','','NO PIGTAIL'),('03 Desember 2018','BJR-CMS-2',20,'','','','','NO PIGTAIL'),('03 Desember 2018','BJR-CMS-2',21,'','2.512','0,21','537',''),('03 Desember 2018','BJR-CMS-2',22,'','49.101','0,25','12.390',''),('03 Desember 2018','BJR-CMS-2',23,'','49.098','0,25','12.085',''),('03 Desember 2018','BJR-CMS-2',24,'','49.098','0,26','12.778',''),('03 Desember 2018','BJR-CMS-2',25,'','27.452','0,24','6.692',''),('03 Desember 2018','BJR-CMS-2',26,'','','','','NO PIGTAIL'),('03 Desember 2018','BJR-CMS-2',27,'','','','','NO PIGTAIL'),('03 Desember 2018','BJR-CMS-2',28,'','','','','NO PIGTAIL'),('03 Desember 2018','BJR-CMS-2',29,'','','','','NO PIGTAIL'),('03 Desember 2018','BJR-CMS-2',30,'','','','','NO PIGTAIL'),('03 Desember 2018','BJR-CMS-2',31,'','47.927','0,25','12.051',''),('03 Desember 2018','BJR-CMS-2',32,'','47.927','0,26','12.311',''),('03 Desember 2018','BJR-CMS-2',33,'ISI','','','','ZTE'),('03 Desember 2018','BJR-CMS-2',34,'','','','',''),('03 Desember 2018','BJR-CMS-2',35,'ISI','','','','Trunk metro 3/1/2'),('03 Desember 2018','BJR-CMS-2',36,'','27.468','0,25','6.753',''),('03 Desember 2018','BJR-CMS-2',37,'ISI','','','','RMJ'),('03 Desember 2018','BJR-CMS-2',38,'ISI','','','','RMJ'),('03 Desember 2018','BJR-CMS-2',39,'ISI','','','','ISI NO LABEL'),('03 Desember 2018','BJR-CMS-2',40,'','','','',''),('03 Desember 2018','BJR-CMS-2',41,'','','','','TC'),('03 Desember 2018','BJR-CMS-2',42,'','','','','TC'),('03 Desember 2018','BJR-CMS-2',43,'','21.083','0,25','5.304',''),('03 Desember 2018','BJR-CMS-2',44,'','27.476','0,23','6.295',''),('03 Desember 2018','BJR-CMS-2',45,'','45.380','0,29','12.976',''),('03 Desember 2018','BJR-CMS-2',46,'ISI','','','','INER M920'),('03 Desember 2018','BJR-CMS-2',47,'ISI','','','','INER M920'),('03 Desember 2018','BJR-CMS-2',48,'','25.753','0,25','6.362',''),('03 Desember 2018','BJR-MON',1,'ISI','','','','SDH ALCATEL'),('03 Desember 2018','BJR-MON',2,'ISI','','','','SDH ALCATEL'),('03 Desember 2018','BJR-MON',3,'','','','','No pigtail'),('03 Desember 2018','BJR-MON',4,'','3.238','0,25','822','PUTUS'),('03 Desember 2018','BJR-MON',5,'ISI','','','','METRO E PORT 2/1/2'),('03 Desember 2018','BJR-MON',6,'ISI','','','','METRO E PORT 2/1/2'),('03 Desember 2018','BJR-MON',7,'','','','','No trace'),('03 Desember 2018','BJR-MON',8,'','','','','TC TO OTB BJR-SDA CORE 8'),('03 Desember 2018','BJR-MON',9,'','','','','No pigtail'),('03 Desember 2018','BJR-MON',10,'','','','','No pigtail'),('03 Desember 2018','BJR-MON',11,'','','','','No pigtail'),('03 Desember 2018','BJR-MON',12,'ISI','','','','ISI NO LABEL'),('03 Desember 2018','BJR-MON',13,'','','','','No pigtail'),('03 Desember 2018','BJR-MON',14,'','','','','No pigtail'),('03 Desember 2018','BJR-MON',15,'','','','','No trace'),('03 Desember 2018','BJR-MON',16,'','','','','No trace'),('03 Desember 2018','BJR-MON',17,'','','','','No trace'),('03 Desember 2018','BJR-MON',18,'','','','','No trace'),('03 Desember 2018','BJR-MON',19,'','','','','No pigtail'),('03 Desember 2018','BJR-MON',20,'','','','','NO TRACE'),('03 Desember 2018','BJR-MON',21,'ISI','','','','ISI NO LABEL ODC'),('03 Desember 2018','BJR-MON',22,'ISI','','','','ISI NO LABEL ODC'),('03 Desember 2018','BJR-MON',23,'ISI','','','','ISI NO LABEL ODC'),('03 Desember 2018','BJR-MON',24,'ISI','','','','ISI NO LABEL ODC'),('03 Desember 2018','BJS-PGN-1',1,'ISI','','','','METRO-E BJS-PGN PORT 3/1/2 PGN 3/1/2'),('03 Desember 2018','BJS-PGN-1',2,'','48.573','0,36','17.604','BENDING KM 12.653/0.48-27.973/0.55-33.309/0.61-37.564/1.97-38.166/0.96'),('03 Desember 2018','BJS-PGN-1',3,'','48.557','0,29','14.153','BENDING KM 33.289/0.66-38.245/0.54'),('03 Desember 2018','BJS-PGN-1',4,'','48.578','0,35','16.855','BENDING KM 33.314/0.63-37.629/0.65-38.260/1.99'),('03 Desember 2018','BJS-PGN-1',5,'','48.537','0,37','17.970','BENDING KM 27.958/0.69-33.294/0.65-41.990/1.68'),('03 Desember 2018','BJS-PGN-1',6,'','35.635','0,32','11.309','BENDING KM 19.298/0.69-31.149/0.59 PUTUS'),('03 Desember 2018','BJS-PGN-1',7,'','48.560','0,28','13.617','BENDING KM 18.629/0.29-31.170/1.29-33.291/0.68-'),('03 Desember 2018','BJS-PGN-1',8,'ISI','','','','METRO-E BJS-PGN PORT 3/1/2 PGN 3/1/2'),('03 Desember 2018','BJS-PGN-1',9,'','48.565','0,26','12.406','BENDING KM 18.671/0.428'),('03 Desember 2018','BJS-PGN-1',10,'','48.588','0,36','17.276','BENDING KM 33.301/0.69-38.314/3.40-42.925/0.54'),('03 Desember 2018','BJS-PGN-1',11,'','48.493','0,30','14.717','ADAFTER JELEK'),('03 Desember 2018','BJS-PGN-1',12,'','48.501','0,28','13.536','ADAFTER JELEK'),('03 Desember 2018','BJS-PGN-1',13,'','22.763','0,27','6.078','PUTUS'),('03 Desember 2018','BJS-PGN-1',14,'','27.083','0,47','12.705','PUTUS'),('03 Desember 2018','BJS-PGN-1',15,'','27.091','0,38','10.381','BENDING KM 24.068/3.68 PUTUS'),('03 Desember 2018','BJS-PGN-1',16,'','22.776','0,30','6.935','PUTUS'),('03 Desember 2018','BJS-PGN-1',17,'','48.629','0,38','18.645','BENDING KM 7.041/0.52-24.072/3.59-28.029/1.26-33.376/0.66'),('03 Desember 2018','BJS-PGN-1',18,'','48.624','0,34','16.309','BENDING KM 24.072/2.75-28.029/1.26-33.355/0.66'),('03 Desember 2018','BJS-PGN-1',19,'','27.977','0,31','8.681','BENDING  KM 4.907/0.99-24.040/0,43 PUTUS'),('03 Desember 2018','BJS-PGN-1',20,'','7.021','0,38','2.675','BENDING KM 4.908/1.21 PUTUS'),('03 Desember 2018','BJS-PGN-1',21,'','27.977','0,36','10.154','BENDING KM 4.912/1.34-26.680/1.05 PUTUS'),('03 Desember 2018','BJS-PGN-1',22,'','27.972','0,43','12.113','BENDING KM 49.12/0.91-18.688/3.34-24.051/1.05 PUTUS'),('03 Desember 2018','BJS-PGN-1',23,'ISI','','','','ODC BJS PADAHERANG'),('03 Desember 2018','BJS-PGN-1',24,'ISI','','','','ODC BJS PADAHERANG'),('03 Desember 2018','BJS-PGN-1',25,'ISI','','','','ODC BJS PADAHERANG'),('03 Desember 2018','BJS-PGN-1',26,'ISI','','','','ODC BJS PADAHERANG'),('03 Desember 2018','BJS-PGN-1',27,'','14.678','0,41','5.999','BENDING KM 4.904/166-12.662/0.49-14.445/0.42 PUTUS'),('03 Desember 2018','BJS-PGN-1',28,'','14.683','0,34','4.957','BENDING KM 4.909/0.59-7.09/0.64-14.450/0.45 PUTUS'),('03 Desember 2018','BJS-PGN-1',29,'','34.334','0,32','11.113','BENDING KM 4.908/1.40-31.134/1.19 PUTUS'),('03 Desember 2018','BJS-PGN-1',30,'','34.334','0,40','13.614','BENDING KM 31.147/4.031-31.710/0.50-33.282/0.58 PUTUS'),('03 Desember 2018','BJS-PGN-1',31,'','27.982','0,30','8.339','BENDING KM 4.909/0.73 PUTUS'),('03 Desember 2018','BJS-PGN-1',32,'','27.982','0,28','7.962',' PUTUS'),('03 Desember 2018','BJS-PGN-1',33,'ISI','','','','ONU BJS'),('03 Desember 2018','BJS-PGN-1',34,'ISI','','','','ONU BJS'),('03 Desember 2018','BJS-PGN-1',35,'ISI','','','','RDSLAM ONU BJS '),('03 Desember 2018','BJS-PGN-1',36,'ISI','','','','RDSLAM ONU BJS '),('03 Desember 2018','BJS-PGN-2',1,'ISI','','','','TRUNK METRO-E BJS-PGN PORT 1/1/2 PGN 1/1/1'),('03 Desember 2018','BJS-PGN-2',2,'ISI','','','','TRUNK METRO-E BJS-PGN PORT 1/1/2 PGN 1/1/1'),('03 Desember 2018','BJS-PGN-2',3,'','1.011','1,38','1.396','PUTUS'),('03 Desember 2018','BJS-PGN-2',4,'','47.441','0,33','15.665',''),('03 Desember 2018','BJS-PGN-2',5,'','47.449','0,29','13.795',''),('03 Desember 2018','BJS-PGN-2',6,'','1.011','3,60','3.640','PUTUS'),('03 Desember 2018','BJS-PGN-2',7,'','47.424','0,30','14.107','BENDING KM 37.737/0.38,38.385/1.00,42.016/0.57'),('03 Desember 2018','BJS-PGN-2',8,'','14.699','0,47','6.935','PUTUS'),('03 Desember 2018','BJS-PGN-2',9,'ISI','','','','TRUNK METRO-E BJS-PGN PORT 2/1/4 PGN 2/1/8'),('03 Desember 2018','BJS-PGN-2',10,'ISI','','','','TRUNK METRO-E BJS-PGN PORT 2/1/4 PGN 2/1/8'),('03 Desember 2018','BJS-PGN-2',11,'ISI','','','','ADA LEVEL ?'),('03 Desember 2018','BJS-PGN-2',12,'','47.416','0,30','14.236','BENDING KM 38.365/0.91,41.965/0.65'),('03 Desember 2018','BJS-PGN-2',13,'ISI','','','','AKSES ODC PALEDAH MOD 1/6/5'),('03 Desember 2018','BJS-PGN-2',14,'','19.748','0,37','7.251','BENDING KM 16.995/1.02'),('03 Desember 2018','BJS-PGN-2',15,'','','','',''),('03 Desember 2018','BJS-PGN-2',16,'','14.575','0,23','3.417','PUTUS'),('03 Desember 2018','BJS-PGN-2',17,'','','','',''),('03 Desember 2018','BJS-PGN-2',18,'','25.005','0,47','11.726','BENDING KM 19.727/4.88'),('03 Desember 2018','BJS-PGN-2',19,'ISI','','','','TRUNK METRO-E BJS-PGN PORT 1/1/2 PGN 1/1/1'),('03 Desember 2018','BJS-PGN-2',20,'ISI','','','','TRUNK METRO-E BJS-PGN PORT 2/1/4 PGN 2/1/8'),('03 Desember 2018','BJS-PGN-2',21,'','3.867','0,56','2.158','PUTUS'),('03 Desember 2018','BJS-PGN-2',22,'ISI','','','','T-SEL NAGARITA TO OTB T-SEL CORE 21'),('03 Desember 2018','BJS-PGN-2',23,'ISI','','','','T-SEL NAGARITA TO OTB T-SEL CORE 22'),('03 Desember 2018','BJS-PGN-2',24,'','3.886','0,50','1.940','PUTUS'),('03 Desember 2018','BJS-PGN-2',25,'','47.441','0,33','15.665','BENDING KM 31.767/1.79,38.648/1.35'),('03 Desember 2018','BJS-PGN-2',26,'','47.449','0,29','13.795',''),('03 Desember 2018','BJS-PGN-2',27,'','47.452','0,34','16.058','BENDING KM 31.772/2.04'),('03 Desember 2018','BJS-PGN-2',28,'','','','','SPLICE TO OTB BJR 16'),('03 Desember 2018','BJS-PGN-2',29,'','','','','SPLICE TO OTB BJR 17'),('03 Desember 2018','BJS-PGN-2',30,'','','','','SPLICE TO OTB BJR 18'),('03 Desember 2018','BJS-PGN-2',31,'','','','',''),('03 Desember 2018','BJS-PGN-2',32,'','','','',''),('03 Desember 2018','BJS-PGN-2',33,'','47.449','0,30','14.002','BENDING KM 31.767/0.79'),('03 Desember 2018','BJS-PGN-2',34,'','47.449','0,30','14.366','BENDING KM 41.990/0.72'),('03 Desember 2018','BJS-PGN-2',35,'','36.031','0,27','9.631','BENDING KM 31.762/0.62 PUTUS'),('03 Desember 2018','BJS-PGN-2',36,'','24.395','0,27','6.631','PUTUS'),('03 Desember 2018','BJS-PGN-2',37,'','47.445','0,31','14.819','BENDING KM 31.772/1.39,39.041/0.558,42.001/0.542'),('03 Desember 2018','BJS-PGN-2',38,'','','','','NO TRACE'),('03 Desember 2018','BJS-PGN-2',39,'','','','','NO TRACE'),('03 Desember 2018','BJS-PGN-2',40,'','47.449','0,30','14.127','BENDING KM 31.759/0.47,42.008/0.54'),('03 Desember 2018','BJS-PGN-2',41,'','47.445','0,34','16.206','BENDING KM 31.778/1.41,36.036/1.423,42.026/0.62'),('03 Desember 2018','BJS-PGN-2',42,'','1.012','1,05','1.060','PUTUS'),('03 Desember 2018','BJS-PGN-2',43,'','47.449','0,31','14.936','BENDING KM 31.793/1.43,42.026/0.57'),('03 Desember 2018','BJS-PGN-2',44,'','47.445','0,31','14.536','BENDING KM 31.782/1.43,36.077/0.656,42.016/0.62'),('03 Desember 2018','BJS-PGN-2',45,'','47.445','0,33','15.800','BENDING KM 23.964/0.36,31.803/0.57,38.089/0.71,39.059/0.65,42.031/0.72'),('03 Desember 2018','BJS-PGN-2',46,'','1.012','1,06','1.076','PUTUS'),('03 Desember 2018','BJS-PGN-2',47,'','47.439','0,35','16.386','BENDING KM 31.782/0.80,36.874/1.14,42.016/0.60'),('03 Desember 2018','BJS-PGN-2',48,'','1.012','0,50','510','PUTUS'),('03 Desember 2018','BJS-BJR',1,'','21.593','0,29','6.219',''),('03 Desember 2018','BJS-BJR',2,'','21.592','0,35','7.570','BENDING KM 16.961/1.51-17.055/0.32'),('03 Desember 2018','BJS-BJR',3,'','21.592','0,26','5.669','NO TRACE'),('03 Desember 2018','BJS-BJR',4,'','18.128','0,30','5.429','PUTUS'),('03 Desember 2018','BJS-BJR',5,'','','','','NO PIGTAIL'),('03 Desember 2018','BJS-BJR',6,'','21.584','0,30','6.442','BENDING KM 17.0.38/0.35'),('03 Desember 2018','BJS-BJR',7,'','18.131','0,30','5.429','PUTUS'),('03 Desember 2018','BJS-BJR',8,'','14.567','0,21','3.093','BENDING KM 17.058/0.34'),('03 Desember 2018','BJS-BJR',9,'','21.592','0,29','6.217','BENDING KM 1.235/0.33'),('03 Desember 2018','BJS-BJR',10,'','18.119','0,30','5.429','PUTUS'),('03 Desember 2018','BJS-BJR',11,'ISI','','','','SAGEM'),('03 Desember 2018','BJS-BJR',12,'ISI','','','','SAGEM'),('03 Desember 2018','BJS-BJR',13,'','','','','NO PIGTAIL'),('03 Desember 2018','BJS-BJR',14,'','','','','NO PIGTAIL'),('03 Desember 2018','BJS-BJR',15,'','','','','NO PIGTAIL'),('03 Desember 2018','BJS-BJR',16,'','','','','NO PIGTAIL'),('03 Desember 2018','BJS-BJR',17,'','','','','NO PIGTAIL'),('03 Desember 2018','BJS-BJR',18,'','','','','NO PIGTAIL'),('03 Desember 2018','BJS-BJR',19,'','21.587','0,31','6.637','BENDING KM 16.960/0.24'),('03 Desember 2018','BJS-BJR',20,'','21.584','0,36','7.838','BENDING KM 16.732/1.41-19.808/0.27'),('03 Desember 2018','BJS-BJR',21,'ISI','','','','ISI NO LABEL'),('03 Desember 2018','BJS-BJR',22,'ISI','','','','ISI NO LABEL'),('03 Desember 2018','BJS-BJR',23,'ISI','','','','ISI NO LABEL'),('03 Desember 2018','BJS-BJR',24,'ISI','','','','ISI NO LABEL'),('03 Desember 2018','BJS-BJR',25,'','17.062','0,32','5.429','PUTUS'),('03 Desember 2018','BJS-BJR',26,'ISI','','','','TC OTB PGN CORE 29/30'),('03 Desember 2018','BJS-BJR',27,'ISI','','','','METRO-E PGN PORT 1/1/10'),('03 Desember 2018','BJS-BJR',28,'ISI','','','','METRO-E PGN PORT 1/1/10'),('03 Desember 2018','BJS-BJR',29,'ISI','','','','TC TO OTB PGN 29/30'),('03 Desember 2018','BJS-BJR',30,'','21.592','0,26','5.618',''),('03 Desember 2018','BJS-BJR',31,'','','','','NO TRACE'),('03 Desember 2018','BJS-BJR',32,'','14.418','0,30','4326','PUTUS'),('03 Desember 2018','BJS-BJR',33,'','21.594','0,27','5.800',''),('03 Desember 2018','BJS-BJR',34,'','21.593','0,29','6.274',''),('03 Desember 2018','BJS-BJR',35,'','21.583','0,26','5.658','BENDING KM 16.955/0.28'),('03 Desember 2018','BJS-BJR',36,'','17.281','0,31','5.429','BENDING KM 17.047/0.49 PUTUS'),('03 Desember 2018','BJS-BJR',37,'ISI','','','','ODC KERTARAHAYU MOD 1/6/4'),('03 Desember 2018','BJS-BJR',38,'','','','','ODC KERTARAHAYU'),('03 Desember 2018','BJS-BJR',39,'','','','','ODC KERTARAHAYU'),('03 Desember 2018','BJS-BJR',40,'ISI','','','','ODC KERTARAHAYU MOD 1/6/7'),('03 Desember 2018','BJS-BJR',41,'','','','','ODC KERTARAHAYU'),('03 Desember 2018','BJS-BJR',42,'','','','','ODC KERTARAHAYU'),('03 Desember 2018','BJS-BJR',43,'','','','','ODC KERTARAHAYU'),('03 Desember 2018','BJS-BJR',44,'','','','','ODC KERTARAHAYU'),('03 Desember 2018','BJS-BJR',45,'','','','','ODC KERTARAHAYU'),('03 Desember 2018','BJS-BJR',46,'','','','','ODC KERTARAHAYU'),('03 Desember 2018','BJS-BJR',47,'','','','','ODC KERTARAHAYU'),('03 Desember 2018','BJS-BJR',48,'','','','','ODC KERTARAHAYU'),('03 Desember 2018','PGN-BTS-PRG',1,'','6.967','0,90','6.253','BENDING KM 0.647/1.26 ( PUTUS)'),('03 Desember 2018','PGN-BTS-PRG',2,'','6.967','0,36','2.490','( PUTUS)'),('03 Desember 2018','PGN-BTS-PRG',3,'','21.057','0,42','8.745','BENDING KM 6.967/1.05 '),('03 Desember 2018','PGN-BTS-PRG',4,'','22.063','0,39','8.553','BENDING KM 6.970/0.70'),('03 Desember 2018','PGN-BTS-PRG',5,'','6.969','0,39','2.696','( PUTUS)'),('03 Desember 2018','PGN-BTS-PRG',6,'','6.968','0,35','2.452','( PUTUS)'),('03 Desember 2018','PGN-BTS-PRG',7,'ISI','','','','METRO-E CIKEMBULAN PORT 3/1/1'),('03 Desember 2018','PGN-BTS-PRG',8,'ISI','','','','METRO-E CIKEMBULAN PORT 3/1/1'),('03 Desember 2018','PGN-BTS-PRG',9,'','6.962','0,64','4.446','( PUTUS)'),('03 Desember 2018','PGN-BTS-PRG',10,'','6.965','0,64','4.456','( PUTUS)'),('03 Desember 2018','PGN-BTS-PRG',11,'','6.964','0,62','4.305','( PUTUS)'),('03 Desember 2018','PGN-BTS-PRG',12,'','6.962','0,65','4.534','( PUTUS)'),('03 Desember 2018','PGN-BTS-PRG',13,'','6.965','0,62','4.342','( PUTUS)'),('03 Desember 2018','PGN-BTS-PRG',14,'','6.967','0,40','2.773','( PUTUS)'),('03 Desember 2018','PGN-BTS-PRG',15,'','6.966','0,66','4.573','( PUTUS)'),('03 Desember 2018','PGN-BTS-PRG',16,'','6.968','0,63','4.390','( PUTUS)'),('03 Desember 2018','PGN-BTS-PRG',17,'','6.970','0,41','2.852','( PUTUS)'),('03 Desember 2018','PGN-BTS-PRG',18,'','6.966','0,65','4.542','( PUTUS)'),('03 Desember 2018','PGN-BTS-PRG',19,'ISI','','','','T-SEL PGN-BTS CIMERAK'),('03 Desember 2018','PGN-BTS-PRG',20,'ISI','','','','TRUNK METRO-E PARIGI 2/1/5'),('03 Desember 2018','PGN-BTS-PRG',21,'','22.091','0,47','10.358','BENDING KM 6.965/1.70-7.225/0.53'),('03 Desember 2018','PGN-BTS-PRG',22,'ISI','','','','TRUNK METRO-E PARIGI 2/1/5'),('03 Desember 2018','PGN-BTS-PRG',23,'ISI','','','','ISI NO LABEL'),('03 Desember 2018','PGN-BTS-PRG',24,'ISI','','','','T-SEL PGN-BTS CIMERAK'),('03 Desember 2018','PGN-BJS-1',1,'','48.557','0,32','15.618','BENDING KM 10.892/1.89-15.687/0.83'),('03 Desember 2018','PGN-BJS-1',2,'','48.571','0,36','17.660','BENDING KM 6.0614/0.76-10.146/1.00-10.784/1.64-15.692/0.74-20.599/0.58'),('03 Desember 2018','PGN-BJS-1',3,'','1.250','1,64','2.046',''),('03 Desember 2018','PGN-BJS-1',4,'','48.593','0,36','17.587','BENDING KM 5.698/0.58-9.927/3.56-15.697/0.80'),('03 Desember 2018','PGN-BJS-1',5,'','48.542','0,38','18.323','BENDING KM 6.587/1.65-15.682/0.80-20.640/0.73-35.709/2.34'),('03 Desember 2018','PGN-BJS-1',6,'','12.910','0,53','6.890','BENDING KM 10.885/1.64'),('03 Desember 2018','PGN-BJS-1',7,'','48.562','0,28','13.713','BENDING KM 15.682/0.84-17.290/1.18-20.630/0.32-29.903/0.42'),('03 Desember 2018','PGN-BJS-1',8,'','48.588','0,27','13.277','BENDING KM 15.671/0.75-26.497/0.22'),('03 Desember 2018','PGN-BJS-1',9,'','48.573','0,26','12.677','BENDING KM 15.677/0.71-29.883/0.32'),('03 Desember 2018','PGN-BJS-1',10,'','48.578','0,35','16.991','BENDING KM 10.310/2.09-10.779/0.91-15.692/0.74-16.820/0.39-20.558/0.49'),('03 Desember 2018','PGN-BJS-1',11,'','48.557','0,31','14.857','BENDING KM 6.526/0.90-15.682/0.82-20.523/0.55-41.510/0.34'),('03 Desember 2018','PGN-BJS-1',12,'','48.557','0,31','14.857','BENDING KM 6.651/0.50-15.682/0.82-20.556/0.55-29.883/0.35-41.510/0.34'),('03 Desember 2018','PGN-BJS-1',13,'ISI','','','','TO HH BTS CIGANJEUNG'),('03 Desember 2018','PGN-BJS-1',14,'','19.923','0,30','6.041','BENDING KM 6.583/0.47-13.050/0.30-15.679/0.75-16.868/0.28'),('03 Desember 2018','PGN-BJS-1',15,'','19.924','0,35','6.980','BENDING KM 6.581/0.28-9.927/0.44-11.078/0.26-15.678/0.72'),('03 Desember 2018','PGN-BJS-1',16,'','33.327','0,33','10.886','BENDING KM 10.326/0.42-13.062/0.51-15.689/0.64-20.623/0.40'),('03 Desember 2018','PGN-BJS-1',17,'','48.634','0,38','18.662','BENDING KM 6.592/0.29-15.697/0.67-20.543/1.33-24.587/3.56-41.628/0.59'),('03 Desember 2018','PGN-BJS-1',18,'','1.250','0,79','989',''),('03 Desember 2018','PGN-BJS-1',19,'ISI','','','','ODC-PGN-FDC (KALIPUCANG)'),('03 Desember 2018','PGN-BJS-1',20,'ISI','','','','ODC-PGN-FDC (KALIPUCANG)'),('03 Desember 2018','PGN-BJS-1',21,'','9.918','0,47','4.660','BENDING KM 5.255/0.44-6.055/0.85'),('03 Desember 2018','PGN-BJS-1',22,'ISI','','','','ODC-PGN-FDC (KALIPUCANG)'),('03 Desember 2018','PGN-BJS-1',23,'ISI','','','','ODC-PGN-FDC (KALIPUCANG)'),('03 Desember 2018','PGN-BJS-1',24,'ISI','','','','ODC-PGN-FDC (KALIPUCANG)'),('03 Desember 2018','PGN-BJS-1',25,'','5.686','0,32','1.821','BENDING KM 5.265/0.41'),('03 Desember 2018','PGN-BJS-1',26,'','14.222','0,37','5.332','BENDING KM 5.262/0.35-6.577/0.28-9.923/0.28'),('03 Desember 2018','PGN-BJS-1',27,'','14.223','0,49','6.971','BENDING KM 5.264/0.541-6.53/0.34-6.579/0.29-9.921/0.29'),('03 Desember 2018','PGN-BJS-1',28,'','9.918','0,53','5.258','BENDING KM 5.262/0.46'),('03 Desember 2018','PGN-BJS-1',29,'','10.742','0,53','5.661','BENDING KM 5.262/0.38-6.579/0.45-10.124/0.38'),('03 Desember 2018','PGN-BJS-1',30,'','1.250','6,24','7.798',''),('03 Desember 2018','PGN-BJS-1',31,'','20.523','0,37','7.578','BENDING KM 15.683/0.61'),('03 Desember 2018','PGN-BJS-1',32,'','20.617','0,52','10.638','BENDING KM 6.582/0.31-10.123/0.53-10.329/0.82-11.341/0.43-15.684'),('03 Desember 2018','PGN-BJS-1',33,'ISI','','','','ONU FRM PGN'),('03 Desember 2018','PGN-BJS-1',34,'ISI','','','','ONU FRM PGN'),('03 Desember 2018','PGN-BJS-1',35,'ISI','','','','RDSLAM ONU FRM'),('03 Desember 2018','PGN-BJS-1',36,'ISI','','','','RDSLAM ONU FRM'),('03 Desember 2018','PGN-BJS-2',1,'ISI','','','','METRO-E PGN-BJS PORT 3/1/2 BJS PORT 3/1/2'),('03 Desember 2018','PGN-BJS-2',2,'ISI','','','','METRO-E PGN-BJS PORT 3/1/2 BJS PORT 3/1/2'),('03 Desember 2018','PGN-BJS-2',3,'','46.421','0,29','13.392','BENDING KM 5.082/0.785-8.787/0.629'),('03 Desember 2018','PGN-BJS-2',4,'ISI','','','','METRO-E PGN-BJR (PORT 2/2/2 BJR PORT 2/2/2)'),('03 Desember 2018','PGN-BJS-2',5,'ISI','','','','METRO-E PGN-BJR (PORT 2/2/2 BJR PORT 2/2/2)'),('03 Desember 2018','PGN-BJS-2',6,'','46.413','0,32','14.960','BENDING KM 5.083/0.682-8.941-0.408/9.056-0.553-9.533/0.663-15.659/0.622'),('03 Desember 2018','PGN-BJS-2',7,'','47.424','0,30','14.396','BENDING KM 5.085/0.564-8.982-0.726-9.549/0.507'),('03 Desember 2018','PGN-BJS-2',8,'','8.799','0,39','3.446','BENDING KM 5.084/0.886-8.470/0.478'),('03 Desember 2018','PGN-BJS-2',9,'ISI','','','','TRUNK ME PGN-BJS PORT 1/1/1 BJS 1/1/2'),('03 Desember 2018','PGN-BJS-2',10,'ISI','','','','TRUNK ME PGN-BJS PORT 2/1/4 BJS 2/1/8'),('03 Desember 2018','PGN-BJS-2',11,'','8.957','0,30','2.657','BENDING KM 5.083/0.712-8.469/0.514'),('03 Desember 2018','PGN-BJS-2',12,'','47.419','0,30','14.247','BENDING KM 8.4155/0.348-8.803/0.311-9.058/0.813'),('03 Desember 2018','PGN-BJS-2',13,'','20.003','0,74','14.824','BENDING KM 5.082/0.675-8.464/0.582-11.452/2.972-14.153-0.417-15.682/4.541'),('03 Desember 2018','PGN-BJS-2',14,'','20.003','0,74','14.824','BENDING KM 5.082/0.675-8.464/0.582-11.425/2.972-14.153-0.417-15.682-4.541'),('03 Desember 2018','PGN-BJS-2',15,'','15.027','0,38','5.752','BENDING KM 5.075/0.787-8.469/0.682'),('03 Desember 2018','PGN-BJS-2',16,'','21.491','0,48','10.333','BENDING KM 5.078/1.820-8.773/0.788-15.673/0.912'),('03 Desember 2018','PGN-BJS-2',17,'','35.247','0,34','11.888','BENDING KM 5.083/1.065'),('03 Desember 2018','PGN-BJS-2',18,'','15.675','1,00','15.675','BENDING KM 5.082/0.764-8.463/0.666-14.753/0.362'),('03 Desember 2018','PGN-BJS-2',19,'ISI','','','','TRUNK ME PGN-BJS PORT 1/1/1 BJS 1/1/2'),('03 Desember 2018','PGN-BJS-2',20,'ISI','','','','TRUNK ME PGN-BJS PORT 2/1/4 BJS 2/1/8'),('03 Desember 2018','PGN-BJS-2',21,'','35.801','0,40','14.435','BENDING KM 5.086/0.999-14.139/1.960-18.674/1.415'),('03 Desember 2018','PGN-BJS-2',22,'','18.672','0,42','7.768','BENDING KM 5.079/0.831-8.465/0.563'),('03 Desember 2018','PGN-BJS-2',23,'','15.664','0,53','8.253','BENDING KM 5.075/0.780-8.774/0.850-9.051/0.884-14.747/0.832'),('03 Desember 2018','PGN-BJS-2',24,'','18.671','0,43','8.066','BENDING KM 5.083/0.787-8.469/0.517-8.776/0.615-14.115/0.599'),('03 Desember 2018','PGN-BJS-2',25,'','47.441','0,34','16.094','BENDING KM 5.075/0.606-8.775/1.343-15.654/1.793'),('03 Desember 2018','PGN-BJS-2',26,'','47.449','0,29','13.694','BENDING KM 5.083/0.769-11.4283/0.309-15.661/0.380'),('03 Desember 2018','PGN-BJS-2',27,'','47.449','0,35','16.385','BENDING KM 5.096/0.703-8.793/0.557-9.554/0.664-15.677/2.036'),('03 Desember 2018','PGN-BJS-2',28,'','69.024','0,30','21.033','BENDING KM 5.091/0.599-8.793/0.385-11.157/4.00-15.687/0.941-32.783/0.503-64.326/0.515'),('03 Desember 2018','PGN-BJS-2',29,'','69.014','0,04','2.455','BENDING KM 5.086/0.649-15.682/2.442'),('03 Desember 2018','PGN-BJS-2',30,'','69.014','0,32','21.771','BENDING KM 5.086/0.740-8.783/0.553-8.997/0.490-11.428/0.759-15.033/0.311-15.687/1.605'),('03 Desember 2018','PGN-BJS-2',31,'','47.449','0,36','17.091','BENDING KM 5.091/0.642-5.458/1.258-13.593/1.926-15.677/0.440'),('03 Desember 2018','PGN-BJS-2',32,'','47.449','0,32','15.350','BENDING KM 5.078/0.862-9.699/0.925-15.651/0.800'),('03 Desember 2018','PGN-BJS-2',33,'','5.454','0,46','2.511','BENDING KM 5.086/0.742'),('03 Desember 2018','PGN-BJS-2',34,'','5.454','0,36','1.956','BENDING KM 5.083/0.718'),('03 Desember 2018','PGN-BJS-2',35,'','47.449','0,29','13.981','BENDING KM 5.083/1.214-14.119/0.309-15.646/0.601-33.427/0.321'),('03 Desember 2018','PGN-BJS-2',36,'','46.436','0,33','15.336','BENDING KM 5.083/0.589-11.413/0.813-15.641/1.378-16.476/0.504'),('03 Desember 2018','PGN-BJS-2',37,'','47.444','0,31','14.900','BENDING KM 5.083/0.597-15.643/1.399'),('03 Desember 2018','PGN-BJS-2',38,'','46.438','0,32','14.849','BENDING KM 5.070/0.541-10.912/0.310-15.646/1.243-32.847/0.838'),('03 Desember 2018','PGN-BJS-2',39,'','46.436','0,32','14.711','BENDING KM 5.088/0.510-9.707/0.892-11.415/0.847-15.659/0.443'),('03 Desember 2018','PGN-BJS-2',40,'','47.444','0,30','14.188','BANDING KM 5.081/0.682-15.671/0.479'),('03 Desember 2018','PGN-BJS-2',41,'','47.447','0,34','16.125','BENDING KM 5.078/0.648-11.134/0.446-11.400/1.293-15.659/1.405-27.587/0.366'),('03 Desember 2018','PGN-BJS-2',42,'','15.022','1,07','16.125','BENING KM 5.084/0.663-8.466/2.476-11.137/2.007'),('03 Desember 2018','PGN-BJS-2',43,'','47.449','0,32','15.143','BENDING KM 5.083/0.722-8.956/0.523-9.687/0.344-15.643/1.437'),('03 Desember 2018','PGN-BJS-2',44,'','47.447','0,31','14.595','BENDING KM 5.075/0.630-11.139/0.421-15.661/1.472'),('03 Desember 2018','PGN-BJS-2',45,'','47.447','0,30','14.433','BENDING KM 5.063/0.643-11.144/0.420-15.656/1.478'),('03 Desember 2018','PGN-BJS-2',46,'','47.441','0,35','16.396','BENDING KM 5.063/0.668-8.977/0.451-10.583/1.166-11.139/0.853-15.651/0.827'),('03 Desember 2018','PGN-BJS-2',47,'','46.436','0,31','14.502','BENDING KM 5.065/0.577-8.413/0.213-8.956/0.451-9.370/0.337-9.536/0.315-10.904/0.504'),('03 Desember 2018','PGN-BJS-2',48,'','23.054','0,56','12.828','BENDING KM 5.092/0.640-5.456/3.867-8.421/0.380-9.201/0.315-15.683/1.309'),('03 Desember 2018','GRT-SPA-1',1,'ISI','','','','TELKOMSEL KT KULON-BANJAR'),('03 Desember 2018','GRT-SPA-1',2,'ISI','','','','METRO GRT - SPA  5/2/5'),('03 Desember 2018','GRT-SPA-1',3,'ISI','','','','METRO GRT - TSM 10 G'),('03 Desember 2018','GRT-SPA-1',4,'ISI','','','','METRO-E GRT-SPA  4/1/3'),('03 Desember 2018','GRT-SPA-1',5,'','42,576','0,28','11,974','IDEL BAIK'),('03 Desember 2018','GRT-SPA-1',6,'','42,571','0,29','12,270','IDEL BAIK'),('03 Desember 2018','GRT-SPA-1',7,'ISI','','','','DWDM REGIONAL 820 GRT-TSM'),('03 Desember 2018','GRT-SPA-1',8,'',' 42,545 ','0,43','18,444','BENDING KM.36185/3.478 & KM.2628/2.461 DB'),('03 Desember 2018','GRT-SPA-1',9,'ISI','','','','METRO GRT - SPA  5/2/5'),('03 Desember 2018','GRT-SPA-1',10,'','','','','DWDM REGIONAL 820 GRT-TSM'),('03 Desember 2018','GRT-SPA-1',11,'','','','','METRO GRT-SPA'),('03 Desember 2018','GRT-SPA-1',12,'','','','','METRO GRT-SPA'),('03 Desember 2018','GRT-SPA-1',13,'',' 42,545 ','0,47',' 19,845 ','BENDING'),('03 Desember 2018','GRT-SPA-1',14,'',' 42,551 ','0,36',' 15,231 ','BENDING KM.18.865/3.520 DB'),('03 Desember 2018','GRT-SPA-1',15,'ISI','','','','METRO-E GRT-SPA  4/1/3'),('03 Desember 2018','GRT-SPA-1',16,'ISI','','','','METRO-E GRT-TSM (TENJI) 5/1/5'),('03 Desember 2018','GRT-SPA-1',17,'',' 42,545 ','0,33',' 14,125 ','IDEL BAIK'),('03 Desember 2018','GRT-SPA-1',18,'ISI','','','','METRO-E GRT-TSM 10 G'),('03 Desember 2018','GRT-SPA-1',19,'',' 60,697 ','0,29',' 17,299 ','IDEL BAIK'),('03 Desember 2018','GRT-SPA-1',20,'ISI','','','','METRO-E GRT-TSM (TENJI) 5/1/5'),('03 Desember 2018','GRT-SPA-1',21,'',' 36,180 ','0,27',' 9,736 ','PUTUS'),('03 Desember 2018','GRT-SPA-1',22,'','','','','ADAPTER JELEK'),('03 Desember 2018','GRT-SPA-1',23,'ISI','','','','METRO-E GRT-TSM (TENJI)  2/2/1'),('03 Desember 2018','GRT-SPA-1',24,'ISI','','','','METRO-E GRT-TSM (TENJI)  2/2/1'),('03 Desember 2018','GRT-SPA-1',25,'',' 42,535 ','0,29','12,189','IDEL BAIK'),('03 Desember 2018','GRT-SPA-1',26,'',' 42,530 ','0,29','12,196','IDEL BAIK'),('03 Desember 2018','GRT-SPA-1',27,'',' 45,252 ','0,27','12,442','IDEL BAIK'),('03 Desember 2018','GRT-SPA-1',28,'',' 42,530 ','0,34','14,525','iDEL BAIK'),('03 Desember 2018','GRT-SPA-1',29,'',' 42,535 ','0,31','13,128','IDEL BAIK'),('03 Desember 2018','GRT-SPA-1',30,'ISI','','','','TELKOMSEL KT KULON-BANJAR'),('03 Desember 2018','GRT-SPA-1',31,'',' 39,727 ','0,15',' 6,155 ','PUTUS'),('03 Desember 2018','GRT-SPA-1',32,'',' 19,866 ','0,34',' 6,727 ','PUTUS'),('03 Desember 2018','GRT-SPA-1',33,'',' 11,083 ','0,40',' 4,391 ','PUTUS'),('03 Desember 2018','GRT-SPA-1',34,'',' 11,083 ','0,32',' 3,514 ','PUTUS'),('03 Desember 2018','GRT-SPA-1',35,'',' 10,646 ','0,31',' 3,282 ','PUTUS'),('03 Desember 2018','GRT-SPA-1',36,'',' 11,077 ','0,27',' 2,989 ','PUTUS'),('03 Desember 2018','GRT-KDN',1,'',' 18,665 ','0,33',' 6,177 ','IDEL BAIK'),('03 Desember 2018','GRT-KDN',2,'',' 18,680 ','0,36',' 6,757 ','BENDING KM.11.622/2.950 DB'),('03 Desember 2018','GRT-KDN',3,'',' 10,143 ','0,35',' 3,527 ','PUTUS'),('03 Desember 2018','GRT-KDN',4,'',' 18,695 ','0,37',' 6,862 ','BENDING KM.8.603/1.071 DB'),('03 Desember 2018','GRT-KDN',5,'',' 18,670 ','0,29',' 5,433 ','IDEL BAIK'),('03 Desember 2018','GRT-KDN',6,'',' 18,690 ','0,14',' 2,659 ','IDEL BAIK'),('03 Desember 2018','GRT-KDN',7,'',' 18,690 ','0,40',' 7,521 ','BENDING KM.8.603/3.043 DB'),('03 Desember 2018','GRT-KDN',8,'',' 18,690 ','0,48',' 8,978 ','IDEL BAIK'),('03 Desember 2018','GRT-KDN',9,'',' 18,695 ','0,30',' 5,640 ','IDEL BAIK'),('03 Desember 2018','GRT-KDN',10,'',' 18,695 ','0,27',' 5,049 ','IDEL BAIK'),('03 Desember 2018','GRT-KDN',11,'',' 18,690 ','0,29','5,379','IDEL BAIK'),('03 Desember 2018','GRT-KDN',12,'',' 18,690 ','0,26','4,863','IDEL BAIK'),('03 Desember 2018','GRT-KDN',13,'',' 8,880 ','0,34',' 3,021 ','PUTUS'),('03 Desember 2018','GRT-KDN',14,'',' 8,880 ','0,39',' 3,462 ','PUTUS'),('03 Desember 2018','GRT-KDN',15,'',' 9,137 ','0,29',' 2,634 ','PUTUS'),('03 Desember 2018','GRT-KDN',16,'ISI','','','','METRO GRT-UJUNG BERUNG'),('03 Desember 2018','GRT-KDN',17,'ISI','','','','DWDM REGIONAL 820 GRT-BD'),('03 Desember 2018','GRT-KDN',18,'ISI','','','','METRO GRT-KDA(TENJI)  5/1/1'),('03 Desember 2018','GRT-KDN',19,'ISI','','','','DWDM REGIONAL 820 GRT-BD'),('03 Desember 2018','GRT-KDN',20,'',' 4,733 ','0,26',' 1,227 ','PUTUS'),('03 Desember 2018','GRT-KDN',21,'ISI','','','','METRO GRT-KDA(TENJI)  5/1/1'),('03 Desember 2018','GRT-KDN',22,'',' 4,733 ','0,28',' 1,319 ','PUTUS'),('03 Desember 2018','GRT-KDN',23,'',' 15,949 ','0,35',' 5,535 ','PUTUS'),('03 Desember 2018','GRT-KDN',24,'ISI','','','','TELKOMSEL GRT KT KULON-BD DAGO'),('03 Desember 2018','GRT-KDN',25,'ISI','','','','ADAFTER BAD'),('03 Desember 2018','GRT-KDN',26,'ISI','','','','ADAFTER BAD'),('03 Desember 2018','GRT-KDN',27,'',' 6,529 ','0,40',' 2,627 ','PUTUS'),('03 Desember 2018','GRT-KDN',28,'',' 9,122 ','0,64',' 5,836 ','PUTUS'),('03 Desember 2018','GRT-KDN',29,'',' 18,449 ','0,50',' 9,195 ','IDEL BAIK'),('03 Desember 2018','GRT-KDN',30,'',' 18,449 ','0,40',' 7,408 ','IDEL BAIK'),('03 Desember 2018','GRT-KDN',31,'ISI','','','','TELKOMSEL GRT KT KULON-BD DAGO'),('03 Desember 2018','GRT-KDN',32,'ISI','','','','METRO GRT - UJUNG BERUNG'),('03 Desember 2018','GRT-KDN',33,'ISI','','','','METRO GRT - RCK'),('03 Desember 2018','GRT-KDN',34,'ISI','','','','METRO GRT - RCK'),('03 Desember 2018','GRT-KDN',35,'ISI','','','','RMJ GRT - KDA'),('03 Desember 2018','GRT-KDN',36,'ISI','','','','RMJ GRT - KDA'),('03 Desember 2018','GRT-KDN',37,'',' 18,690 ','0,33',' 6,103 ','IDEL BAIK'),('03 Desember 2018','GRT-KDN',38,'',' 18,690 ','0,31',' 5,769 ','IDEL BAIK'),('03 Desember 2018','GRT-KDN',39,'',' 18,690 ','0,28',' 5,237 ','IDEL BAIK'),('03 Desember 2018','GRT-KDN',40,'',' 18,701 ','0,35',' 6,551 ','IDEL BAIK'),('03 Desember 2018','GRT-KDN',41,'',' 18,690 ','0,32',' 6,059 ','IDEL BAIK'),('03 Desember 2018','GRT-KDN',42,'',' 18,690 ','0,34',' 6,353 ','IDEL BAIK'),('03 Desember 2018','GRT-KDN',43,'',' 18,685 ','0,33',' 6,129 ','IDEL BAIK'),('03 Desember 2018','GRT-KDN',44,'',' 18,680 ','0,39',' 7,255 ','IDEL BAIK'),('03 Desember 2018','GRT-KDN',45,'',' 18,685 ','0,33','6,195','IDEL BAIK'),('03 Desember 2018','GRT-KDN',46,'',' 18,685 ','0,29',' 5,512 ','IDEL BAIK'),('03 Desember 2018','GRT-KDN',47,'',' 18,685 ','0,41',' 7,739 ','IDEL BAIK'),('03 Desember 2018','GRT-KDN',48,'',' 18,685 ','0,31',' 5,742 ','IDEL BAIK'),('03 Desember 2018','GRT-CKG',1,'ISI','','','','METRO-E GRT-CKG (TENJI)'),('03 Desember 2018','GRT-CKG',2,'ISI','','','','METRO-E GRT-CKG'),('03 Desember 2018','GRT-CKG',3,'ISI','','','','METRO-E GRT-CKG'),('03 Desember 2018','GRT-CKG',4,'ISI','','','','METRO-E GRT-CKG (TENJI)'),('03 Desember 2018','GRT-CKG',5,'','29,311','0,35','10,217','IDEL BAIK'),('03 Desember 2018','GRT-CKG',6,'','29,309','0,34','9,981','BENDING KM.11.385/1.202 DB'),('03 Desember 2018','GRT-CKG',7,'','29,321','0,42','12,286','BENDING KM.0.676/1.018 DB'),('03 Desember 2018','GRT-CKG',8,'','29,314','0,34','9,881',''),('03 Desember 2018','GRT-CKG',9,'','29,311','0,39','11,322','BENDING KM.0.676/1.214 DB'),('03 Desember 2018','GRT-CKG',10,'','29,311','0,36','10,432',''),('03 Desember 2018','GRT-CKG',11,'','','','','BAD ADAPTER'),('03 Desember 2018','GRT-CKG',12,'','16,007','0,62','9,89','PUTUS'),('03 Desember 2018','GRT-CKG',13,'','0,595','0,52','0,311','PUTUS'),('03 Desember 2018','GRT-CKG',14,'','14,649','0,30','4,381','PUTUS'),('03 Desember 2018','GRT-CKG',15,'','29,298','0,43','12,62','BENDING KM.16.004/2.054 DB'),('03 Desember 2018','GRT-CKG',16,'',' 29,306 ','0,37','10,889','BENDING KM.0.676/1.403 DB'),('03 Desember 2018','GRT-CKG',17,'',' 29,314 ','0,35','10,338','BENDING KM.0.676/1.255 DB'),('03 Desember 2018','GRT-CKG',18,'',' 29,301 ','0,31','9,175','IDEL BAIK'),('03 Desember 2018','GRT-CKG',19,'',' 29,306 ','0,35','10,401','IDEL BAIK'),('03 Desember 2018','GRT-CKG',20,'',' 29,314 ','0,35','10,122','IDEL BAIK'),('03 Desember 2018','GRT-CKG',21,'',' 29,309 ','0,35','10,245','IDEL BAIK'),('03 Desember 2018','GRT-CKG',22,'',' 29,316 ','0,36','10,447','BENDING KM.1.544/1.069DB'),('03 Desember 2018','GRT-CKG',23,'',' 29,311 ','0,41','12,013','BENDING KM.0.676/1.449 DB'),('03 Desember 2018','GRT-CKG',24,'',' 17,765 ','0,59','10,462','PUTUS'),('03 Desember 2018','GRT-WNR-1',1,'',' 13,262 ','0,42','5,545','IDEL BAIK'),('03 Desember 2018','GRT-WNR-1',2,'',' 13,261 ','0,37','4,855','IDEL BAIK'),('03 Desember 2018','GRT-WNR-1',3,'','','','','IDEL BAIK'),('03 Desember 2018','GRT-WNR-1',4,'ISI','','','','DI SPLICE U/NEW DWDM CBT TSM'),('03 Desember 2018','GRT-WNR-1',5,'',' 13,263 ','0,46','6,162','BENDING 17&44M/4.341 DB'),('03 Desember 2018','GRT-WNR-1',6,'',' 13,261 ','0,39','5,178','IDEL BAIK'),('03 Desember 2018','GRT-WNR-1',7,'',' 50,456 ','0,39','19,906','SPLICE U/TELKOMSEL GRT-BANJAR'),('03 Desember 2018','GRT-WNR-1',8,'','','','','ADAPTER JELEK/CONECTOR JELEK'),('03 Desember 2018','GRT-WNR-1',9,'ISI','','','','SPLICE U/TELKOMSEL GRT-BANJAR'),('03 Desember 2018','GRT-WNR-1',10,'',' 13,259 ','0,49','6,462','IDEL BAIK'),('03 Desember 2018','GRT-WNR-1',11,'',' 13,262 ','0,44','5,789','IDEL BAIK'),('03 Desember 2018','GRT-WNR-1',12,'',' 13,202 ','0,43','5,623','IDEL BAIK'),('03 Desember 2018','GRT-WNR-1',13,'',' 13,259 ','0,35','4,677','IDEL BAIK'),('03 Desember 2018','GRT-WNR-1',14,'',' 13,259 ','0,36','4,778','IDEL BAIK'),('03 Desember 2018','GRT-WNR-1',15,'',' 13,250 ','0,34','4,517','IDEL BAIK'),('03 Desember 2018','GRT-WNR-1',16,'',' 13,258 ','0,35','4,638','IDEL BAIK'),('03 Desember 2018','GRT-WNR-1',17,'',' 13,258 ','0,34','4,495','IDEL BAIK'),('03 Desember 2018','GRT-WNR-1',18,'',' 24,581 ','0,38','9,302','IDEL BAIK'),('03 Desember 2018','GRT-WNR-1',19,'',' 24,585 ','0,42','10,273','IDEL BAIK'),('03 Desember 2018','GRT-WNR-1',20,'','8,890','0,44','3,881','PUTUS'),('03 Desember 2018','GRT-WNR-1',21,'','13,993','0,39','5,41','IDEL BAIK'),('03 Desember 2018','GRT-WNR-1',22,'','24,582','0,46','11,368','IDEL BAIK'),('03 Desember 2018','GRT-WNR-1',23,'','24,583','0,38','9,352','IDEL BAIK'),('03 Desember 2018','GRT-WNR-1',24,'','28,113','0,56','15,639','IDEL BENDING KM.25,195/1.889DB'),('03 Desember 2018','GRT-WNR-1',25,'','13,252','0,40','5,311','IDEL BAIK'),('03 Desember 2018','GRT-WNR-1',26,'','13,252','0,41','5,415','IDEL BAIK'),('03 Desember 2018','GRT-WNR-1',27,'ISI','','','','METRO-E  GRT-WNR (TENJI)'),('03 Desember 2018','GRT-WNR-1',28,'ISI','','','','METRO -E GRT-WNR  (TENJI)'),('03 Desember 2018','GRT-WNR-1',29,'ISI','','','','RMJ GRT - WNR'),('03 Desember 2018','GRT-WNR-1',30,'','13,253','0,39','5,149','IDEL BAIK'),('03 Desember 2018','GRT-WNR-1',31,'','13,251','0,41','5,413','IDEL BAIK'),('03 Desember 2018','GRT-WNR-1',32,'','','','','BAD ADAPTER/CONECTOR JELEK'),('03 Desember 2018','GRT-WNR-1',33,'ISI','','','','RMJ GRT - WNR'),('03 Desember 2018','GRT-WNR-1',34,'',' 13,250 ','0,41','5,374','IDEL BAIK'),('03 Desember 2018','GRT-WNR-1',35,'',' 24,574 ','0,42','10,382','IDEL BAIK'),('03 Desember 2018','GRT-WNR-1',36,'',' 24,578 ','0,40','9,833','IDEL BAIK'),('03 Desember 2018','GRT-WNR-1',37,'ISI','','','','TELKOMSEL 3/1/16'),('03 Desember 2018','GRT-WNR-1',38,'ISI','','','','TELKOMSEL 3/1/16'),('03 Desember 2018','GRT-WNR-1',39,'ISI','','','','TELKOMSEL 3/1/14'),('03 Desember 2018','GRT-WNR-1',40,'ISI','','','','TELKOMSEL 3/1/14'),('03 Desember 2018','GRT-WNR-1',41,'ISI','','','','DWDM 820-KR.PAWITAN'),('03 Desember 2018','GRT-WNR-1',42,'ISI','','','','DWDM 820-KR.PAWITAN'),('03 Desember 2018','GRT-WNR-1',43,'',' 6,191 ','0,42','2,585','STO GRT-BTS KARANGPAWITAN / IDLE'),('03 Desember 2018','GRT-WNR-1',44,'',' 6,185 ','0,57','3,538','STO GRT-BTS KARANGPAWITAN / IDLE'),('03 Desember 2018','GRT-WNR-1',45,'ISI','','','','TELKOMSEL GRT KOTA-KR.PAWITAN'),('03 Desember 2018','GRT-WNR-1',46,'ISI','','','','TELKOMSEL GRT KOTA-KR.PAWITAN'),('03 Desember 2018','GRT-WNR-1',47,'',' 6,191 ','0,44','2,72','STO GRT-BTS KARANGPAWITAN / IDLE'),('03 Desember 2018','GRT-WNR-1',48,'',' 6,191 ','0,58','3,58','STO GRT-BTS KARANGPAWITAN / IDLE'),('03 Desember 2018','GRT-WNR-2',1,'',' 10,846 ','0,22',' 2,358 ','PUTUS'),('03 Desember 2018','GRT-WNR-2',2,'',' 12,884 ','0,44',' 5,718 ','BANDING DI KM 10,785 / 2,707'),('03 Desember 2018','GRT-WNR-2',3,'',' 12,884 ','0,27',' 3,520 ','IDLE BAIK'),('03 Desember 2018','GRT-WNR-2',4,'',' 4,738 ','0,65',' 3,092 ','PUTUS'),('03 Desember 2018','GRT-WNR-2',5,'','','','','OAN'),('03 Desember 2018','GRT-WNR-2',6,'','','','','OAN'),('03 Desember 2018','GRT-WNR-2',7,'','12,895','0,29','3,785','IDIL BAIK'),('03 Desember 2018','GRT-WNR-2',8,'',' 12,884 ','0,38',' 4,893 ','BANDING DI KM 6,771 / 1,192'),('03 Desember 2018','GRT-WNR-2',9,'','','','','O A N'),('03 Desember 2018','GRT-WNR-2',10,'','','','','PUTUS DI OTB'),('03 Desember 2018','GRT-WNR-2',11,'','','','','O A N'),('03 Desember 2018','GRT-WNR-2',12,'','','','','O A N'),('03 Desember 2018','GRT-WNR-3',1,'','13,386','0,30','3,99','IDEL BAIK'),('03 Desember 2018','GRT-WNR-3',2,'','13,388','0,38','5,05','IDEL BAIK'),('03 Desember 2018','GRT-WNR-3',3,'','13,391','0,30','4,08','IDEL BAIK'),('03 Desember 2018','GRT-WNR-3',4,'','13,383','0,34','4,60','IDEL BAIK'),('03 Desember 2018','GRT-WNR-3',5,'','13,388','0,33','4,41','IDEL BAIK'),('03 Desember 2018','GRT-WNR-3',6,'','13,386','0,29','3,89','IDEL BAIK'),('03 Desember 2018','GRT-WNR-3',7,'','13,388','0,29','3,89','IDEL BAIK'),('03 Desember 2018','GRT-WNR-3',8,'','13,386','0,35','4,73','IDEL BAIK'),('03 Desember 2018','GRT-WNR-3',9,'','13,386','0,30','4,02','IDEL BAIK'),('03 Desember 2018','GRT-WNR-3',10,'','13,386','0,34','4,51','IDEL BAIK'),('03 Desember 2018','GRT-WNR-3',11,'','4,611','0,23','1,05','PUTUS'),('03 Desember 2018','GRT-WNR-3',12,'','13,388','0,37','4,90','IDEL BAIK'),('03 Desember 2018','GRT-WNR-3',13,'','13,393','0,36','4,80','IDEL BAIK'),('03 Desember 2018','GRT-WNR-3',14,'','13,393','0,44','5,84','BENDING KM.12.643/1.222  DB'),('03 Desember 2018','GRT-WNR-3',15,'','13,393','0,29','3,92','IDEL BAIK'),('03 Desember 2018','GRT-WNR-3',16,'','13,391','0,33','4,47','IDEL BAIK'),('03 Desember 2018','GRT-WNR-3',17,'','13,393','0,33','4,40','IDEL BAIK'),('03 Desember 2018','GRT-WNR-3',18,'','13,393','0,32','4,34','IDEL BAIK'),('03 Desember 2018','GRT-WNR-3',19,'','13,393','0,30','4,03','IDEL BAIK'),('03 Desember 2018','GRT-WNR-3',20,'','13,393','0,39','5,21','IDEL BAIK'),('03 Desember 2018','GRT-WNR-3',21,'','13,391','0,42','5,68','IDEL BAIK'),('03 Desember 2018','GRT-WNR-3',22,'','13,393','0,36','4,86','IDEL BAIK'),('03 Desember 2018','GRT-WNR-3',23,'','13,396','0,31','4,16','IDEL BAIK'),('03 Desember 2018','GRT-WNR-3',24,'','13,393','0,31','4,21','IDEL BAIK'),('03 Desember 2018','GRT-WNR-3',25,'','13,381','0,31','4,16','IDEL BAIK'),('03 Desember 2018','GRT-WNR-3',26,'','13,383','0,34','4,54','IDEL BAIK'),('03 Desember 2018','GRT-WNR-3',27,'','13,386','0,33','4,37','IDEL BAIK'),('03 Desember 2018','GRT-WNR-3',28,'','13,381','0,36','4,87','IDEL BAIK'),('03 Desember 2018','GRT-WNR-3',29,'','13,381','0,36','4,80','IDEL BAIK'),('03 Desember 2018','GRT-WNR-3',30,'','13,381','0,34','4,60','IDEL BAIK'),('03 Desember 2018','GRT-WNR-3',31,'','13,383','0,37','5,01','IDEL BAIK'),('03 Desember 2018','GRT-WNR-3',32,'','13,381','0,40','5,32','IDEL BAIK'),('03 Desember 2018','GRT-WNR-3',33,'','13,378','0,33','4,45','IDEL BAIK'),('03 Desember 2018','GRT-WNR-3',34,'','13,381','0,29','3,86','IDEL BAIK'),('03 Desember 2018','GRT-WNR-3',35,'','13,386','0,39','5,21','IDEL BAIK'),('03 Desember 2018','GRT-WNR-3',36,'','13,382','0,31','4,20','IDEL BAIK'),('03 Desember 2018','GRT-WNR-3',37,'','5,115','0,33','1,68','PUTUS'),('03 Desember 2018','GRT-WNR-3',38,'','5,175','1,44','7,47','PUTUS'),('03 Desember 2018','GRT-WNR-3',39,'','13,387','0,31','4,18','IDEL BAIK'),('03 Desember 2018','GRT-WNR-3',40,'','13,384','0,41','5,49','IDEL BAIK'),('03 Desember 2018','GRT-WNR-3',41,'','13,386','0,34','4,50','IDEL BAIK'),('03 Desember 2018','GRT-WNR-3',42,'','5,119','0,47','2,40','PUTUS'),('03 Desember 2018','GRT-WNR-3',43,'','13,387','0,36','4,79','IDEL BAIK'),('03 Desember 2018','GRT-WNR-3',44,'','13,386','0,28','3,79','IDEL BAIK'),('03 Desember 2018','GRT-WNR-3',45,'','13,384','0,42','5,66','IDEL BAIK'),('03 Desember 2018','GRT-WNR-3',46,'','13,388','0,42','5,57','IDEL BAIK'),('03 Desember 2018','GRT-WNR-3',47,'','13,388','0,32','4,34','BENDING KM.4.605/1.061  DB'),('03 Desember 2018','GRT-WNR-3',48,'','13,386','0,31','4,14','IDEL BAIK'),('03 Desember 2018','GRT-SPA-2',1,'','13,665','0,21','2,93','IDEL BAIK'),('03 Desember 2018','GRT-SPA-2',2,'','13,670','0,20','2,78','IDEL BAIK'),('03 Desember 2018','GRT-SPA-2',3,'','13,654','0,23','3,17','IDEL BAIK'),('03 Desember 2018','GRT-SPA-2',4,'','13,660','0,22','3,04','IDEL BAIK'),('03 Desember 2018','GRT-SPA-2',5,'','13,660','0,21','2,87','IDEL BAIK'),('03 Desember 2018','GRT-SPA-2',6,'','13,654','0,20','2,71','IDEL BAIK'),('03 Desember 2018','GRT-SPA-2',7,'','13,665','0,20','2,70','IDEL BAIK'),('03 Desember 2018','GRT-SPA-2',8,'','13,660','0,22','3,06','IDEL BAIK'),('03 Desember 2018','GRT-SPA-2',9,'','13,660','0,23','3,09','IDEL BAIK'),('03 Desember 2018','GRT-SPA-2',10,'','13,660','0,21','2,88','IDEL BAIK'),('03 Desember 2018','GRT-SPA-2',11,'','13,665','0,19','2,66','IDEL BAIK'),('03 Desember 2018','GRT-SPA-2',12,'','13,665','0,19','2,66','IDEL BAIK'),('03 Desember 2018','GRT-SPA-2',13,'','13,660','0,24','3,28','IDEL BAIK'),('03 Desember 2018','GRT-SPA-2',14,'','13,665','0,19','2,61','IDEL BAIK'),('03 Desember 2018','GRT-SPA-2',15,'','13,660','0,21','2,93','IDEL BAIK'),('03 Desember 2018','GRT-SPA-2',16,'','13,660','0,25','3,42','IDEL BAIK'),('03 Desember 2018','GRT-SPA-2',17,'','13,660','0,22','3,05','IDEL BAIK'),('03 Desember 2018','GRT-SPA-2',18,'','13,660','0,21','2,93','IDEL BAIK'),('03 Desember 2018','GRT-SPA-2',19,'','13,660','0,20','2,80','IDEL BAIK'),('03 Desember 2018','GRT-SPA-2',20,'','13,675','0,20','2,73','IDEL BAIK'),('03 Desember 2018','GRT-SPA-2',21,'','13,654','0,21','2,90','IDEL BAIK'),('03 Desember 2018','GRT-SPA-2',22,'','13,670','0,21','2,85','IDEL BAIK'),('03 Desember 2018','GRT-SPA-2',23,'','13,654','0,21','2,90','IDEL BAIK'),('03 Desember 2018','GRT-SPA-2',24,'','13,665','0,22','2,98','IDEL BAIK'),('03 Desember 2018','GRT-SPA-2',25,'','13,660','0,20','2,75','IDEL BAIK'),('03 Desember 2018','GRT-SPA-2',26,'','13,660','0,20','2,75','IDEL BAIK'),('03 Desember 2018','GRT-SPA-2',27,'','13,665','0,21','2,82','IDEL BAIK'),('03 Desember 2018','GRT-SPA-2',28,'','13,660','0,22','2,99','IDEL BAIK'),('03 Desember 2018','GRT-SPA-2',29,'','13,660','0,21','2,85','IDEL BAIK'),('03 Desember 2018','GRT-SPA-2',30,'','13,660','0,21','2,86','IDEL BAIK'),('03 Desember 2018','GRT-SPA-2',31,'','13,660','0,22','3,01','IDEL BAIK'),('03 Desember 2018','GRT-SPA-2',32,'','13,665','0,17','2,38','IDEL BAIK'),('03 Desember 2018','GRT-SPA-2',33,'','13,660','0,21','2,88','IDEL BAIK'),('03 Desember 2018','GRT-SPA-2',34,'','13,665','0,22','3,02','IDEL BAIK'),('03 Desember 2018','GRT-SPA-2',35,'','13,660','0,22','2,94','IDEL BAIK'),('03 Desember 2018','GRT-SPA-2',36,'','13,665','0,22','2,97','IDEL BAIK'),('03 Desember 2018','GRT-SPA-2',37,'','13,660','0,21','2,91','IDEL BAIK'),('03 Desember 2018','GRT-SPA-2',38,'','13,670','0,22','3,05','IDEL BAIK'),('03 Desember 2018','GRT-SPA-2',39,'','13,665','0,28','3,86','IDEL BAIK'),('03 Desember 2018','GRT-SPA-2',40,'','13,660','0,25','3,48','IDEL BAIK'),('03 Desember 2018','GRT-SPA-2',41,'','13,665','0,29','3,99','BENDING KM.9.568/1.133'),('03 Desember 2018','GRT-SPA-2',42,'','13,654','0,41','5,62','BENDING KM.9.568/2.718'),('03 Desember 2018','GRT-SPA-2',43,'','13,665','0,21','2,89','IDEL BAIK'),('03 Desember 2018','GRT-SPA-2',44,'','13,665','0,21','2,92','IDEL BAIK'),('03 Desember 2018','GRT-SPA-2',45,'','13,660','0,22','2,98','IDEL BAIK'),('03 Desember 2018','GRT-SPA-2',46,'','13,670','0,21','2,87','PUTUS'),('03 Desember 2018','GRT-SPA-2',47,'','13,654','0,23','3,18','IDEL BAIK'),('03 Desember 2018','GRT-SPA-2',48,'','13,649','0,22','2,95','IDEL BAIK'),('03 Desember 2018','CKG-CSP-1',1,'ISI','','','','T.SEL BTS CKG-BTS PMP'),('03 Desember 2018','CKG-CSP-1',2,'ISI','','','','METRO CKG-PMP ( TENJI ) 2/1/2'),('03 Desember 2018','CKG-CSP-1',3,'',' 41,237 ','0,29','11,759','BENDING KM.25.041/1.092 DB'),('03 Desember 2018','CKG-CSP-1',4,'ISI','','','','METRO CKG-PMP ( TENJI ) 2/1/2'),('03 Desember 2018','CKG-CSP-1',5,'ISI','','','','T.SEL BTS CKG-KR.NUNGGAL'),('03 Desember 2018','CKG-CSP-1',6,'',' 41,253 ','0,29',' 12,158 ','BENDING KM.25.567/1.771 DB'),('03 Desember 2018','CKG-CSP-1',7,'',' 12,658 ','0,21',' 2,713 ','PUTUS DIPAKAI NOD-B DARI CSP'),('03 Desember 2018','CKG-CSP-1',8,'',' 41,237 ','0,27',' 11,008 ','BENDING KM.22.295/0.963 DB'),('03 Desember 2018','CKG-CSP-1',9,'',' 41,230 ','0,26',' 10,690 ','IDEL BAIK'),('03 Desember 2018','CKG-CSP-1',10,'',' 41,237 ','0,27',' 11,076 ','BENDING KM.22.300/1.125 DB'),('03 Desember 2018','CKG-CSP-1',11,'',' 41,222 ','0,25',' 10,137 ','IDEL BAIK'),('03 Desember 2018','CKG-CSP-1',12,'',' 25,562 ','0,29',' 7,530 ','BENDING KM.22.562/1.499 & 25.562/7.444 DB PUTUS'),('03 Desember 2018','CKG-CSP-1',13,'ISI','','','','T.SEL BTS CKG-KR.NUNGGAL'),('03 Desember 2018','CKG-CSP-1',14,'',' 41,253 ','0,24',' 10,087 ','IDLE BAIK'),('03 Desember 2018','CKG-CSP-1',15,'',' 41,227 ','0,27',' 11,148 ','IDLE BAIK'),('03 Desember 2018','CKG-CSP-1',16,'',' 25,562 ','0,28',' 7,260 ','PUTUS'),('03 Desember 2018','CKG-CSP-1',17,'',' 22,275 ','0,23',' 5,160 ','PUTUS'),('03 Desember 2018','CKG-CSP-1',18,'',' 41,237 ','0,27',' 11,151 ','BENDING KM.15.226/1.104 DB'),('03 Desember 2018','CKG-CSP-1',19,'ISI','','','','T.SEL BTS CKG-BTS PMP'),('03 Desember 2018','CKG-CSP-1',20,'',' 41,227 ','0,27',' 11,108 ','IDLE BAIK'),('03 Desember 2018','CKG-CSP-1',21,'ISI','','','','TELKOMSEL BTS CKG-METRO PMP 1/1/20'),('03 Desember 2018','CKG-CSP-1',22,'ISI','','','','TELKOMSEL BTS CKG-METRO PMP 1/1/20'),('03 Desember 2018','CKG-CSP-1',23,'',' 41,217 ','0,25','10,323','IDEL BAIK'),('03 Desember 2018','CKG-CSP-1',24,'',' 15,535 ','0,22',' 3,452 ','PUTUS DIPAKAI NOD-B DARI CSP PUTUS'),('03 Desember 2018','CKG-GRT',1,'ISI','','','','METRO-E CKG-GRT (TENJI ) 10G'),('03 Desember 2018','CKG-GRT',2,'','28,719','0,46',' 13,241 ','IDLE BAIK'),('03 Desember 2018','CKG-GRT',3,'ISI','','','','METRO-E CKG-GRT'),('03 Desember 2018','CKG-GRT',4,'',' 14,660 ','0,41',' 6,064 ','PUTUS'),('03 Desember 2018','CKG-GRT',5,'ISI','','','','METRO-E CKG-GRT'),('03 Desember 2018','CKG-GRT',6,'',' 29,303 ','0,55',' 16,171 ','BENDING KM.27.753/2.147'),('03 Desember 2018','CKG-GRT',7,'ISI','','','','METRO-E CKG-GRT (TENJI ) 10G'),('03 Desember 2018','CKG-GRT',8,'',' 29,308 ','0,52',' 15,122 ','IDLE BAIK'),('03 Desember 2018','CKG-GRT',9,'',' 29,316 ','0,51',' 15,060 ','IDLE BAIK'),('03 Desember 2018','CKG-GRT',10,'','29,319','0,48',' 14,143 ','IDLE BAIK'),('03 Desember 2018','CKG-GRT',11,'',' 29,311 ','0,49',' 14,425 ','IDLE BAIK'),('03 Desember 2018','CKG-GRT',12,'','29,306','0,61',' 17,755 ','IDLE BAIK'),('03 Desember 2018','CKG-GRT',13,'',' 29,311 ','0,60',' 17,446 ','IDLE BAIK'),('03 Desember 2018','CKG-GRT',14,'',' 29,321 ','0,52',' 15,267 ','IDLE BAIK'),('03 Desember 2018','CKG-GRT',15,'',' 29,319 ','0,49',' 14,427 ','IDLE BAIK'),('03 Desember 2018','CKG-GRT',16,'',' - ','',' - ','ADAPTER JELEK'),('03 Desember 2018','CKG-GRT',17,'','29,313','0,57',' 16,663 ','IDLE BAIK'),('03 Desember 2018','CKG-GRT',18,'',' 29,313 ','0,57',' 16,617 ','IDLE BAIK'),('03 Desember 2018','CKG-GRT',19,'',' 29,321 ','0,53',' 15,618 ','IDLE BAIK'),('03 Desember 2018','CKG-GRT',20,'',' 29,316 ','0,48',' 14,193 ','IDLE BAIK'),('03 Desember 2018','CKG-GRT',21,'',' 29,313 ','0,53',' 15,486 ','IDLE BAIK'),('03 Desember 2018','CKG-GRT',22,'',' 11,678 ','0,61',' 7,153 ','PUTUS'),('03 Desember 2018','CKG-GRT',23,'',' 11,563 ','0,39',' 4,491 ','PUTUS'),('03 Desember 2018','CKG-GRT',24,'',' 13,315 ','0,44',' 5,881 ','PUTUS'),('03 Desember 2018','CKG-CSP-2',1,'',' 6,991 ','1,28',' 8,974 ','BENDING KM.3.680/6.335 DB'),('03 Desember 2018','CKG-CSP-2',2,'',' 5,523 ','0,78',' 4,324 ','BENDING KM.3.685/2.218 DB'),('03 Desember 2018','CKG-CSP-2',3,'',' 6,991 ','1,39',' 9,702 ','BENDING KM.3.680/7.774 DB'),('03 Desember 2018','CKG-CSP-2',4,'',' 6,996 ','0,41',' 2,867 ','PUTUS'),('03 Desember 2018','CKG-CSP-2',5,'',' 6,991 ','0,25',' 1,727 ','PUTUS'),('03 Desember 2018','CKG-CSP-2',6,'',' 6,996 ','0,25',' 1,778 ','PUTUS'),('03 Desember 2018','CKG-CSP-2',7,'',' 6,996 ','0,15',' 1,045 ','PUTUS'),('03 Desember 2018','CKG-CSP-2',8,'',' 7,002 ','0,18',' 1,241 ','PUTUS'),('03 Desember 2018','CKG-CSP-2',9,'',' 7,002 ','0,22',' 1,528 ','PUTUS'),('03 Desember 2018','CKG-CSP-2',10,'',' 6,996 ','0,31',' 2,184 ','PUTUS'),('03 Desember 2018','CKG-CSP-2',11,'',' 6,996 ','0,29',' 2,056 ','PUTUS'),('03 Desember 2018','CKG-CSP-2',12,'',' 6,996 ','0,27',' 1,904 ','PUTUS'),('03 Desember 2018','CSP-CKG-1',1,'','0,415','0,27','0,11','PUTUS'),('03 Desember 2018','CSP-CKG-1',2,'','0,415','0,27','0,11','PUTUS'),('03 Desember 2018','CSP-CKG-1',3,'','0,415','0,27','0,11','PUTUS'),('03 Desember 2018','CSP-CKG-1',4,'','0,415','0,27','0,11','PUTUS'),('03 Desember 2018','CSP-CKG-1',5,'','0,415','0,27','0,11','PUTUS'),('03 Desember 2018','CSP-CKG-1',6,'','0,415','0,27','0,11','PUTUS'),('03 Desember 2018','CSP-CKG-1',7,'','0,415','0,27','0,11','PUTUS'),('03 Desember 2018','CSP-CKG-1',8,'','0,415','0,27','0,11','PUTUS'),('03 Desember 2018','CSP-CKG-1',9,'','0,415','0,27','0,11','PUTUS'),('03 Desember 2018','CSP-CKG-1',10,'','0,415','0,27','0,11','PUTUS'),('03 Desember 2018','CSP-CKG-1',11,'','0,415','0,27','0,11','PUTUS'),('03 Desember 2018','CSP-CKG-1',12,'','0,415','0,27','0,11','PUTUS'),('03 Desember 2018','CSP-PMP-1',1,'','18,350','0,40',' 7,268 ',' IDEL BAIK '),('03 Desember 2018','CSP-PMP-1',2,'','18,351','0,37',' 6,736 ',' IDEL BAIK '),('03 Desember 2018','CSP-PMP-1',3,'',' 18,348 ','0,46',' 8,458 ',' IDEL BAIK '),('03 Desember 2018','CSP-PMP-1',4,'',' 18,352 ','0,46',' 8,381 ',' IDEL BAIK '),('03 Desember 2018','CSP-PMP-1',5,'',' 18,347 ','0,48',' 8,744 ',' IDEL BAIK '),('03 Desember 2018','CSP-PMP-1',6,'',' 18,350 ','0,54',' 9,920 ',' BENDING KM.5255/1.843 '),('03 Desember 2018','CSP-PMP-1',7,'','8,410','0,63',' 5,270 ','BENDING KM.8.132/1.527'),('03 Desember 2018','CSP-PMP-1',8,'','1,604','0,65',' 1,044 ','PUTUS'),('03 Desember 2018','CSP-PMP-1',9,'',' 18,357 ','0,49',' 8,977 ',' IDEL BAIK '),('03 Desember 2018','CSP-PMP-1',10,'',' 14,705 ','0,45',' 6,664 ','PUTUS'),('03 Desember 2018','CSP-PMP-1',11,'',' 8,136 ','0,65',' 5,294 ','PUTUS'),('03 Desember 2018','CSP-PMP-1',12,'',' 18,364 ','0,52',' 9,622 ','BENDING KM.8.152/1.033 DB'),('03 Desember 2018','CSP-PMP-1',13,'',' 18,352 ','0,37',' 6,798 ','IDEL BAIK'),('03 Desember 2018','CSP-PMP-1',14,'',' 18,355 ','0,45',' 8,176 ','IDEL BAIK'),('03 Desember 2018','CSP-PMP-1',15,'',' 18,350 ','0,37',' 6,849 ','IDEL BAIK'),('03 Desember 2018','CSP-PMP-1',16,'',' 18,352 ','0,44',' 8,116 ','BENDING KM.8.692/1.173 DB'),('03 Desember 2018','CSP-PMP-1',17,'',' 18,351 ','0,59',' 10,826 ','BENDING KM.3.114/1.034'),('03 Desember 2018','CSP-PMP-1',18,'',' 18,356 ','0,36',' 6,681 ','IDEL BAIK'),('03 Desember 2018','CSP-PMP-1',19,'','18,351','0,44',' 8,028 ','IDEL BAIK'),('03 Desember 2018','CSP-PMP-1',20,'ISI','','','','G-PON  HUAWEI'),('03 Desember 2018','CSP-PMP-1',21,'ISI','','','','G-PON  HUAWEI'),('03 Desember 2018','CSP-PMP-1',22,'','18,353','0,41',' 7,547 ','IDEL BAIK'),('03 Desember 2018','CSP-PMP-1',23,'',' 18,348 ','0,42',' 7,621 ','IDEL BAIK'),('03 Desember 2018','CSP-PMP-1',24,'','18,353','0,48',' 8,767 ','IDEL BAIK'),('03 Desember 2018','CSP-PMP-2',1,'ISI','','','','G-PON ZTE'),('03 Desember 2018','CSP-PMP-2',2,'ISI','','','','G-PON ZTE'),('03 Desember 2018','CSP-PMP-2',3,'ISI','','','','METRO-E CKG-PMP TENJI'),('03 Desember 2018','CSP-PMP-2',4,'ISI','','','','METRO-E CKG-PMP TENJI'),('03 Desember 2018','CSP-PMP-2',5,'','18,716','0,44',' 8,189 ','BENDING KM.6.514/2.428 &15.667/1.114'),('03 Desember 2018','CSP-PMP-2',6,'ISI','','','','T.SEL BTS CKG-KR.NUNGGAL'),('03 Desember 2018','CSP-PMP-2',7,'ISI','','','','TELKOMSEL CKG – PMP 1/1/20'),('03 Desember 2018','CSP-PMP-2',8,'ISI','','','','TELKOMSEL CKG – PMP 1/1/20'),('03 Desember 2018','CSP-PMP-2',9,'ISI','','','','T.SEL BTS CKG-KR.NUNGGAL'),('03 Desember 2018','CSP-PMP-2',10,'',' 9,892 ','0,37',' 3,661 ','PUTUS'),('03 Desember 2018','CSP-PMP-2',11,'ISI','','','','TELKOMSEL CKG – PMP'),('03 Desember 2018','CSP-PMP-2',12,'ISI','','','','TELKOMSEL CKG – PMP'),('03 Desember 2018','CSP-PMP-2',13,'','','','','DI PAKAI AKSES'),('03 Desember 2018','CSP-PMP-2',14,'','','','','DI PAKAI AKSES'),('03 Desember 2018','CSP-PMP-2',15,'','','','','DI PAKAI AKSES'),('03 Desember 2018','CSP-PMP-2',16,'','','','','DI PAKAI AKSES'),('03 Desember 2018','CSP-PMP-2',17,'','','','','DI PAKAI AKSES'),('03 Desember 2018','CSP-PMP-2',18,'','','','','DI PAKAI AKSES'),('03 Desember 2018','CSP-PMP-2',19,'','','','','DI PAKAI AKSES'),('03 Desember 2018','CSP-PMP-2',20,'','','','','DI PAKAI AKSES'),('03 Desember 2018','CSP-PMP-2',21,'','','','','DI PAKAI AKSES'),('03 Desember 2018','CSP-PMP-2',22,'','','','','DI PAKAI AKSES'),('03 Desember 2018','CSP-PMP-2',23,'','','','','DI PAKAI AKSES'),('03 Desember 2018','CSP-PMP-2',24,'','','','','DI PAKAI AKSES'),('03 Desember 2018','CSP-CKG-2',1,'ISI','','','','T.SEL BTS CKG-BTS PMP'),('03 Desember 2018','CSP-CKG-2',2,'ISI','','','','METRO-E CKG-PMP TENJI'),('03 Desember 2018','CSP-CKG-2',3,'',' 41,240 ','',' 16,130 ','BENDING KM.16.242/1.076 DB'),('03 Desember 2018','CSP-CKG-2',4,'ISI','','','','METRO-E CKG-PMP TENJI'),('03 Desember 2018','CSP-CKG-2',5,'ISI','','','','T.SEL BTS CKG-KR.NUNGGAL'),('03 Desember 2018','CSP-CKG-2',6,'',' 41,252 ','',' 17,306 ','BENDING KM.15.685/1.764 DB'),('03 Desember 2018','CSP-CKG-2',7,'ISI','','','','NOD-B CSP-CIHURIP'),('03 Desember 2018','CSP-CKG-2',8,'',' 41,242 ','',' 16,259 ','BENDING KM.18.962/1.022 DB'),('03 Desember 2018','CSP-CKG-2',9,'',' 41,240 ','',' 15,209 ','BENDING KM.18.983/1.274 DB'),('03 Desember 2018','CSP-CKG-2',10,'',' 41,242 ','',' 15,693 ','BENDING KM.18.967/1.205 DB'),('03 Desember 2018','CSP-CKG-2',11,'',' 41,237 ','',' 15,697 ',' BENDING KM.3.962/1.312 '),('03 Desember 2018','CSP-CKG-2',12,'',' 15,687 ','',' 5,426 ','PUTUS'),('03 Desember 2018','CSP-CKG-2',13,'ISI',' 41,248 ','',' - ','T.SEL BTS CKG-KR.NUNGGAL'),('03 Desember 2018','CSP-CKG-2',14,'','41,255','',' 15,552 ','IDEL BAIK'),('03 Desember 2018','CSP-CKG-2',15,'',' 41,229 ','',' 15,803 ','BENDING KM.19,080/0,804 DB'),('03 Desember 2018','CSP-CKG-2',16,'','','','','ADAPTER JELEK'),('03 Desember 2018','CSP-CKG-2',17,'',' 18,970 ','',' 3,021 ','PUTUS'),('03 Desember 2018','CSP-CKG-2',18,'',' 41,237 ','',' 16,949 ','BENDING KM.26.011/1.008.DB'),('03 Desember 2018','CSP-CKG-2',19,'ISI','','','','T.SEL BTS CKG-BTS PMP'),('03 Desember 2018','CSP-CKG-2',20,'',' 41,229 ','',' 16,714 ','BENDING KM.15.655/1.008 DB'),('03 Desember 2018','CSP-CKG-2',21,'ISI','','','','T.SEL BTS CKG-METRO PMP 1/1/20'),('03 Desember 2018','CSP-CKG-2',22,'ISI','','','','T.SEL BTS CKG-METRO PMP 1/1/20'),('03 Desember 2018','CSP-CKG-2',23,'',' 41,219 ','',' 15,488 ','IDEL BAIK'),('03 Desember 2018','CSP-CKG-2',24,'ISI','','','','NOD-B CSP-CIHURIP'),('03 Desember 2018','PMP-CSP-1',1,'','18.347','0,38','7.023',' IDEL BAIK '),('03 Desember 2018','PMP-CSP-1',2,'','18.351','0,38','7.026',' BENDING KM.16.301/1.100 DB '),('03 Desember 2018','PMP-CSP-1',3,'','18.347','0,47','8.712',' IDEL BAIK '),('03 Desember 2018','PMP-CSP-1',4,'','18.351','0,42','7.691',' BENDING KM.12.153/1.216 DB '),('03 Desember 2018','PMP-CSP-1',5,'','18.347','0,39','7.125',' IDEL BAIK '),('03 Desember 2018','PMP-CSP-1',6,'','18.345','0,40','7.263',' IDEL BAIK '),('03 Desember 2018','PMP-CSP-1',7,'','3.647','0,00','0,866','PUTUS'),('03 Desember 2018','PMP-CSP-1',8,'','16.762','0,49','8.192','PUTUS'),('03 Desember 2018','PMP-CSP-1',9,'','18.355','0,48','8.861',' BENDING KM.10.208/1.051 DB '),('03 Desember 2018','PMP-CSP-1',10,'','3.667','1,90','6.955','PUTUS'),('03 Desember 2018','PMP-CSP-1',11,'','3.644','0,00','0,851','PUTUS'),('03 Desember 2018','PMP-CSP-1',12,'','18.362','0,48','8.861','BENDING KM.8.152/1.033 DB'),('03 Desember 2018','PMP-CSP-1',13,'','18.351','0,40','7.391','IDEL BAIK'),('03 Desember 2018','PMP-CSP-1',14,'','18.353','0,47','8.569','IDEL BAIK'),('03 Desember 2018','PMP-CSP-1',15,'','18.348','0,36','6.612','IDEL BAIK'),('03 Desember 2018','PMP-CSP-1',16,'','18.351','0,49','8.942','IDEL BAIK'),('03 Desember 2018','PMP-CSP-1',17,'','18.349','0,47','8.628','BENDING KM.15.242/1.001 DB'),('03 Desember 2018','PMP-CSP-1',18,'','18.354','0,39','7.248','IDEL BAIK'),('03 Desember 2018','PMP-CSP-1',19,'','18.351','0,46','8.381','IDEL BAIK'),('03 Desember 2018','PMP-CSP-1',20,'ISI','','','','G-PON  HUAWEI'),('03 Desember 2018','PMP-CSP-1',21,'ISI','','','','G-PON  HUAWEI'),('03 Desember 2018','PMP-CSP-1',22,'','18.352','0,42','7.758','IDEL BAIK'),('03 Desember 2018','PMP-CSP-1',23,'','18.346','0,51','9.352','IDEL BAIK'),('03 Desember 2018','PMP-CSP-1',24,'','18.351','0,49','8.994','IDEL BAIK'),('03 Desember 2018','PMP-CSP-2',1,'ISI','','','','G-PON PMP-CSP'),('03 Desember 2018','PMP-CSP-2',2,'ISI','','','','G-PON PMP-CSP'),('03 Desember 2018','PMP-CSP-2',3,'ISI','','','','METRO-E PMP-CKG TENJI'),('03 Desember 2018','PMP-CSP-2',4,'ISI','','','','METRO-E PMP-CKG TENJI'),('03 Desember 2018','PMP-CSP-2',5,'ISI','','','','T.SEL BTS CKG-KR.NUNGGAL'),('03 Desember 2018','PMP-CSP-2',6,'ISI','','','','T.SEL BTS CKG-KR.NUNGGAL'),('03 Desember 2018','PMP-CSP-2',7,'ISI','','','','TELKOMSEL PMP-CKG BTS  1/1/20'),('03 Desember 2018','PMP-CSP-2',8,'ISI','','','','TELKOMSEL PMP-CKG BTS  1/1/20'),('03 Desember 2018','PMP-CSP-2',9,'ISI','','','','T.SEL BTS CKG-KR.NUNGGAL'),('03 Desember 2018','PMP-CSP-2',10,'','8.761','0,48','4.226','PUTUS'),('03 Desember 2018','PMP-CSP-2',11,'ISI','','','','TELKOMSEL PMP-CKG BTS  '),('03 Desember 2018','PMP-CSP-2',12,'ISI','','','','TELKOMSEL PMP-CKG BTS  '),('03 Desember 2018','PMP-CSP-2',13,'','7.217','0,63','4.518','BENDING KM.3.056/2.780 DB'),('03 Desember 2018','PMP-CSP-2',14,'','7.217','0,57','4.138','BENDING KM.3.054/2.525 DB'),('03 Desember 2018','PMP-CSP-2',15,'','7.217','0,42','3.007','BENDING KM.3.042/1.521 DB'),('03 Desember 2018','PMP-CSP-2',16,'','7.217','0,50','3.622','BENDING KM.3.052/2.211 DB'),('03 Desember 2018','PMP-CSP-2',17,'','7.215','0,59','4.272','BENDING KM.3.054/2.903 DB'),('03 Desember 2018','PMP-CSP-2',18,'','7.215','0,53','3.794','BENDING KM.3.044/2.338 DB'),('03 Desember 2018','PMP-CSP-2',19,'','7.217','0,85','6.104','BENDING KM.3.057/4.668'),('03 Desember 2018','PMP-CSP-2',20,'','7.216','0,85','6.127','BENDING KM.3.037/4.647'),('03 Desember 2018','PMP-CSP-2',21,'ISI','','','','REMOT DESLAM DEPOK'),('03 Desember 2018','PMP-CSP-2',22,'ISI','','','','REMOT DESLAM DEPOK'),('03 Desember 2018','PMP-CSP-2',23,'','7.685','0,68','5.256','BENDING KM.3.056/3.564 DB'),('03 Desember 2018','PMP-CSP-2',24,'ISI','','','','OAN DEPOK'),('03 Desember 2018','KDN-GRT-1',1,'','4.147','0,28','1.142','PUTUS'),('03 Desember 2018','KDN-GRT-1',2,'','18.333','0,48','8.776','IDLE BAIK'),('03 Desember 2018','KDN-GRT-1',3,'','4.148','0,26','1.069','PUTUS'),('03 Desember 2018','KDN-GRT-1',4,'','9.029','0,44','4.002','PUTUS'),('03 Desember 2018','KDN-GRT-1',5,'','18.333','0,51','9.421','BENDING KM,10,395/1,217 DB &15,369/1 DB'),('03 Desember 2018','KDN-GRT-1',6,'ISI','','','','T.SEL GRT KT KULON -BD DAGO (TRU)'),('03 Desember 2018','KDN-GRT-1',7,'ISI','','','','TELKOMSEL GRT-CLK (TROUGHT)'),('03 Desember 2018','KDN-GRT-1',8,'ISI','','','','METRO GRT-UJB (TROUGH) SPICE'),('03 Desember 2018','KDN-GRT-1',9,'ISI','','','','METRO GRT-RCK (TROUGH)'),('03 Desember 2018','KDN-GRT-1',10,'ISI','','','','METRO GRT-RCK (TROUGH)'),('03 Desember 2018','KDN-GRT-1',11,'ISI','','','','RMJ KDA-GRT'),('03 Desember 2018','KDN-GRT-1',12,'ISI','','','','RMJ KDA-GRT'),('03 Desember 2018','KDN-GRT-1',13,'','9.506','0,54','5.176','PUTUS'),('03 Desember 2018','KDN-GRT-1',14,'','13.642','0,43','5.925','PUTUS'),('03 Desember 2018','KDN-GRT-1',15,'','4.146','0,30','1.249','PUTUS'),('03 Desember 2018','KDN-GRT-1',16,'ISI','','','','METRO GRT-UJB (TROUGH)'),('03 Desember 2018','KDN-GRT-1',17,'ISI','','','','DWDM 820 REG GRT-BD (TRU)'),('03 Desember 2018','KDN-GRT-1',18,'ISI','','','','METRO KDA-GRT'),('03 Desember 2018','KDN-GRT-1',19,'ISI','','','','DWDM 820 REG GRT-BD (TRU)'),('03 Desember 2018','KDN-GRT-1',20,'','4,146','0,24','0,994','PUTUS'),('03 Desember 2018','KDN-GRT-1',21,'ISI','-','','-','METRO KDA-GRT'),('03 Desember 2018','KDN-GRT-1',22,'','13.638','0,43','5.826',' PUTUS '),('03 Desember 2018','KDN-GRT-1',23,'ISI','','','','TELKOMSEL '),('03 Desember 2018','KDN-GRT-1',24,'ISI','','','','T.SEL GRT KT KULON -BD DAGO (TRU)'),('03 Desember 2018','KDN-GRT-2',1,'','','','',''),('03 Desember 2018','KDN-GRT-2',2,'','','','',''),('03 Desember 2018','KDN-GRT-2',3,'','','','',''),('03 Desember 2018','KDN-GRT-2',4,'','','','',''),('03 Desember 2018','KDN-GRT-2',5,'','','','',''),('03 Desember 2018','KDN-GRT-2',6,'','','','',''),('03 Desember 2018','KDN-GRT-2',7,'','','','',''),('03 Desember 2018','KDN-GRT-2',8,'','','','',''),('03 Desember 2018','KDN-GRT-2',9,'','','','',''),('03 Desember 2018','KDN-GRT-2',10,'','','','',''),('03 Desember 2018','KDN-GRT-2',11,'','','','',''),('03 Desember 2018','KDN-GRT-2',12,'','','','',''),('03 Desember 2018','KDN-GRT-2',13,'','','','',''),('03 Desember 2018','KDN-GRT-2',14,'','','','',''),('03 Desember 2018','KDN-GRT-2',15,'','','','',''),('03 Desember 2018','KDN-GRT-2',16,'','','','',''),('03 Desember 2018','KDN-GRT-2',17,'','','','',''),('03 Desember 2018','KDN-GRT-2',18,'','','','',''),('03 Desember 2018','KDN-GRT-2',19,'','','','',''),('03 Desember 2018','KDN-GRT-2',20,'','','','',''),('03 Desember 2018','KDN-GRT-2',21,'','','','',''),('03 Desember 2018','KDN-GRT-2',22,'','','','',''),('03 Desember 2018','KDN-GRT-2',23,'','','','',''),('03 Desember 2018','KDN-GRT-2',24,'','','','',''),('03 Desember 2018','KDN-GRT-2',25,'','4.989','0,73','3.618','PUTUS'),('03 Desember 2018','KDN-GRT-2',26,'','4,997','0,63','3','PUTUS'),('03 Desember 2018','KDN-GRT-2',27,'','18.578','0,41','7.561','IDLE BAIK'),('03 Desember 2018','KDN-GRT-2',28,'','18.582','0,48','9.009','IDLE BAIK'),('03 Desember 2018','KDN-GRT-2',29,'','4.995','0,31','1.558','PUTUS'),('03 Desember 2018','KDN-GRT-2',30,'','5.003','0,33','1.671','PUTUS'),('03 Desember 2018','KDN-GRT-2',31,'','18.578','0,51','9.521','BENDING KM.10.033/1.983 DB'),('03 Desember 2018','KDN-GRT-2',32,'','18.577','0,54','10.007','BENDING KM.12.108/3.870 DB'),('03 Desember 2018','KDN-GRT-2',33,'','18.582','0,36','6.779','IDLE BAIK'),('03 Desember 2018','KDN-GRT-2',34,'','18.573','0,33','6.044','IDLE BAIK'),('03 Desember 2018','KDN-GRT-2',35,'','18.573','0,36','6.694','IDLE BAIK'),('03 Desember 2018','KDN-GRT-2',36,'','18.574','0,37','6.833','IDLE BAIK'),('03 Desember 2018','KDN-GRT-2',37,'','18.577','0,44','8.229','IDLE BAIK'),('03 Desember 2018','KDN-GRT-2',38,'','18.572','0,44','8.263','IDLE BAIK'),('03 Desember 2018','KDN-GRT-2',39,'','18.574','0,40','7.366','IDLE BAIK'),('03 Desember 2018','KDN-GRT-2',40,'','18.565','0,42','7.751','IDLE BAIK'),('03 Desember 2018','KDN-GRT-2',41,'','18.577','0,43','8.008','IDLE BAIK'),('03 Desember 2018','KDN-GRT-2',42,'','18.556','0,38','7.142','IDLE BAIK'),('03 Desember 2018','KDN-GRT-2',43,'','18.579','0,43','8.076','IDLE BAIK'),('03 Desember 2018','KDN-GRT-2',44,'','18.579','0,44','8.151','BENDING KM.13.873/1.377 DB'),('03 Desember 2018','KDN-GRT-2',45,'','18.574','0,40','7.402','IDLE BAIK'),('03 Desember 2018','KDN-GRT-2',46,'','18.568','0,36','6.679','IDLE BAIK'),('03 Desember 2018','KDN-GRT-2',47,'','18.574','0,47','8.645','BENDING KM.13.881/1.619 & 16.160/1.094 DB'),('03 Desember 2018','KDN-GRT-2',48,'','18.567','0,36','6.606','IDLE BAIK'),('03 Desember 2018','KDN-CBT-1',1,'ISI','','','','METRO KDA-CLK TENJI'),('03 Desember 2018','KDN-CBT-1',2,'ISI','','','','METRO KDA-CLK TENJI'),('03 Desember 2018','KDN-CBT-1',3,'ISI','','','','METRO-E GRT-RCK (TROUGH)'),('03 Desember 2018','KDN-CBT-1',4,'ISI','','','','METRO-E GRT-RCK (TROUGH)'),('03 Desember 2018','KDN-CBT-1',5,'ISI','','','','DWDM 820 REGIONAL GRT-BD'),('03 Desember 2018','KDN-CBT-1',6,'ISI','','','','DWDM 820 REGIONAL GRT-BD'),('03 Desember 2018','KDN-CBT-1',7,'ISI','','','','METRO GRT-UJB (TROUGH) SPICE'),('03 Desember 2018','KDN-CBT-1',8,'ISI','','','','METRO GRT-UJB (TROUGH)'),('03 Desember 2018','KDN-CBT-1',9,'','19.109','0,31','5.974','IDLE BAIK'),('03 Desember 2018','KDN-CBT-1',10,'','7.929','0,30','2.372','PUTUS'),('03 Desember 2018','KDN-CBT-1',11,'','19.109','0,34','6.571','IDLE BAIK'),('03 Desember 2018','KDN-CBT-1',12,'','19.109','0,39','7.372','IDLE BAIK'),('03 Desember 2018','KDN-CBT-1',13,'','19.119','0,31','5.875','IDLE BAIK'),('03 Desember 2018','KDN-CBT-1',14,'','19.114','0,34','6.527','IDLE BAIK'),('03 Desember 2018','KDN-CBT-1',15,'','19.118','0,35','6.737','IDLE BAIK'),('03 Desember 2018','KDN-CBT-1',16,'','2,234','0,24','0,533','PUTUS'),('03 Desember 2018','KDN-CBT-1',17,'','19.119','0,46','8.806','BENDING KM.5.800/1.535 DB'),('03 Desember 2018','KDN-CBT-1',18,'','19.118','0,33','6.218','IDLE BAIK'),('03 Desember 2018','KDN-CBT-1',19,'','19.118','0,34','6.569','IDLE BAIK'),('03 Desember 2018','KDN-CBT-1',20,'','19.119','0,42','7.961','IDLE BAIK'),('03 Desember 2018','KDN-CBT-1',21,'','19.118','0,32','6.092','IDLE BAIK'),('03 Desember 2018','KDN-CBT-1',22,'ISI','','','','T.SEL GRT KT KULON-BD-DAGO'),('03 Desember 2018','KDN-CBT-1',23,'ISI','','','','TELKOMSEL GRT-CLK (TROUGH)'),('03 Desember 2018','KDN-CBT-1',24,'ISI','','','','T.SEL GRT KT KULON-BD-DAGO'),('03 Desember 2018','KDN-CBT-1',25,'ISI','','','','METRO KDA-CBT'),('03 Desember 2018','KDN-CBT-1',26,'ISI','','','','METRO KDA-CBT'),('03 Desember 2018','KDN-CBT-1',27,'ISI','','','','METRO KDA-CBT  I/I/I'),('03 Desember 2018','KDN-CBT-1',28,'ISI','','','','METRO KDA-CBT  I/I/I'),('03 Desember 2018','KDN-CBT-1',29,'','15.815','0,38','6.012','IDLE BAIK'),('03 Desember 2018','KDN-CBT-1',30,'','15.811','0,31','4.846','IDLE BAIK'),('03 Desember 2018','KDN-CBT-1',31,'','15.815','0,30','4.673','IDLE BAIK'),('03 Desember 2018','KDN-CBT-1',32,'','15.815','0,33','5.207','IDLE BAIK'),('03 Desember 2018','KDN-CBT-1',33,'','15.814','0,34','5.413','IDLE BAIK'),('03 Desember 2018','KDN-CBT-1',34,'','15.814','0,29','4.612','IDLE BAIK'),('03 Desember 2018','KDN-CBT-1',35,'','15.815','0,33','5.238','IDLE BAIK'),('03 Desember 2018','KDN-CBT-1',36,'','15.815','0,28','4.471','IDLE BAIK'),('03 Desember 2018','KDN-CBT-1',37,'ISI','','','','RMJ KDA-LAG'),('03 Desember 2018','KDN-CBT-1',38,'ISI','','','','RMJ KDA-LAG'),('03 Desember 2018','KDN-CBT-1',39,'','15.823','0,32','5.032','IDLE BAIK'),('03 Desember 2018','KDN-CBT-1',40,'','5.871','0,39','2.301','PUTUS'),('03 Desember 2018','KDN-CBT-1',41,'','15.826','0,40','6.315','IDLE BAIK'),('03 Desember 2018','KDN-CBT-1',42,'','15.823','0,29','4.571','IDLE BAIK'),('03 Desember 2018','KDN-CBT-1',43,'','15.824','0,33','5.234','IDLE BAIK'),('03 Desember 2018','KDN-CBT-1',44,'','15.823','0,31','4.942','IDLE BAIK'),('03 Desember 2018','KDN-CBT-1',45,'','15.822','0,32','5.098','IDLE BAIK'),('03 Desember 2018','KDN-CBT-1',46,'','15.815','0,33','5.201','IDLE BAIK'),('03 Desember 2018','KDN-CBT-1',47,'','15.823','0,33','5.152','IDLE BAIK'),('03 Desember 2018','KDN-CBT-1',48,'','15.822','0,32','5.098','IDLE BAIK'),('03 Desember 2018','KDN-CBT-2',1,'','4.579','1,06','4.857','PUTUS'),('03 Desember 2018','KDN-CBT-2',2,'','4.452','0,32','1.411','PUTUS'),('03 Desember 2018','KDN-CBT-2',3,'','4.451','0,31','1.392','PUTUS'),('03 Desember 2018','KDN-CBT-2',4,'','4.581','0,34','1.551','PUTUS'),('03 Desember 2018','KDN-CBT-2',5,'','4.581','0,34','1.546','PUTUS'),('03 Desember 2018','KDN-CBT-2',6,'','4.581','0,39','1.764','PUTUS'),('03 Desember 2018','KDN-CBT-2',7,'','16.296','0,51','8.372','IDLE BAIK'),('03 Desember 2018','KDN-CBT-2',8,'','6.593','0,54','3.575','PUTUS'),('03 Desember 2018','KDN-CBT-2',9,'','16.296','0,37','6.106','IDLE BAIK'),('03 Desember 2018','KDN-CBT-2',10,'','16.298','0,43','6.992','PUTUS'),('03 Desember 2018','KDN-CBT-2',11,'','16.294','0,59','9.672','BENDING KM.6.282/2.934 DB'),('03 Desember 2018','KDN-CBT-2',12,'','16.307','0,44','7.184','PUTUS'),('03 Desember 2018','WNR-GRT-1',1,'','-','','-','ADAPTER JELEK'),('03 Desember 2018','WNR-GRT-1',2,'','-','','-','DISPLICE U/NEW DWDM'),('03 Desember 2018','WNR-GRT-1',3,'','13.259','0,43','5.648',''),('03 Desember 2018','WNR-GRT-1',4,'','-','','-','DISPLICE U/NEW DWDM'),('03 Desember 2018','WNR-GRT-1',5,'','13.261','0,62','8.162','IDEL BAIK'),('03 Desember 2018','WNR-GRT-1',6,'','13.259','0,40','5.293','IDEL BAIK'),('03 Desember 2018','WNR-GRT-1',7,'','-','','-','DISPLICE U/NEW DWDM'),('03 Desember 2018','WNR-GRT-1',8,'','13.259','0,38','5.072','IDEL BAIK'),('03 Desember 2018','WNR-GRT-1',9,'','-','','-','DISPLICE U/NEW DWDM'),('03 Desember 2018','WNR-GRT-1',10,'','13.257','0,48','6.401','BENDING KM.8.262/1.936'),('03 Desember 2018','WNR-GRT-1',11,'','13.261','0,42','5.574','IDEL BAIK'),('03 Desember 2018','WNR-GRT-1',12,'','13.261','0,37','4.971','IDEL BAIK'),('03 Desember 2018','WNR-GRT-1',13,'','13.255','0,35','4.675','IDEL BAIK'),('03 Desember 2018','WNR-GRT-1',14,'','13.257','0,39','5.109','IDEL BAIK'),('03 Desember 2018','WNR-GRT-1',15,'','13.253','0,37','4.922','IDEL BAIK'),('03 Desember 2018','WNR-GRT-1',16,'','13.255','0,38','5.037','IDEL BAIK'),('03 Desember 2018','WNR-GRT-1',17,'','13.257','0,44','5.798','IDEL BAIK'),('03 Desember 2018','WNR-GRT-1',18,'','-','','-','DISPLICE U/NEW DWDM'),('03 Desember 2018','WNR-GRT-1',19,'','-','','-','DISPLICE U/NEW DWDM'),('03 Desember 2018','WNR-GRT-1',20,'','-','','-','DISPLICE U/NEW DWDM'),('03 Desember 2018','WNR-GRT-1',21,'','-','','-','DISPLICE U/NEW DWDM'),('03 Desember 2018','WNR-GRT-1',22,'','-','','-','DISPLICE U/NEW DWDM'),('03 Desember 2018','WNR-GRT-1',23,'','-','','-','DISPLICE U/NEW DWDM'),('03 Desember 2018','WNR-GRT-1',24,'','-','','-','DISPLICE U/NEW DWDM'),('03 Desember 2018','WNR-GRT-1',25,'','-','','-','ADAPTER JELEK'),('03 Desember 2018','WNR-GRT-1',26,'','13.249','0,40','5.278','IDEL BAIK'),('03 Desember 2018','WNR-GRT-1',27,'ISI','','','','METRO WNR – GRT (TENJI)'),('03 Desember 2018','WNR-GRT-1',28,'ISI','','','','METRO WNR – GRT (TENJI)'),('03 Desember 2018','WNR-GRT-1',29,'ISI','','','','RMJ WNR - GRT'),('03 Desember 2018','WNR-GRT-1',30,'','13.252','0,41','5.415','IDEL BAIK'),('03 Desember 2018','WNR-GRT-1',31,'','13.252','0,64','8.431','BENDING KM.3.826/1,637'),('03 Desember 2018','WNR-GRT-1',32,'','13.249','0,39','5.197','BENDING KM.8.191/1,140'),('03 Desember 2018','WNR-GRT-1',33,'ISI','','','','RMJ WNR - GRT');
INSERT INTO `tb_data` VALUES ('03 Desember 2018','WNR-GRT-1',34,'','13.249','0,42','5.559','IDEL BAIK'),('03 Desember 2018','WNR-GRT-1',35,'','-','','-','DISPLICE U/NEW DWDM'),('03 Desember 2018','WNR-GRT-1',36,'','-','','-','DISPLICE U/NEW DWDM'),('03 Desember 2018','WNR-GRT-1',37,'ISI','','','','TELKOMSEL WNR-KR.PAWITAN'),('03 Desember 2018','WNR-GRT-1',38,'ISI','','','','TELKOMSEL WNR-KR.PAWITAN'),('03 Desember 2018','WNR-GRT-1',39,'','7.373','0,65','4.811','PUTUS'),('03 Desember 2018','WNR-GRT-1',40,'','4.366','0,34','1.496','PUTUS'),('03 Desember 2018','WNR-GRT-1',41,'ISI','','','','TELKOMSEL WNR-KR.PAWITAN'),('03 Desember 2018','WNR-GRT-1',42,'ISI','','','','TELKOMSEL WNR-KR.PAWITAN'),('03 Desember 2018','WNR-GRT-1',43,'ISI','','','','TELKOMSEL WNR-KR.PAWITAN'),('03 Desember 2018','WNR-GRT-1',44,'ISI','','','','TELKOMSEL WNR-KR.PAWITAN'),('03 Desember 2018','WNR-GRT-1',45,'ISI','','','','TELKOMSEL WNR-KR.PAWITAN'),('03 Desember 2018','WNR-GRT-1',46,'ISI','','','','TELKOMSEL WNR-KR.PAWITAN'),('03 Desember 2018','WNR-GRT-1',47,'ISI','','','','TELKOMSEL WNR-KR.PAWITAN'),('03 Desember 2018','WNR-GRT-1',48,'ISI','','','','TELKOMSEL WNR-KR.PAWITAN'),('03 Desember 2018','WNR-CBT',1,'','11.326','0,38','4.311','IDLE BAIK'),('03 Desember 2018','WNR-CBT',2,'ISI','','','','METRO-E WNR-CBT 2/1/10'),('03 Desember 2018','WNR-CBT',3,'ISI','','','','METRO-E WNR-CBT 2/1/10'),('03 Desember 2018','WNR-CBT',4,'ISI','','','','SPLICE T.SEL BANJAR-GRT'),('03 Desember 2018','WNR-CBT',5,'ISI','','','','SPLICE T.SEL BANJAR-GRT'),('03 Desember 2018','WNR-CBT',6,'ISI','','','','RMJ WNR – CBT'),('03 Desember 2018','WNR-CBT',7,'ISI','','','','RMJ WNR – CBT'),('03 Desember 2018','WNR-CBT',8,'','11.327','0,39','4.445','IDLE BAIK'),('03 Desember 2018','WNR-CBT',9,'','11.327','0,48','5.391','IDLE BAIK'),('03 Desember 2018','WNR-CBT',10,'','11.327','0,42','4.741','IDLE BAIK'),('03 Desember 2018','WNR-CBT',11,'','11.325','0,39','4.468','IDLE BAIK'),('03 Desember 2018','WNR-CBT',12,'','11.327','0,39','4.445','IDLE BAIK'),('03 Desember 2018','WNR-CBT',13,'ISI','','','','METRO WNR-CBT'),('03 Desember 2018','WNR-CBT',14,'ISI','','','','METRO WNR-CBT'),('03 Desember 2018','WNR-CBT',15,'','11.327','0,38','4.337','IDLE BAIK'),('03 Desember 2018','WNR-CBT',16,'','11.327','0,53','5.991','IDLE BAIK'),('03 Desember 2018','WNR-CBT',17,'','11.331','0,38','4.281','IDLE BAIK'),('03 Desember 2018','WNR-CBT',18,'','-','','-','DISPLICE U/NEW DWDM'),('03 Desember 2018','WNR-CBT',19,'','-','','-','SPLICE DI OTB GRT-CBT'),('03 Desember 2018','WNR-CBT',20,'','-','','-','SPLICE DI OTB GRT-CBT'),('03 Desember 2018','WNR-CBT',21,'','-','','-','SPLICE DI OTB GRT-CBT'),('03 Desember 2018','WNR-CBT',22,'','-','','-','SPLICE DI OTB GRT-CBT'),('03 Desember 2018','WNR-CBT',23,'','-','','-','SPLICE DI OTB GRT-CBT'),('03 Desember 2018','WNR-CBT',24,'','-','','-','SPLICE DI OTB GRT-CBT'),('03 Desember 2018','WNR-CBT',25,'','11.324','0,36','4.099','IDLE BAIK'),('03 Desember 2018','WNR-CBT',26,'','11.326','0,45','5.052','IDLE BAIK'),('03 Desember 2018','WNR-CBT',27,'','11.326','0,50','5.694','IDLE BAIK'),('03 Desember 2018','WNR-CBT',28,'','10.514','0,55','5.774','PUTUS'),('03 Desember 2018','WNR-CBT',29,'','11.325','0,51','5.757','BENDING KM.6.551/1.107 DB'),('03 Desember 2018','WNR-CBT',30,'','11.325','0,46','5.237','IDLE BAIK'),('03 Desember 2018','WNR-CBT',31,'','-','','-','ADAPTER JELEK'),('03 Desember 2018','WNR-CBT',32,'','11.325','0,41','4.619','IDLE BAIK'),('03 Desember 2018','WNR-CBT',33,'','11.324','0,51','5.752','IDLE BAIK'),('03 Desember 2018','WNR-CBT',34,'','11.325','0,37','4.226','IDLE BAIK'),('03 Desember 2018','WNR-CBT',35,'','10.513','0,56','5.888','PUTUS'),('03 Desember 2018','WNR-CBT',36,'','11.324','0,55','6.256','IDLE BAIK'),('03 Desember 2018','WNR-CBT',37,'','11.322','0,39','4.399','IDLE BAIK'),('03 Desember 2018','WNR-CBT',38,'','11.324','0,45','5.125','BENDING KM.3.848/1.859 DB'),('03 Desember 2018','WNR-CBT',39,'','11.322','0,39','4.398','IDLE BAIK'),('03 Desember 2018','WNR-CBT',40,'','11.322','0,47','5.339','IDLE BAIK'),('03 Desember 2018','WNR-CBT',41,'','11.325','0,37','4.146','IDLE BAIK'),('03 Desember 2018','WNR-CBT',42,'ISI','','','','TELKOMSEL LAG – KARPAWITAN'),('03 Desember 2018','WNR-CBT',43,'ISI','','','','TELKOMSEL LAG – KARPAWITAN'),('03 Desember 2018','WNR-CBT',44,'','-','','-','DISPLICE U/NEW DWDM'),('03 Desember 2018','WNR-CBT',45,'','-','','-','DISPLICE U/NEW DWDM'),('03 Desember 2018','WNR-CBT',46,'','-','','-','DISPLICE U/NEW DWDM'),('03 Desember 2018','WNR-CBT',47,'','-','','-','DISPLICE U/NEW DWDM'),('03 Desember 2018','WNR-CBT',48,'','-','','-','DISPLICE U/NEW DWDM'),('03 Desember 2018','WNR-GRT-2',1,'','2,048','0,26','0,532','PUTUS'),('03 Desember 2018','WNR-GRT-2',2,'','12,884','0,53','6,80','BANDING DI KM 2,120/2,618 db'),('03 Desember 2018','WNR-GRT-2',3,'','12,884','0,32','4,12','IDEL BAIK '),('03 Desember 2018','WNR-GRT-2',4,'','8,117','0,25','2,00','PUTUS'),('03 Desember 2018','WNR-GRT-2',5,'','12,891','0,39','5,06','BENDING KM.6.149/1.188 DB'),('03 Desember 2018','WNR-GRT-2',6,'','12,895','0,28','3,60','IDEL BAIK '),('03 Desember 2018','WNR-GRT-2',7,'','10,794','0,21','2,25','PUTUS'),('03 Desember 2018','WNR-GRT-2',8,'','10,174','0,35','3,52','PUTUS'),('03 Desember 2018','WNR-GRT-2',9,'','2,402','0,34','0,822','PUTUS'),('03 Desember 2018','WNR-GRT-2',10,'','8,172','0,21','1,69','PUTUS'),('03 Desember 2018','WNR-GRT-2',11,'','8,172','0,24','1,98','PUTUS'),('03 Desember 2018','WNR-GRT-2',12,'','2,402','0,11','0,274','PUTUS'),('03 Desember 2018','WNR-GRT-3',1,'','13.384','0,38','5.047','IDEL BAIK'),('03 Desember 2018','WNR-GRT-3',2,'','13.387','0,41','5.455','IDEL BAIK'),('03 Desember 2018','WNR-GRT-3',3,'','13.389','0,31','4.101','IDEL BAIK'),('03 Desember 2018','WNR-GRT-3',4,'','13.383','0,48','6.448','IDEL BAIK'),('03 Desember 2018','WNR-GRT-3',5,'','13.386','0,39','5.217','IDEL BAIK'),('03 Desember 2018','WNR-GRT-3',6,'','13.386','0,36','4.809','IDEL BAIK'),('03 Desember 2018','WNR-GRT-3',7,'','13.386','0,44','5.832','IDEL BAIK'),('03 Desember 2018','WNR-GRT-3',8,'','13.377','0,39','5.279','IDEL BAIK'),('03 Desember 2018','WNR-GRT-3',9,'','13.384','0,30','3.996','IDEL BAIK'),('03 Desember 2018','WNR-GRT-3',10,'','13.377','0,33','4.454','IDEL BAIK'),('03 Desember 2018','WNR-GRT-3',11,'','8,782','0,61','5,38','IDEL BAIK'),('03 Desember 2018','WNR-GRT-3',12,'','13.386','0,41','5.481','IDEL BAIK'),('03 Desember 2018','WNR-GRT-3',13,'','13.391','0,37','4.959','IDEL BAIK'),('03 Desember 2018','WNR-GRT-3',14,'','13.391','0,57','7.622','IDEL BAIK'),('03 Desember 2018','WNR-GRT-3',15,'','13.393','0,34','4.531','IDEL BAIK'),('03 Desember 2018','WNR-GRT-3',16,'','13.388','0,45','6.075','IDEL BAIK'),('03 Desember 2018','WNR-GRT-3',17,'','13.392','0,40','5.391','IDEL BAIK'),('03 Desember 2018','WNR-GRT-3',18,'','13.392','0,34','4.497','IDEL BAIK'),('03 Desember 2018','WNR-GRT-3',19,'','13.392','0,31','4.196','IDEL BAIK'),('03 Desember 2018','WNR-GRT-3',20,'','13.392','0,40','5.422','IDEL BAIK'),('03 Desember 2018','WNR-GRT-3',21,'','13.388','0,49','6.505','IDEL BAIK'),('03 Desember 2018','WNR-GRT-3',22,'','13.391','0,39','5.202','IDEL BAIK'),('03 Desember 2018','WNR-GRT-3',23,'','13.395','0,31','4.186','BENDING KM.8.283/1.015 DB'),('03 Desember 2018','WNR-GRT-3',24,'','13.392','0,43','5.706','IDEL BAIK'),('03 Desember 2018','WNR-GRT-3',25,'','13.379','0,37','4.918','IDEL BAIK'),('03 Desember 2018','WNR-GRT-3',26,'','13.382','0,42','5.683','BENDING KM.8.627/1.115 DB'),('03 Desember 2018','WNR-GRT-3',27,'','13.383','0,31','4.109','IDEL BAIK'),('03 Desember 2018','WNR-GRT-3',28,'','13.378','0,45','5.991','IDEL BAIK'),('03 Desember 2018','WNR-GRT-3',29,'','13.381','0,32','4.231','IDEL BAIK'),('03 Desember 2018','WNR-GRT-3',30,'','13.379','0,45','6.081','IDEL BAIK'),('03 Desember 2018','WNR-GRT-3',31,'','13.381','0,45','6.046','IDEL BAIK'),('03 Desember 2018','WNR-GRT-3',32,'','13.381','0,43','5.772','IDEL BAIK'),('03 Desember 2018','WNR-GRT-3',33,'','13.378','0,38','5.135','IDEL BAIK'),('03 Desember 2018','WNR-GRT-3',34,'','13.381','0,32','4.252','IDEL BAIK'),('03 Desember 2018','WNR-GRT-3',35,'','13.384','0,33','4.479','IDEL BAIK'),('03 Desember 2018','WNR-GRT-3',36,'','13.381','0,41','5.424','IDEL BAIK'),('03 Desember 2018','WNR-GRT-3',37,'','8,09','0,51','4,126','PUTUS'),('03 Desember 2018','WNR-GRT-3',38,'','8.211','0,51','4.191','PUTUS'),('03 Desember 2018','WNR-GRT-3',39,'','13.386','0,37','4.889','IDEL BAIK'),('03 Desember 2018','WNR-GRT-3',40,'','13.382','0,32','4.238','IDEL BAIK'),('03 Desember 2018','WNR-GRT-3',41,'','13.382','0,39','5.205','IDEL BAIK'),('03 Desember 2018','WNR-GRT-3',42,'','8.209','0,28','2.321','PUTUS'),('03 Desember 2018','WNR-GRT-3',43,'','13.386','0,35','4.655','IDEL BAIK'),('03 Desember 2018','WNR-GRT-3',44,'','13.384','0,33','4.477','IDEL BAIK'),('03 Desember 2018','WNR-GRT-3',45,'','13.383','0,29','3.857','IDEL BAIK'),('03 Desember 2018','WNR-GRT-3',46,'','13.383','0,29','3.857','IDEL BAIK'),('03 Desember 2018','WNR-GRT-3',47,'','13.387','0,33','4.403','IDEL BAIK'),('03 Desember 2018','WNR-GRT-3',48,'','13.384','0,32','4.241','IDEL BAIK'),('03 Desember 2018','CBT-KDN-1',1,'','16.293','0,60','9.815','IDLE BAIK'),('03 Desember 2018','CBT-KDN-1',2,'','11.058','0,75','8.338','PUTUS'),('03 Desember 2018','CBT-KDN-1',3,'','16.293','0,67','10.876','BENDING KM.10.012/2.815 DB'),('03 Desember 2018','CBT-KDN-1',4,'','16.294','0,57','9.284','BENDING KM.10.012/1.453 DB'),('03 Desember 2018','CBT-KDN-1',5,'','2,751','0,33','0,911','PUTUS'),('03 Desember 2018','CBT-KDN-1',6,'','11.933','0,86','10.261','PUTUS'),('03 Desember 2018','CBT-KDN-1',7,'','16.294','0,70','11.356','BENDING KM.9.266/4.576'),('03 Desember 2018','CBT-KDN-1',8,'','9.705','0,77','7.493','PUTUS'),('03 Desember 2018','CBT-KDN-1',9,'','16.295','0,64','10.494','BENDING KM.9.266/4.778'),('03 Desember 2018','CBT-KDN-1',10,'','16.296','0,66','10.796','IDLE BAIK'),('03 Desember 2018','CBT-KDN-1',11,'','16.294','0,74','11.995','BENDING KM.9.272/3.401 & 10.024/1.745'),('03 Desember 2018','CBT-KDN-1',12,'','9.272','0,32','2.921','PUTUS'),('03 Desember 2018','CBT-KDN-1',13,'ISI','','','','METRO-E CBT-LAG TENJI'),('03 Desember 2018','CBT-KDN-1',14,'ISI','','','','ADAFTER BAD'),('03 Desember 2018','CBT-KDN-1',15,'','12.834','0,62','7.973','BANDING DI KM 12,386/4.516'),('03 Desember 2018','CBT-KDN-1',16,'ISI','','','','METRO-E CBT-LAG'),('03 Desember 2018','CBT-KDN-1',17,'','4.361','0,48','2.111','PUTUS'),('03 Desember 2018','CBT-KDN-1',18,'ISI','','','','METRO-E CBT-LAG'),('03 Desember 2018','CBT-KDN-1',19,'ISI','','','','METRO-E CBT-LAG TENJI'),('03 Desember 2018','CBT-KDN-1',20,'','3.561','0,54','1.937','PUTUS'),('03 Desember 2018','CBT-KDN-1',21,'ISI','','','','RMJ LAG-KDA'),('03 Desember 2018','CBT-KDN-1',22,'ISI','','','','RMJ LAG-KDA'),('03 Desember 2018','CBT-KDN-1',23,'ISI','','','','TELKOMSEL LAG-KR.PAWITAN'),('03 Desember 2018','CBT-KDN-1',24,'ISI','','','','TELKOMSEL LAG-KR.PAWITAN'),('03 Desember 2018','CBT-LAG',1,'','-','','-','ADAPTER JELEK'),('03 Desember 2018','CBT-LAG',2,'','15.217','0,43','6.532','BENDING KM.8.525/1.187 DB'),('03 Desember 2018','CBT-LAG',3,'','15.212','0,40','6.101','BENDING KM.2.363/1.137 DB&8.251/1.007'),('03 Desember 2018','CBT-LAG',4,'','15.216','0,44','6.696','BENDING KM.8.248/1.064 DB'),('03 Desember 2018','CBT-LAG',5,'ISI','','','','NEW DWDM HUAWEI CBT – TSM'),('03 Desember 2018','CBT-LAG',6,'ISI','','','','NEW DWDM HUAWEI CBT – TSM'),('03 Desember 2018','CBT-LAG',7,'','15.216','0,40','6.076','BENDING KM.8.240/1.057 DB'),('03 Desember 2018','CBT-LAG',8,'','15.208','0,46','6.966','BENDING KM.8.219/1.075 DB'),('03 Desember 2018','CBT-LAG',9,'','15.219','0,53','8.019','BENDING KM.5.025/1.064&8.251/1.092'),('03 Desember 2018','CBT-LAG',10,'','15.208','0,51','7.748','BENDING KM.1.605/1.969 DB'),('03 Desember 2018','CBT-LAG',11,'','15.202','0,65','9.854','BENDING KM.12.780/2.512 DB'),('03 Desember 2018','CBT-LAG',12,'','15.198','0,42','6.349','BENDING KM.5.013/1.001&8.244/1.090'),('03 Desember 2018','CBT-LAG',13,'','-','','-','ADAPTER JELEK'),('03 Desember 2018','CBT-LAG',14,'','7.375','0,51','3.728','PUTUS'),('03 Desember 2018','CBT-LAG',15,'','6.949','0,51','3.535','PUTUS'),('03 Desember 2018','CBT-LAG',16,'','7.373','0,55','4.052','PUTUS'),('03 Desember 2018','CBT-LAG',17,'','7.375','0,69','5.104','PUTUS'),('03 Desember 2018','CBT-LAG',18,'','7.375','0,47','3.479','PUTUS'),('03 Desember 2018','CBT-LAG',19,'','7.375','0,57','4.201','PUTUS'),('03 Desember 2018','CBT-LAG',20,'','7.375','0,54','3.999','PUTUS DI HH BANDREK'),('03 Desember 2018','CBT-LAG',21,'','7.375','0,53','3.894','PUTUS DI HH BANDREK'),('03 Desember 2018','CBT-LAG',22,'','7.374','0,86','6.361','PUTUS DI HH BANDREK'),('03 Desember 2018','CBT-LAG',23,'','7.375','0,73','5.359','PUTUS DI HH BANDREK'),('03 Desember 2018','CBT-LAG',24,'','7.378','0,46','3.428','PUTUS DI HH BANDREK'),('3 Desember 2018','CBT-MLO-1',1,'','','','',''),('3 Desember 2018','CBT-MLO-1',2,'','','','',''),('3 Desember 2018','CBT-MLO-1',3,'','','','',''),('3 Desember 2018','CBT-MLO-1',4,'','','','',''),('3 Desember 2018','CBT-MLO-1',5,'','','','',''),('3 Desember 2018','CBT-MLO-1',6,'','','','',''),('3 Desember 2018','CBT-MLO-1',7,'','','','',''),('3 Desember 2018','CBT-MLO-1',8,'','','','',''),('3 Desember 2018','CBT-MLO-1',9,'','','','',''),('3 Desember 2018','CBT-MLO-1',10,'','','','',''),('3 Desember 2018','CBT-MLO-1',11,'','','','',''),('3 Desember 2018','CBT-MLO-1',12,'','','','',''),('3 Desember 2018','CBT-MLO-1',13,'','','','',''),('3 Desember 2018','CBT-MLO-1',14,'','','','',''),('3 Desember 2018','CBT-MLO-1',15,'','','','',''),('3 Desember 2018','CBT-MLO-1',16,'','','','',''),('3 Desember 2018','CBT-MLO-1',17,'','','','',''),('3 Desember 2018','CBT-MLO-1',18,'','','','',''),('3 Desember 2018','CBT-MLO-1',19,'','','','',''),('3 Desember 2018','CBT-MLO-1',20,'','','','',''),('3 Desember 2018','CBT-MLO-1',21,'','','','',''),('3 Desember 2018','CBT-MLO-1',22,'','','','',''),('3 Desember 2018','CBT-MLO-1',23,'','','','',''),('3 Desember 2018','CBT-MLO-1',24,'','','','',''),('03 Desember 2018','CBT-MLO-1',25,'','-','','-','NO TRACE'),('03 Desember 2018','CBT-MLO-1',26,'','21.073','0,63','13.378','BENDING KM.15.545/4.949 DB'),('03 Desember 2018','CBT-MLO-1',27,'','-','','-','ADAPTER JELEK'),('03 Desember 2018','CBT-MLO-1',28,'','-','','-','NO TRACE'),('03 Desember 2018','CBT-MLO-1',29,'','21.055','0,47','9.948','BENDING KM.5.344/1.094&15.535/1.033'),('03 Desember 2018','CBT-MLO-1',30,'','21.066','0,61','12.926','BENDING KM.15.529/2.304 DB'),('03 Desember 2018','CBT-MLO-1',31,'','21.006','0,39','8.096','IDEL BAIK'),('03 Desember 2018','CBT-MLO-1',32,'','21.057','0,49','10.221','BENDING KM.19.240/3.756 DB'),('03 Desember 2018','CBT-MLO-1',33,'ISI','','','','RMJ CBT-MLO'),('03 Desember 2018','CBT-MLO-1',34,'','14.205','0,37','5.189','PUTUS'),('03 Desember 2018','CBT-MLO-1',35,'ISI','','','','RMJ CBT-MLO'),('03 Desember 2018','CBT-MLO-1',36,'','14.196','0,39','5.493','PUTUS'),('03 Desember 2018','CBT-MLO-1',37,'','7.375','0,63','4.681','PUTUS DI HH BANDREK'),('03 Desember 2018','CBT-MLO-1',38,'','7.375','0,66','4.879','BENDING KM.5,461/2,533 DB'),('03 Desember 2018','CBT-MLO-1',39,'','7.374','0,51','3.789','BENDING KM.5,467/1,002 DB'),('03 Desember 2018','CBT-MLO-1',40,'','7.374','0,66','4.854','BENDING KM.5,461/1,234 DB'),('03 Desember 2018','CBT-MLO-1',41,'','7.374','0,55','4.061','BENDING KM.5,461/1,704 DB'),('03 Desember 2018','CBT-MLO-1',42,'','7.375','0,53','3.907','BENDING KM,5.461/1.620 DB'),('03 Desember 2018','CBT-MLO-1',43,'','7.374','0,68','4.991','BENDING KM.5,461/1,517 DB'),('03 Desember 2018','CBT-MLO-1',44,'','7.374','0,85','6.303','BENDING KM.5,467/1,070 DB'),('03 Desember 2018','CBT-MLO-1',45,'','7373','0,63','4.658','BENDING KM.5.461/1,585 DB'),('03 Desember 2018','CBT-MLO-1',46,'','7.374','0,78','5.761','BENDING KM.5,461/1,876 DB'),('03 Desember 2018','CBT-MLO-1',47,'','7.374','0,80','5.869','BENDING KM.5,461/1,711 DB'),('03 Desember 2018','CBT-MLO-1',48,'','7.374','1,11','8.188','PUTUS'),('03 Desember 2018','CBT-MLO-2',1,'','19.298','0,38','7.362','BENDING KM.16.062/1.528 DB'),('03 Desember 2018','CBT-MLO-2',2,'','18.958','0,53','9.972','PUTUS'),('03 Desember 2018','CBT-MLO-2',3,'','-','','-','SPLICI KE OTB WNR COR 4'),('03 Desember 2018','CBT-MLO-2',4,'ISI','','','','DWDM ZTE-920 CBT-TSM'),('03 Desember 2018','CBT-MLO-2',5,'','19.273','0,45','8.633','BENDING KM.15.547/4.739&16.099/1.579'),('03 Desember 2018','CBT-MLO-2',6,'','17.838','0,41','7.279','PUTUS'),('03 Desember 2018','CBT-MLO-2',7,'','4.246','0,51','2.179','PUTUS'),('03 Desember 2018','CBT-MLO-2',8,'ISI','','','','DWDM ZTE-920 CBT-TSM'),('03 Desember 2018','CBT-MLO-2',9,'','19.294','0,33','6.431','IDEL BAIK'),('03 Desember 2018','CBT-MLO-2',10,'',' -','',' -','SPLICE'),('03 Desember 2018','CBT-MLO-2',11,'','18.956','0,35','6.632','PUTUS'),('03 Desember 2018','CBT-MLO-2',12,'','18.952','0,42','7.883','PUTUS'),('03 Desember 2018','CBT-MLO-2',13,'','3.719','0,32','1.191','PUTUS'),('03 Desember 2018','CBT-MLO-2',14,'','3,722','0,26','0,986','PUTUS'),('03 Desember 2018','CBT-MLO-2',15,'','-','','-','ADAPTER JELEK'),('03 Desember 2018','CBT-MLO-2',16,'','3.723','0,42','1.576','PUTUS'),('03 Desember 2018','CBT-MLO-2',17,'','3.723','0,33','1.219','PUTUS'),('03 Desember 2018','CBT-MLO-2',18,'','3.723','0,37','1.386','PUTUS'),('03 Desember 2018','CBT-MLO-2',19,'','3.723','0,31','1.155','PUTUS'),('03 Desember 2018','CBT-MLO-2',20,'','3.722','0,34','1.264','PUTUS'),('03 Desember 2018','CBT-MLO-2',21,'','3.719','0,34','1.282','PUTUS'),('03 Desember 2018','CBT-MLO-2',22,'','3.321','0,00','0,934','PUTUS'),('03 Desember 2018','CBT-MLO-2',23,'','3.721','0,33','1.231','PUTUS'),('03 Desember 2018','CBT-MLO-2',24,'','3.722','0,35','1.313','PUTUS'),('03 Desember 2018','CBT-WNR',1,'','11.326','0,41','4.674','IDLE BAIK'),('03 Desember 2018','CBT-WNR',2,'ISI','','','','METRO CBT-WNR  2/1/5'),('03 Desember 2018','CBT-WNR',3,'ISI','','','','METRO CBT-WNR  2/1/5'),('03 Desember 2018','CBT-WNR',4,'ISI','','','','DI SPLICE KE NKF MLO COR.8'),('03 Desember 2018','CBT-WNR',5,'ISI','','','','DI SPLICE KE NKF MLO COR.10'),('03 Desember 2018','CBT-WNR',6,'ISI','','','','RMJ CBT-WNR'),('03 Desember 2018','CBT-WNR',7,'ISI','','','','RMJ CBT-WNR'),('03 Desember 2018','CBT-WNR',8,'','11.327','0,40','4.504','IDLE BAIK'),('03 Desember 2018','CBT-WNR',9,'','11.327','0,46','5.237','IDLE BAIK'),('03 Desember 2018','CBT-WNR',10,'','11.327','0,41','4.691','IDLE BAIK'),('03 Desember 2018','CBT-WNR',11,'','11.325','0,39','4.466','IDLE BAIK'),('03 Desember 2018','CBT-WNR',12,'','11.327','0,55','6.252','IDLE BAIK'),('03 Desember 2018','CBT-WNR',13,'ISI','','','','METRO CBT-WNR'),('03 Desember 2018','CBT-WNR',14,'ISI','','','','METRO CBT-WNR'),('03 Desember 2018','CBT-WNR',15,'','11.327','0,49','5.506','IDLE BAIK'),('03 Desember 2018','CBT-WNR',16,'','11.321','0,45','5.107','BENDING KM.6.360/0,920 DB'),('03 Desember 2018','CBT-WNR',17,'','11.321','0,36','4.108','IDLE BAIK'),('03 Desember 2018','CBT-WNR',18,'','24.579','0,40','9.784','IDLE BAIK'),('03 Desember 2018','CBT-WNR',19,'','24.585','0,45','11.004','BENDING KM.15.826/1.693 DB'),('03 Desember 2018','CBT-WNR',20,'','15.695','0,38','5.907','IDLE BAIK'),('03 Desember 2018','CBT-WNR',21,'','-','','-','SPLICE DI WNR (CBT-GRT)'),('03 Desember 2018','CBT-WNR',22,'','24.581','0,47','11.465','BENDING KM.20.034/1.879 DB'),('03 Desember 2018','CBT-WNR',23,'','24.582','0,37','9.041','IDEL BAIK'),('03 Desember 2018','CBT-WNR',24,'','-','','-','ADAFTER BAD'),('03 Desember 2018','CBT-WNR',25,'','11.224','0,43','4.857','TRU KE MLO COR.33'),('03 Desember 2018','CBT-WNR',26,'','-','','-','ADAFTER JELEK'),('03 Desember 2018','CBT-WNR',27,'','11.326','0,77','8.677','BENDING KM.4,276/1,033 DB'),('03 Desember 2018','CBT-WNR',28,'','0,812','0,76','0,619','IDEL BAIK'),('03 Desember 2018','CBT-WNR',29,'','11.325','0,65','7.345','BANDING DI KM 4,766/1.076  DB'),('03 Desember 2018','CBT-WNR',30,'','11.325','0,49','5.529','IDLE BAIK'),('03 Desember 2018','CBT-WNR',31,'','0,812','0,75','0,611','PUTUS'),('03 Desember 2018','CBT-WNR',32,'','11.325','0,39','4.361','IDLE BAIK'),('03 Desember 2018','CBT-WNR',33,'','11.324','0,42','4.764','IDLE BAIK'),('03 Desember 2018','CBT-WNR',34,'','11.325','0,34','3.877','IDLE BAIK'),('03 Desember 2018','CBT-WNR',35,'','0,814','1495,09','1.217','PUTUS'),('03 Desember 2018','CBT-WNR',36,'','11.317','0,44','4.933','BENDING KM.9.753/0,836 DB'),('03 Desember 2018','CBT-WNR',37,'','11.324','0,78','8.861','BENDING KM.1.203/3.616DB'),('03 Desember 2018','CBT-WNR',38,'','11.324','0,42','4.726','IDLE BAIK'),('03 Desember 2018','CBT-WNR',39,'','11.322','0,39','4.383','IDLE BAIK'),('03 Desember 2018','CBT-WNR',40,'','11.324','0,44','5.011','IDLE BAIK'),('03 Desember 2018','CBT-WNR',41,'','11.325','0,38','4.335','IDLE BAIK'),('03 Desember 2018','CBT-WNR',42,'ISI','','','','TELKOMSEL LAG-WNR'),('03 Desember 2018','CBT-WNR',43,'ISI','','','','TELKOMSEL LAG-WNR'),('03 Desember 2018','CBT-WNR',44,'','11.224','0,43','4.809','IDLE BAIK'),('03 Desember 2018','CBT-WNR',45,'','24.572','0,40','9.841','IDEL BAIK'),('03 Desember 2018','CBT-WNR',46,'','-','','-','KONEKTOR JELEK'),('03 Desember 2018','CBT-WNR',47,'','24.574','0,43','10.571','BENDING KM.19.371/1.268DB'),('03 Desember 2018','CBT-WNR',48,'','10.559','0,51','5.421','IDEAL BAIK'),('03 Desember 2018','CBT-KDN-2',1,'','10.171','0,46','4.706','PUTUS'),('03 Desember 2018','CBT-KDN-2',2,'','29.152','0,46','13.524','PUTUS'),('03 Desember 2018','CBT-KDN-2',3,'','34.782','0,42','14.555','BENDING KM.10.169/2130 DB & 22.405/1.433 DB'),('03 Desember 2018','CBT-KDN-2',4,'','34.782','0,39','13.442','IDEL BAIK'),('03 Desember 2018','CBT-KDN-2',5,'','34.806','0,44','15.197','BENDING KM.8.794/1.402 & 22.399/1.156 DB'),('03 Desember 2018','CBT-KDN-2',6,'','34.781','0,33','11.548','IDLE BAIK'),('03 Desember 2018','CBT-KDN-2',7,'ISI','-','','-','DWDM ZTE-920 CBT-BD'),('03 Desember 2018','CBT-KDN-2',8,'','15.068','0,43','6.421','PUTUS'),('03 Desember 2018','CBT-KDN-2',9,'','6.044','0,61','3.705','PUTUS'),('03 Desember 2018','CBT-KDN-2',10,'','-','','-','SPLICE'),('03 Desember 2018','CBT-KDN-2',11,'','6.042','0,36','2.199','PUTUS'),('03 Desember 2018','CBT-KDN-2',12,'','-','','-','ADAPTER JELEK'),('03 Desember 2018','CBT-KDN-2',13,'ISI','-','','-','DWDM ZTE-920 CBT-BD'),('03 Desember 2018','CBT-KDN-2',14,'','15.871','0,44','6.987','PUTUS'),('03 Desember 2018','CBT-KDN-2',15,'','34.754','0,35','12.041','IDLE BAIK'),('03 Desember 2018','CBT-KDN-2',16,'','34.751','0,39','13.539','IDLE BAIK'),('03 Desember 2018','CBT-KDN-2',17,'','15.845','0,38','5.968','PUTUS'),('03 Desember 2018','CBT-KDN-2',18,'ISI','-','','-','DWDM HUAWEI CBT-BDG'),('03 Desember 2018','CBT-KDN-2',19,'','46.742','0,35','16.254','PUTUS DI RCK'),('03 Desember 2018','CBT-KDN-2',20,'ISI','-','','-','DWDM HUAWEI CBT-BDG (SPLICE)'),('03 Desember 2018','CBT-KDN-2',21,'','34.754','0,38','13.356','IDLE BAIK'),('03 Desember 2018','CBT-KDN-2',22,'','21.376','0,39','8.392','PUTUS'),('03 Desember 2018','CBT-KDN-2',23,'','15.868','0,44','6.967','PUTUS'),('03 Desember 2018','CBT-KDN-2',24,'','34.746','0,47','16.444','BENDING KM.10.157/1.972 & 21.246/1.224 DB'),('03 Desember 2018','CBT-KDN-2',25,'ISI','','','','METRO CBT-KDA 2/1/1'),('03 Desember 2018','CBT-KDN-2',26,'ISI','','','','METRO CBT-KDA 2/1/1'),('03 Desember 2018','CBT-KDN-2',27,'ISI','','','','METRO CBT – KDA 1/2/6'),('03 Desember 2018','CBT-KDN-2',28,'ISI','','','','METRO CBT – KDA I/2/6'),('03 Desember 2018','CBT-KDN-2',29,'','15.846','0,46','7.326','IDLE BAIK'),('03 Desember 2018','CBT-KDN-2',30,'','15.865','0,34','5.464','IDLE BAIK'),('03 Desember 2018','CBT-KDN-2',31,'','15.869','0,36','5.681','IDLE BAIK'),('03 Desember 2018','CBT-KDN-2',32,'','15.869','0,40','6.301','IDLE BAIK'),('03 Desember 2018','CBT-KDN-2',33,'','15.868','0,64','10.174','BENDING KM.9.101/4.602 DB'),('03 Desember 2018','CBT-KDN-2',34,'','15.866','0,44','7.002','BENDING KM.8.785/1.329 DB'),('03 Desember 2018','CBT-KDN-2',35,'','15.868','0,32','5.126','IDLE BAIK'),('03 Desember 2018','CBT-KDN-2',36,'','15.869','0,32','5.009','IDLE BAIK'),('03 Desember 2018','CBT-KDN-2',37,'ISI','','','','RMJ LAG-KDA'),('03 Desember 2018','CBT-KDN-2',38,'ISI','','','','RMJ LAG-KDA'),('03 Desember 2018','CBT-KDN-2',39,'','15.854','0,41','6.424','IDLE BAIK'),('03 Desember 2018','CBT-KDN-2',40,'','15.854','0,41','6.488','PUTUS'),('03 Desember 2018','CBT-KDN-2',41,'','15.837','0,40','6.407','IDLE BAIK'),('03 Desember 2018','CBT-KDN-2',42,'','15.875','0,63','9.963','BENDING KM.9.106/4.003 DB'),('03 Desember 2018','CBT-KDN-2',43,'','10.166','0,38','3.858','PUTUS'),('03 Desember 2018','CBT-KDN-2',44,'','15.854','0,43','6.803','IDLE BAIK'),('03 Desember 2018','CBT-KDN-2',45,'','15.874','0,38','6.039','IDLE BAIK'),('03 Desember 2018','CBT-KDN-2',46,'','15.851','0,41','6.435','IDLE BAIK'),('03 Desember 2018','CBT-KDN-2',47,'','15.875','0,43','6.751','IDLE BAIK'),('03 Desember 2018','CBT-KDN-2',48,'','15.851','0,44','6.943','IDLE BAIK'),('03 Desember 2018','LAG-MLO-1',1,'','21,525','0,35','7,569','BENDING KM.6.579/1.181&6.368DB'),('03 Desember 2018','LAG-MLO-1',2,'','21,556','0,35','7,644','BENDING KM.6.592/1.257&20.354/1.070DB'),('03 Desember 2018','LAG-MLO-1',3,'','21,550','0,35','7,482','BENDING KM.6.559/1.009&20.347/1.007DB'),('03 Desember 2018','LAG-MLO-1',4,'','21,542','0,48','10,339','BENDING KM.19.697/1.172&20.342/1.015DB'),('03 Desember 2018','LAG-MLO-1',5,'','21,545','0,36','7,799','BENDING KM.6.573/1.099DB'),('03 Desember 2018','LAG-MLO-1',6,'','21,537','0,37','8,059','BENDING KM.6.57/1.173DB'),('03 Desember 2018','LAG-MLO-1',7,'','21,547','0,44','9,575','BENDING KM.2.483/1.264&6.598/1.165DB'),('03 Desember 2018','LAG-MLO-1',8,'','-','','-',''),('03 Desember 2018','LAG-MLO-1',9,'','-','','-',''),('03 Desember 2018','LAG-MLO-1',10,'','-','','-','TRU KE CLK COR 15'),('03 Desember 2018','LAG-MLO-1',11,'','21,527','0,39','8,487','BENDING KM.6.574/1.055&20.347/1.044DB'),('03 Desember 2018','LAG-MLO-1',12,'','21,544','0,35','7,475','BENDING KM.6.519/1.112&20.345/1.067DB'),('03 Desember 2018','LAG-MLO-1',13,'','21,502','0,35','7,627','BENDING KM.6.588/1.091DB'),('03 Desember 2018','LAG-MLO-1',14,'','21,527','0,42','8,981','BENDING KM.6588/1221&7027/1016'),('03 Desember 2018','LAG-MLO-1',15,'','-','','-','TRU CLK COR.20'),('03 Desember 2018','LAG-MLO-1',16,'','-','','-','TRU CLK COR.22'),('03 Desember 2018','LAG-MLO-1',17,'','21,510','0,34','7,267','BENDING KM.6.588/1.006&20.331/1.082DB'),('03 Desember 2018','LAG-MLO-1',18,'','21,507','0,37','8,060','BENDING KM.6.585/1.081&20.312/1.139DB'),('03 Desember 2018','LAG-MLO-1',19,'','5,590','0,41','2,303','PUTUS'),('03 Desember 2018','LAG-MLO-1',20,'','-','','-','TRU CLK COR19'),('03 Desember 2018','LAG-MLO-1',21,'','21,496','0,41','8,770','BENDING KM.19.651/2.232&20.302/1.093DB'),('03 Desember 2018','LAG-MLO-1',22,'','21,489','0,40','8,653','BENDING KM.20.310/1.054DB'),('03 Desember 2018','LAG-MLO-1',23,'','5,582','0,58','3,258','PUTUS'),('03 Desember 2018','LAG-MLO-1',24,'','21,525','0,47','10,145','BENDING DI KM 6.587/1.082DB'),('03 Desember 2018','LAG-CBT-1',1,'','','','',''),('03 Desember 2018','LAG-CBT-1',2,'','','','',''),('03 Desember 2018','LAG-CBT-1',3,'','','','',''),('03 Desember 2018','LAG-CBT-1',4,'','','','',''),('03 Desember 2018','LAG-CBT-1',5,'','','','',''),('03 Desember 2018','LAG-CBT-1',6,'','','','',''),('03 Desember 2018','LAG-CBT-1',7,'','','','',''),('03 Desember 2018','LAG-CBT-1',8,'','','','',''),('03 Desember 2018','LAG-CBT-1',9,'','','','',''),('03 Desember 2018','LAG-CBT-1',10,'','','','',''),('03 Desember 2018','LAG-CBT-1',11,'','','','',''),('03 Desember 2018','LAG-CBT-1',12,'','','','',''),('03 Desember 2018','LAG-CBT-1',13,'','','','',''),('03 Desember 2018','LAG-CBT-1',14,'','','','',''),('03 Desember 2018','LAG-CBT-1',15,'','','','',''),('03 Desember 2018','LAG-CBT-1',16,'','','','',''),('03 Desember 2018','LAG-CBT-1',17,'','','','',''),('03 Desember 2018','LAG-CBT-1',18,'','','','',''),('03 Desember 2018','LAG-CBT-1',19,'','','','',''),('03 Desember 2018','LAG-CBT-1',20,'','','','',''),('03 Desember 2018','LAG-CBT-1',21,'','','','',''),('03 Desember 2018','LAG-CBT-1',22,'','','','',''),('03 Desember 2018','LAG-CBT-1',23,'','','','',''),('03 Desember 2018','LAG-CBT-1',24,'','','','',''),('03 Desember 2018','LAG-CBT-1',25,'','7,841','0,34','2,688','PUTUS DI OTB'),('03 Desember 2018','LAG-CBT-1',26,'','15,216','0,45','6,900','BENDING KM.6.642/1.420'),('03 Desember 2018','LAG-CBT-1',27,'','15,212','0,43','6,556','BENDING KM.6.576/1.001 DB'),('03 Desember 2018','LAG-CBT-1',28,'','15,216','0,50','7,589','BENDING KM.2.414/1.321&6.574/1.068 DB'),('03 Desember 2018','LAG-CBT-1',29,'','15,209','0,44','6,668','BENDING KM.6.584/1.011 DB'),('03 Desember 2018','LAG-CBT-1',30,'','15,209','0,52','7,926','BENDING KM.6.584/1.021&13.483/1.214 DB'),('03 Desember 2018','LAG-CBT-1',31,'','15,216','0,49','7,481','BENDING KM.6.593/1.037'),('03 Desember 2018','LAG-CBT-1',32,'','15,208','0,50','7,647','BENDING KM.6.591/1.527 DB'),('03 Desember 2018','LAG-CBT-1',33,'','15,219','0,56','8,508','BENDING KM.6.571/1.085 DB'),('03 Desember 2018','LAG-CBT-1',34,'','15,205','0,54','8,142','BENDING KM.6.539/1.211&9.769/1.067 DB'),('03 Desember 2018','LAG-CBT-1',35,'','15,202','0,63','9,522','BENDING KM.2.419/3.026 DB'),('03 Desember 2018','LAG-CBT-1',36,'','15,198','0,51','7,755','BENDING KM.6.579/1.005 DB'),('03 Desember 2018','LAG-CBT-1',37,'ISI','','','','OAN SELAAWI'),('03 Desember 2018','LAG-CBT-1',38,'ISI','','','','OAN SELAAWI'),('03 Desember 2018','LAG-CBT-1',39,'ISI','','','','OAN'),('03 Desember 2018','LAG-CBT-1',40,'','4,009','0,63','2,545','PUTUS'),('03 Desember 2018','LAG-CBT-1',41,'','11,514','0,31','3,526','PUTUS'),('03 Desember 2018','LAG-CBT-1',42,'','11,514','0,30','3,504','PUTUS'),('03 Desember 2018','LAG-CBT-1',43,'ISI','','','','OAN'),('03 Desember 2018','LAG-CBT-1',44,'ISI','','','','OAN'),('03 Desember 2018','LAG-CBT-1',45,'ISI','','','','OAN'),('03 Desember 2018','LAG-CBT-1',46,'ISI','','','','OAN'),('03 Desember 2018','LAG-CBT-1',47,'ISI','','','','OAN BANDREK'),('03 Desember 2018','LAG-CBT-1',48,'ISI','','','','OAN BANDREK'),('03 Desember 2018','LAG-CLK',1,'','7,019','0,50','3,483','PUTUS'),('03 Desember 2018','LAG-CLK',2,'','7,024','0,48','3,391','PUTUS'),('03 Desember 2018','LAG-CLK',3,'','4,801','0,53','2,561','PUTUS'),('03 Desember 2018','LAG-CLK',4,'','9,400','0,68','6,401','PUTUS'),('03 Desember 2018','LAG-CLK',5,'ISI','','','','RMJ MLO – CLK'),('03 Desember 2018','LAG-CLK',6,'','9,398','0,67','6,305','PUTUS'),('03 Desember 2018','LAG-CLK',7,'','26,520','0,42','11,187','BENDING KM.19.370/1.057 DB'),('03 Desember 2018','LAG-CLK',8,'','10,775','0,66','7,165','PUTUS'),('03 Desember 2018','LAG-CLK',9,'','26,518','0,46','12,174','BENDING KM.19.338/1.224 DB'),('03 Desember 2018','LAG-CLK',10,'','19,325','0,43','8,303','BENDING KM.11.038/1.988 DB'),('03 Desember 2018','LAG-CLK',11,'','9,403','0,41','3,822','PUTUS'),('03 Desember 2018','LAG-CLK',12,'','6,799','0,42','2,866','PUTUS'),('03 Desember 2018','LAG-CLK',13,'','29,511','0,39','11,523','BENDING KM.10.920/1.333 DB'),('03 Desember 2018','LAG-CLK',14,'','11,748','0,50','5,844','BENDING KM.11.048/1.180&11.827/6.278 DB'),('03 Desember 2018','LAG-CLK',15,'','-','','-','TROUGHT DARI MLO COR.10'),('03 Desember 2018','LAG-CLK',16,'','19,328','0,45','8,642','BENDING KM.4.907/1.070&11.034/1.312 DB'),('03 Desember 2018','LAG-CLK',17,'','19,332','0,48','9,311','BENDING KM.4.588/1.478&11.030/1.730 DB'),('03 Desember 2018','LAG-CLK',18,'','10,904','0,65','7,102','PUTUS'),('03 Desember 2018','LAG-CLK',19,'','-','','-','TROUGHT DARI MLO COR.20'),('03 Desember 2018','LAG-CLK',20,'','-','','-','TROUGHT DARI MLO COR.15'),('03 Desember 2018','LAG-CLK',21,'','19,328','0,51','9,875','BENDING KM.2.658/3.061 DB'),('03 Desember 2018','LAG-CLK',22,'','-','','-','TROUGHT DARI MLO COR.16'),('03 Desember 2018','LAG-CLK',23,'','19,328','0,51','9,875','BENDING KM.2.644/3.062'),('03 Desember 2018','LAG-CLK',24,'','29,523','0,44','13,108','BENDING KM.2.663./1.075 DB'),('03 Desember 2018','LAG-CLK',25,'ISI','','','','RMJ MLO - CLK'),('03 Desember 2018','LAG-CLK',26,'','19,387','0,36','6,971','IDEL BAIK'),('03 Desember 2018','LAG-CLK',27,'ISI','','','','NEW DWDM HUAWEI  LAG-BDG (AKTIF)'),('03 Desember 2018','LAG-CLK',28,'ISI','','','',' NEW DWDM HUAWEI  LAG-BDG (AKTIF)'),('03 Desember 2018','LAG-CLK',29,'','4,585','0,47','2,140','PUTUS'),('03 Desember 2018','LAG-CLK',30,'ISI','','','','METRO -E LAG - CLK'),('03 Desember 2018','LAG-CLK',31,'ISI','','','','METRO -E LAG - CLK'),('03 Desember 2018','LAG-CLK',32,'ISI','','','','DWDM  ZTE 920 LAG - BDG'),('03 Desember 2018','LAG-CLK',33,'','11,799','0,44','5,242','PUTUS'),('03 Desember 2018','LAG-CLK',34,'ISI','','','','DWDM ZTE  920 LAG - BDG'),('03 Desember 2018','LAG-CLK',35,'','4,587','0,35','1,590','PUTUS'),('03 Desember 2018','LAG-CLK',36,'','16,151','0,37','5,961','BENDING KM 16.141/5.734 PUTUS'),('03 Desember 2018','LAG-CLK',37,'ISI','','','','CCTV NAGREG'),('03 Desember 2018','LAG-CLK',38,'','9,147','0,45','4,119','PUTUS'),('03 Desember 2018','LAG-CLK',39,'ISI','','','','CCTV NAGREG'),('03 Desember 2018','LAG-CLK',40,'',' 9,722 ','0,77',' 7,531 ','PUTUS'),('03 Desember 2018','LAG-CLK',41,'ISI','','','','R.DESLAM CIAROG'),('03 Desember 2018','LAG-CLK',42,'ISI','','','','R DESLAM CIAROG'),('03 Desember 2018','LAG-CLK',43,'ISI','','','','OAN CIARO'),('03 Desember 2018','LAG-CLK',44,'',' 6,765 ','0,23',' 1,564 ','PUTUS'),('03 Desember 2018','LAG-CLK',45,'ISI','','','','CCTV NAGREG'),('03 Desember 2018','LAG-CLK',46,'ISI','','','','CCTV NAGREG'),('03 Desember 2018','LAG-CLK',47,'ISI','','','','OAN CIARO'),('03 Desember 2018','LAG-CLK',48,'',' 7,957 ','0,39',' 3,088 ','PUTUS'),('03 Desember 2018','LAG-CBT-2',1,'','8,484','0,22','1,885','LAG - KADUNGORA'),('03 Desember 2018','LAG-CBT-2',2,'','8,409','0,64','5,357','LAG - KADUNGORA'),('03 Desember 2018','LAG-CBT-2',3,'','8,487','0,21','1,779','LAG - KADUNGORA'),('03 Desember 2018','LAG-CBT-2',4,'','8,484','0,22','1,864','LAG - KADUNGORA'),('03 Desember 2018','LAG-CBT-2',5,'','8,485','0,23','1,984','LAG - KADUNGORA'),('03 Desember 2018','LAG-CBT-2',6,'','8,483','0,23','1,946','LAG - KADUNGORA'),('03 Desember 2018','LAG-CBT-2',7,'','12,693','0,34','4,316','PUTUS'),('03 Desember 2018','LAG-CBT-2',8,'','12,700','0,29','3,626','PUTUS'),('03 Desember 2018','LAG-CBT-2',9,'','12,683','0,40','5,131','PUTUS'),('03 Desember 2018','LAG-CBT-2',10,'','12,691','0,31','3,939','PUTUS'),('03 Desember 2018','LAG-CBT-2',11,'','12,691','0,28','3,536','PUTUS'),('03 Desember 2018','LAG-CBT-2',12,'','12,694','0,33','4,217','PUTUS'),('03 Desember 2018','LAG-CBT-2',13,'ISI','','','','METRO-E LAG-CBT TENJI'),('03 Desember 2018','LAG-CBT-2',14,'','12,834','0,26','3,352','IDEL BAIK'),('03 Desember 2018','LAG-CBT-2',15,'','12,836','0,66','8,414','IDEL BAIK'),('03 Desember 2018','LAG-CBT-2',16,'ISI','','','','METRO-E LAG-CBT'),('03 Desember 2018','LAG-CBT-2',17,'','8,480','0,21','1,769','PUTUS'),('03 Desember 2018','LAG-CBT-2',18,'ISI','','','','METRO-E LAG-CBT'),('03 Desember 2018','LAG-CBT-2',19,'ISI','','','','METRO-E LAG-CBT TENJI'),('03 Desember 2018','LAG-CBT-2',20,'','9,291','1,00','9,291','PUTUS'),('03 Desember 2018','LAG-CBT-2',21,'ISI','','','','RMJ LAG-KDA'),('03 Desember 2018','LAG-CBT-2',22,'ISI','','','','RMJ LAG-KDA'),('03 Desember 2018','LAG-CBT-2',23,'ISI','','','','TELKOMSEL LAG-KR.PAWITAN'),('03 Desember 2018','LAG-CBT-2',24,'ISI','','','','TELKOMSEL LAG-KR.PAWITAN'),('03 Desember 2018','LAG-MLO-2',1,'ISI','','','','RMJ LAG-MLO'),('03 Desember 2018','LAG-MLO-2',2,'ISI','','','','RMJ LAG-MLO'),('03 Desember 2018','LAG-MLO-2',3,'ISI','','','','RMJ MLO-CLK'),('03 Desember 2018','LAG-MLO-2',4,'ISI','','','','RMJ MLO-CLK'),('03 Desember 2018','LAG-MLO-2',5,'','22,036','0,23','5,148','IDEL BAIK'),('03 Desember 2018','LAG-MLO-2',6,'','22,050','0,22','4,878','IDEL BAIK'),('03 Desember 2018','LAG-MLO-2',7,'','22,053','0,23','5,068','IDEL BAIK'),('03 Desember 2018','LAG-MLO-2',8,'','22,054','0,25','5,540','IDEL BAIK'),('03 Desember 2018','LAG-MLO-2',9,'','22,057','0,24','5,355','IDEL BAIK'),('03 Desember 2018','LAG-MLO-2',10,'','22,052','0,23','4,974','IDEL BAIK'),('03 Desember 2018','LAG-MLO-2',11,'','22,054','0,22','4,837','IDEL BAIK'),('03 Desember 2018','LAG-MLO-2',12,'','22,053','0,24','5,279','IDEL BAIK'),('03 Desember 2018','LAG-MLO-2',13,'','22,044','0,25','5,472','IDEL BAIK'),('03 Desember 2018','LAG-MLO-2',14,'','22,045','0,23','5,128','IDEL BAIK'),('03 Desember 2018','LAG-MLO-2',15,'ISI','','','','METRO-E LAG-MLO'),('03 Desember 2018','LAG-MLO-2',16,'ISI','','','','METRO-E LAG-MLO'),('03 Desember 2018','LAG-MLO-2',17,'','22,041','0,31','6,942','IDEL BAIK'),('03 Desember 2018','LAG-MLO-2',18,'','22,041','0,23','5,054','IDEL BAIK'),('03 Desember 2018','LAG-MLO-2',19,'','22,036','0,23','5,125','IDEL BAIK'),('03 Desember 2018','LAG-MLO-2',20,'','22,044','0,23','5,087','IDEL BAIK'),('03 Desember 2018','LAG-MLO-2',21,'','22,037','0,28','6,139','IDEL BAIK'),('03 Desember 2018','LAG-MLO-2',22,'','22,039','0,26','5,724','IDEL BAIK'),('03 Desember 2018','LAG-MLO-2',23,'','22,044','0,26','5,707','IDEL BAIK'),('03 Desember 2018','LAG-MLO-2',24,'','22,041','0,23','5,112','IDEL BAIK'),('03 Desember 2018','LAG-MLO-2',25,'','22,058','0,26','5,800','IDEL BAIK'),('03 Desember 2018','LAG-MLO-2',26,'','22,055','0,25','5,594','IDEL BAIK'),('03 Desember 2018','LAG-MLO-2',27,'','22,054','0,23','5,066','IDEL BAIK'),('03 Desember 2018','LAG-MLO-2',28,'','22,054','0,11','2,325','IDEL BAIK'),('03 Desember 2018','LAG-MLO-2',29,'','22,055','0,24','5,281','IDEL BAIK'),('03 Desember 2018','LAG-MLO-2',30,'','22,053','0,26','5,670','IDEL BAIK'),('03 Desember 2018','LAG-MLO-2',31,'','22,052','0,24','5,302','IDEL BAIK'),('03 Desember 2018','LAG-MLO-2',32,'ISI','','','','DWDM ZTE 920 LAG-TSM'),('03 Desember 2018','LAG-MLO-2',33,'ISI','','','','DWDM ZTE 920 LAG-TSM'),('03 Desember 2018','LAG-MLO-2',34,'ISI','','','','DWDM HUAWEI LAG-TSM'),('03 Desember 2018','LAG-MLO-2',35,'ISI','','','','DWDM HUAWEI LAG-TSM'),('03 Desember 2018','LAG-MLO-2',36,'','22,058','0,26','5,717','IDEL BAIK'),('03 Desember 2018','LAG-MLO-2',37,'','22,044','0,23','5,144','IDEL BAIK'),('03 Desember 2018','LAG-MLO-2',38,'','22,043','0,25','5,543','IDEL BAIK'),('03 Desember 2018','LAG-MLO-2',39,'','22,044','0,23','5,019','IDEL BAIK'),('03 Desember 2018','LAG-MLO-2',40,'','22,039','0,24','5,372','IDEL BAIK'),('03 Desember 2018','LAG-MLO-2',41,'','22,041','0,24','5,190','IDEL BAIK'),('03 Desember 2018','LAG-MLO-2',42,'','22,040','0,25','5,571','IDEL BAIK'),('03 Desember 2018','LAG-MLO-2',43,'','22,039','0,25','5,571','IDEL BAIK'),('03 Desember 2018','LAG-MLO-2',44,'','22,043','0,23','5,000','IDEL BAIK'),('03 Desember 2018','LAG-MLO-2',45,'','22,040','0,21','4,721','IDEL BAIK'),('03 Desember 2018','LAG-MLO-2',46,'','22,039','0,23','4,969','IDEL BAIK'),('03 Desember 2018','LAG-MLO-2',47,'','22,044','0,25','5,531','IDEL BAIK'),('03 Desember 2018','LAG-MLO-2',48,'','22,043','0,22','4,943','IDEL BAIK'),('03 Desember 2018','MLO-CAW-1',1,'','-','','-','TROUGHT'),('03 Desember 2018','MLO-CAW-1',2,'','-','','-','TROUGHT'),('03 Desember 2018','MLO-CAW-1',3,'','-','','-','TROUGHT'),('03 Desember 2018','MLO-CAW-1',4,'','-','','-','TROUGHT'),('03 Desember 2018','MLO-CAW-1',5,'','6.925','0,24','1.661','PUTUS'),('03 Desember 2018','MLO-CAW-1',6,'','6.824','0,22','1.481','PUTUS'),('03 Desember 2018','MLO-CAW-1',7,'','6.918','0,25','1.697','PUTUS'),('03 Desember 2018','MLO-CAW-1',8,'','6.916','0,23','1.578','PUTUS'),('03 Desember 2018','MLO-CAW-1',9,'','6.921','0,23','1.612','PUTUS'),('03 Desember 2018','MLO-CAW-1',10,'','6.915','0,30','2.053','IDEL BAIK'),('03 Desember 2018','MLO-CAW-1',11,'','5.067','0,00','0,944','PUTUS'),('03 Desember 2018','MLO-CAW-1',12,'','14.937','0,25','3.807','IDEL BAIK'),('03 Desember 2018','MLO-CAW-1',13,'','-','','-','TROUGHT'),('03 Desember 2018','MLO-CAW-1',14,'','-','','-','ADAPTER JELEK'),('03 Desember 2018','MLO-CAW-1',15,'','6.918','0,27','1.853','PUTUS'),('03 Desember 2018','MLO-CAW-1',16,'','-','','-','TROUGHT'),('03 Desember 2018','MLO-CAW-1',17,'','-','','-','TROUGHT'),('03 Desember 2018','MLO-CAW-1',18,'','-','','-','TROUGHT'),('03 Desember 2018','MLO-CAW-1',19,'','6.913','0,24','1.637','PUTUS'),('03 Desember 2018','MLO-CAW-1',20,'','6.918','0,24','1.638','PUTUS'),('03 Desember 2018','MLO-CAW-1',21,'','6.921','0,40','2.803','PUTUS'),('03 Desember 2018','MLO-CAW-1',22,'','6.918','0,26','1.774','BENDING KM.14.989/5.031 DB'),('03 Desember 2018','MLO-CAW-1',23,'','-','','-','ADAPTER JELEK'),('03 Desember 2018','MLO-CAW-1',24,'','6.915','0,27','1.864','PUTUS'),('03 Desember 2018','MLO-CAW-1',25,'','26.987','0,25','6.772','TROUGHT'),('03 Desember 2018','MLO-CAW-1',26,'','26.981','0,26','7.114','TROUGHT'),('03 Desember 2018','MLO-CAW-1',27,'','14.949','0,33','4.889','IDEL BAIK'),('03 Desember 2018','MLO-CAW-1',28,'','14.945','0,31','4.666','IDEL BAIK'),('03 Desember 2018','MLO-CAW-1',29,'','14.926','0,33','4.854','IDEL BAIK'),('03 Desember 2018','MLO-CAW-1',30,'','14.949','0,25','3.664','IDEL BAIK'),('03 Desember 2018','MLO-CAW-1',31,'','14.928','0,26','3.951','IDEL BAIK'),('03 Desember 2018','MLO-CAW-1',32,'ISI','','','','DWDM ZTE 920 LAG-TSM'),('03 Desember 2018','MLO-CAW-1',33,'ISI','','','','DWDM ZTE 920 LAG-TSM'),('03 Desember 2018','MLO-CAW-1',34,'ISI','','','','DWDM HUAWEI LAG-TSM'),('03 Desember 2018','MLO-CAW-1',35,'ISI','','','','DWDM HUAWEI LAG-TSM'),('03 Desember 2018','MLO-CAW-1',36,'','14.939','0,24','3.561','IDEL BAIK'),('03 Desember 2018','MLO-CAW-1',37,'','14.962','0,23','3.431','IDEL BAIK'),('03 Desember 2018','MLO-CAW-1',38,'','14.961','0,25','3.724','IDEL BAIK'),('03 Desember 2018','MLO-CAW-1',39,'ISI','','','','RMJ MLO-TSM'),('03 Desember 2018','MLO-CAW-1',40,'','14.951','0,27','4.033','IDEL BAIK'),('03 Desember 2018','MLO-CAW-1',41,'','14.964','0,27','4.069','IDEL BAIK'),('03 Desember 2018','MLO-CAW-1',42,'','14.958','0,38','5.673','IDEL BAIK'),('03 Desember 2018','MLO-CAW-1',43,'','14.954','0,24','3.564','IDEL BAIK'),('03 Desember 2018','MLO-CAW-1',44,'','-','','-','ADAPTER JELEK'),('03 Desember 2018','MLO-CAW-1',45,'','14.962','0,27','4.069','IDEL BAIK'),('03 Desember 2018','MLO-CAW-1',46,'','14.958','0,25','3.729','IDEL BAIK'),('03 Desember 2018','MLO-CAW-1',47,'','14.958','0,37','5.565','BENDING KM.6.843/2.044'),('03 Desember 2018','MLO-CAW-1',48,'','14.951','0,25','3.721','IDEL BAIK'),('03 Desember 2018','MLO-CAW-2',1,'','26.621','0,36','9.616','IDEL BAIK'),('03 Desember 2018','MLO-CAW-2',2,'','14.461','0,56','8.085','BENDING KM.5.754/2.384 DB'),('03 Desember 2018','MLO-CAW-2',3,'','27.018','0,35','9.553','IDEL BAIK'),('03 Desember 2018','MLO-CAW-2',4,'','6.019','0,58','3.507','PUTUS'),('03 Desember 2018','MLO-CAW-2',5,'','27.023','0,53','14.331','BENDING KM. 20.739/18.788 DB'),('03 Desember 2018','MLO-CAW-2',6,'','27.018','0,39','10.608','IDEL BAIK'),('03 Desember 2018','MLO-CAW-2',7,'','27.015','0,36','9.742','IDEL BAIK'),('03 Desember 2018','MLO-CAW-2',8,'ISI','','','','METRO 2/1/1'),('03 Desember 2018','MLO-CAW-2',9,'','14.446','0,46','6.582','IDEL BAIK'),('03 Desember 2018','MLO-CAW-2',10,'ISI','','','','METRO 2/1/1'),('03 Desember 2018','MLO-CAW-2',11,'ISI','','','','METRO LAG-MLO'),('03 Desember 2018','MLO-CAW-2',12,'ISI','','','','METRO LAG-MLO'),('03 Desember 2018','MLO-CAW-2',13,'','14.415','0,44','6.374','BENDING KM.9.199/1.097 DB'),('03 Desember 2018','MLO-CAW-2',14,'','14.449','0,74','10.637','BENDING KM.11.129/5.611 DB'),('03 Desember 2018','MLO-CAW-2',15,'','14.449','0,45','6.489','IDEL BAIK'),('03 Desember 2018','MLO-CAW-2',16,'ISI','','','','RMJ MLO-TSM'),('03 Desember 2018','MLO-CAW-2',17,'','14.426','0,42','6.059','IDEL BAIK'),('03 Desember 2018','MLO-CAW-2',18,'','14.417','0,45','6.423','IDEL BAIK'),('03 Desember 2018','MLO-CAW-2',19,'','5.683','0,47','2.683','PUTUS'),('03 Desember 2018','MLO-CAW-2',20,'ISI','','','','RMJ MLO-TSM'),('03 Desember 2018','MLO-CAW-2',21,'ISI','','','','METRO'),('03 Desember 2018','MLO-CAW-2',22,'','14.423','0,53','7.648','BENDING KM.11.103/1.658 DB'),('03 Desember 2018','MLO-CAW-2',23,'','14.548','0,40','5.789','IDEL BAIK'),('03 Desember 2018','MLO-CAW-2',24,'ISI','','','','METRO'),('03 Desember 2018','MLO-CAW-2',25,'','-','','-','ADAPTER JELEK'),('03 Desember 2018','MLO-CAW-2',26,'','12.364','0,44','5.461','PUTUS'),('03 Desember 2018','MLO-CAW-2',27,'','10.324','0,55','5.709','PUTUS'),('03 Desember 2018','MLO-CAW-2',28,'','10.328','0,53','5.501','PUTUS'),('03 Desember 2018','MLO-CAW-2',29,'','10.306','0,39','4.061','PUTUS'),('03 Desember 2018','MLO-CAW-2',30,'','10.308','0,71','7.316','PUTUS'),('03 Desember 2018','MLO-CAW-2',31,'','10.309','0,48','4.941','PUTUS'),('03 Desember 2018','MLO-CAW-2',32,'','10.327','0,66','6.823','PUTUS'),('03 Desember 2018','MLO-CAW-2',33,'','12.353','0,50','6.141','PUTUS'),('03 Desember 2018','MLO-CAW-2',34,'','10.306','0,58','5.948','PUTUS'),('03 Desember 2018','MLO-CAW-2',35,'','12.369','0,39','4.779','PUTUS'),('03 Desember 2018','MLO-CAW-2',36,'','10.306','0,53','5.487','PUTUS'),('03 Desember 2018','MLO-CAW-2',37,'','-','','-','DI PAKAI AKSES'),('03 Desember 2018','MLO-CAW-2',38,'','-','','-','DI PAKAI AKSES'),('03 Desember 2018','MLO-CAW-2',39,'','-','','-','DI PAKAI AKSES'),('03 Desember 2018','MLO-CAW-2',40,'','-','','-','DI PAKAI AKSES'),('03 Desember 2018','MLO-CAW-2',41,'','-','','-','DI PAKAI AKSES'),('03 Desember 2018','MLO-CAW-2',42,'','-','','-','DI PAKAI AKSES'),('03 Desember 2018','MLO-CAW-2',43,'','-','','-','DI PAKAI AKSES'),('03 Desember 2018','MLO-CAW-2',44,'','-','','-','DI PAKAI AKSES'),('03 Desember 2018','MLO-CAW-2',45,'','-','','-','DI PAKAI AKSES'),('03 Desember 2018','MLO-CAW-2',46,'','-','','-','DI PAKAI AKSES'),('03 Desember 2018','MLO-CAW-2',47,'','-','','-','DI PAKAI AKSES'),('03 Desember 2018','MLO-CAW-2',48,'','-','','-','DI PAKAI AKSES'),('03 Desember 2018','MLO-LAG',1,'','21.525','0,49','10.508','BENDING KM.14.542/1.059 DB'),('03 Desember 2018','MLO-LAG',2,'','-','','-','ADAPTOR JELEK'),('03 Desember 2018','MLO-LAG',3,'','-','','-','ADAPTOR JELEK'),('03 Desember 2018','MLO-LAG',4,'','21.542','0,53','11.331','BENDING KM.14.676/1.067 DB'),('03 Desember 2018','MLO-LAG',5,'','-','','-','ADAPTOR JELEK'),('03 Desember 2018','MLO-LAG',6,'','-','','-','ADAPTOR JELEK'),('03 Desember 2018','MLO-LAG',7,'','21.547','0,36','7.814','BENDING KM.14.686/1.816 DB'),('03 Desember 2018','MLO-LAG',8,'','21.561','0,44','9.393','BENDING KM.1.135,1.590,1.821'),('03 Desember 2018','MLO-LAG',9,'','21.545','0,42','9.044','BENDING KM.1.129/1.073 DB'),('03 Desember 2018','MLO-LAG',10,'','-','','-',' TRU Core 13 DARI OTB MLO-CAW'),('03 Desember 2018','MLO-LAG',11,'ISI','','','','METRO-E MLO-LAG'),('03 Desember 2018','MLO-LAG',12,'ISI','','','','METRO-E MLO-LAG'),('03 Desember 2018','MLO-LAG',13,'','-','','-','TROUGHT'),('03 Desember 2018','MLO-LAG',14,'','-','','-','TROUGHT'),('03 Desember 2018','MLO-LAG',15,'','-','','-','TROUGHT'),('03 Desember 2018','MLO-LAG',16,'','-','','-','TROUGHT'),('03 Desember 2018','MLO-LAG',17,'','21.511','0,38','8.268','BENDING KM.14.661/1.045 DB'),('03 Desember 2018','MLO-LAG',18,'','21.507','0,40','8.581','BENDING KM.14.661/1.626 DB'),('03 Desember 2018','MLO-LAG',19,'','15.931','0,45','7.126','PUTUS'),('03 Desember 2018','MLO-LAG',20,'','-','','-','TRU CORE.16 DARI OTB MLO-CAW'),('03 Desember 2018','MLO-LAG',21,'','21.496','0,57','12.231','BENDING KM.1.668/1.361 DB'),('03 Desember 2018','MLO-LAG',22,'','21.489','0,45','9.694','BENDING KM.14.640/1.007 DB'),('03 Desember 2018','MLO-LAG',23,'','15.921','0,37','5.862','PUTUS'),('03 Desember 2018','MLO-LAG',24,'','21.525','0,47','10.143','BENDING KM.14.666/1.060 DB'),('03 Desember 2018','MLO-LAG',25,'ISI','','','','DWDM HUAWEI CBT-TSM'),('03 Desember 2018','MLO-LAG',26,'ISI','','','','DWDM HUAWEI CBT-TSM'),('03 Desember 2018','MLO-LAG',27,'ISI','','','','RMJ MLO-CBT'),('03 Desember 2018','MLO-LAG',28,'','5.595','0,52','2.924','PUTUS'),('03 Desember 2018','MLO-LAG',29,'','13.788','0,88','12.176','BENDING KM.1.819,4.655,7.448'),('03 Desember 2018','MLO-LAG',30,'ISI','','','','RMJ MLO-CBT'),('03 Desember 2018','MLO-LAG',31,'','21.201','0,44','9.334','BENDING KM.17.479/1.155 DB'),('03 Desember 2018','MLO-LAG',32,'','21.206','0,52','11.071','BENDING KM.5.600/5.242 DB'),('03 Desember 2018','MLO-LAG',33,'','21.191','0,53','11.239','BENDING KM.5.595/2.822 DB'),('03 Desember 2018','MLO-LAG',34,'','21.201','0,67','14.109','BENDING KM.1.668/2.956 DB'),('03 Desember 2018','MLO-LAG',35,'','21.191','0,54','11.421','BENDING KM.5.520/1.135DB&15.574/1.730'),('03 Desember 2018','MLO-LAG',36,'','21.201','0,67','14.227','BENDING KM.5.595/2.409 DB'),('03 Desember 2018','MLO-LAG',37,'','-','','-','DI PAKAI AKSES'),('03 Desember 2018','MLO-LAG',38,'','-','','-','DI PAKAI AKSES'),('03 Desember 2018','MLO-LAG',39,'','-','','-','DI PAKAI AKSES'),('03 Desember 2018','MLO-LAG',40,'','-','','-','DI PAKAI AKSES'),('03 Desember 2018','MLO-LAG',41,'','-','','-','DI PAKAI AKSES'),('03 Desember 2018','MLO-LAG',42,'','-','','-','DI PAKAI AKSES'),('03 Desember 2018','MLO-LAG',43,'','-','','-','DI PAKAI AKSES'),('03 Desember 2018','MLO-LAG',44,'','-','','-','DI PAKAI AKSES'),('03 Desember 2018','MLO-LAG',45,'','-','','-','DI PAKAI AKSES'),('03 Desember 2018','MLO-LAG',46,'','-','','-','DI PAKAI AKSES'),('03 Desember 2018','MLO-LAG',47,'','-','','-','DI PAKAI AKSES'),('03 Desember 2018','MLO-LAG',48,'','-','','-','DI PAKAI AKSES'),('03 Desember 2018','MLO-CBT-1',1,'','3,059','0,28','0,851','PUTUS'),('03 Desember 2018','MLO-CBT-1',2,'ISI','','','','RMJ MLO-CBT'),('03 Desember 2018','MLO-CBT-1',3,'','1,894','0,33','0,618','PUTUS'),('03 Desember 2018','MLO-CBT-1',4,'','-','','-','ADAPTER JELEK'),('03 Desember 2018','MLO-CBT-1',5,'','3,054','0,35','1,07','PUTUS'),('03 Desember 2018','MLO-CBT-1',6,'ISI','','','','DWDM ZTE 920  CBT-TSM'),('03 Desember 2018','MLO-CBT-1',7,'ISI','','','','DWDM ZTE 920  CBT-TSM'),('03 Desember 2018','MLO-CBT-1',8,'ISI','','','','RMJ MLO-CBT'),('03 Desember 2018','MLO-CBT-1',9,'','3,054','0,32','0,988','PUTUS'),('03 Desember 2018','MLO-CBT-1',10,'','3,054','0,30','0,921','PUTUS'),('03 Desember 2018','MLO-CBT-1',11,'','-','','-','ADAPTER JELEK'),('03 Desember 2018','MLO-CBT-1',12,'','3,054','','-','PUTUS'),('03 Desember 2018','MLO-CBT-1',13,'','19,424','0,26','5,08','IDEL BAIK'),('03 Desember 2018','MLO-CBT-1',14,'','3,388','0,17','0,582','PUTUS'),('03 Desember 2018','MLO-CBT-1',15,'','19,424','0,30','5,82','IDEL BAIK'),('03 Desember 2018','MLO-CBT-1',16,'','3,382','0,40','1,37','PUTUS'),('03 Desember 2018','MLO-CBT-1',17,'','19,419','0,32','6,15','IDEL BAIK'),('03 Desember 2018','MLO-CBT-1',18,'','3,216','0,27','0,872','PUTUS'),('03 Desember 2018','MLO-CBT-1',19,'','3,382','0,40','1,35','PUTUS'),('03 Desember 2018','MLO-CBT-1',20,'','3,382','0,46','1,55','PUTUS'),('03 Desember 2018','MLO-CBT-1',21,'','19,399','0,68','13,18','BENDING KM.3.762/5.165 DB'),('03 Desember 2018','MLO-CBT-1',22,'','19,399','0,32','6,16','IDEL BAIK'),('03 Desember 2018','MLO-CBT-1',23,'','1,488','4,45','6,63','PUTUS'),('03 Desember 2018','MLO-CBT-1',24,'','15,138','0,30','4,58','PUTUS'),('03 Desember 2018','MLO-CBT-2',1,'ISI','','','','RMJ MLO-LAG'),('03 Desember 2018','MLO-CBT-2',2,'ISI','','','','RMJ MLO-LAG'),('03 Desember 2018','MLO-CBT-2',3,'ISI','','','','RMJ MLO-CLK'),('03 Desember 2018','MLO-CBT-2',4,'ISI','','','','RMJ MLO-CLK'),('03 Desember 2018','MLO-CBT-2',5,'','22.052','0,27','6.043','IDEL BAIK'),('03 Desember 2018','MLO-CBT-2',6,'','22.059','0,25','5.545','IDEL BAIK'),('03 Desember 2018','MLO-CBT-2',7,'','22.062','0,27','5.987','IDEL BAIK'),('03 Desember 2018','MLO-CBT-2',8,'','22.063','0,30','6.716','IDEL BAIK'),('03 Desember 2018','MLO-CBT-2',9,'','22.066','0,26','5.688','IDEL BAIK'),('03 Desember 2018','MLO-CBT-2',10,'','22.059','0,27','5.964','IDEL BAIK'),('03 Desember 2018','MLO-CBT-2',11,'','22.063','0,26','5.781','IDEL BAIK'),('03 Desember 2018','MLO-CBT-2',12,'ISI','','','','DWDM HUAWEI LAG-TSM'),('03 Desember 2018','MLO-CBT-2',13,'','14.839','0,44','6.473','IDEL BAIK'),('03 Desember 2018','MLO-CBT-2',14,'','14.839','0,40','5.941','IDEL BAIK'),('03 Desember 2018','MLO-CBT-2',15,'','22.049','0,28','6.191','IDEL BAIK'),('03 Desember 2018','MLO-CBT-2',16,'','14.826','0,42','6.158','IDEL BAIK'),('03 Desember 2018','MLO-CBT-2',17,'','14.928','0,57','8.523','IDEL BAIK'),('03 Desember 2018','MLO-CBT-2',18,'','14.828','0,37','5.541','IDEL BAIK'),('03 Desember 2018','MLO-CBT-2',19,'','14.826','0,42','6.209','IDEL BAIK'),('03 Desember 2018','MLO-CBT-2',20,'','22.053','0,28','6.174','IDEL BAIK'),('03 Desember 2018','MLO-CBT-2',21,'','14.828','0,56','8.302','BENDING KM.14.824 & 20.543/1.996 DB'),('03 Desember 2018','MLO-CBT-2',22,'','14.825','0,41','6.084','IDEL BAIK'),('03 Desember 2018','MLO-CBT-2',23,'','14.841','0,42','6.279','IDEL BAIK'),('03 Desember 2018','MLO-CBT-2',24,'','14.829','0,45','6.657','IDEL BAIK'),('03 Desember 2018','MLO-CBT-2',25,'','22.207','0,35','7.779','IDEL BAIK'),('03 Desember 2018','MLO-CBT-2',26,'','22.064','0,30','6.696','IDEL BAIK'),('03 Desember 2018','MLO-CBT-2',27,'','22.063','0,42','9.174','BENDING KM.21.530/2.401 DB'),('03 Desember 2018','MLO-CBT-2',28,'','22.063','0,28','6.141','IDEL BAIK'),('03 Desember 2018','MLO-CBT-2',29,'','22.063','0,31','6.917','IDEL BAIK'),('03 Desember 2018','MLO-CBT-2',30,'','22.062','0,30','6.646','IDEL BAIK'),('03 Desember 2018','MLO-CBT-2',31,'','22.061','0,31','6.755','IDEL BAIK'),('03 Desember 2018','MLO-CBT-2',32,'ISI','','','','DWDM ZTE 920 LAG-TSM'),('03 Desember 2018','MLO-CBT-2',33,'ISI','','','','DWDM ZTE 920 LAG-TSM'),('03 Desember 2018','MLO-CBT-2',34,'','-','','-','IDEL BAIK'),('03 Desember 2018','MLO-CBT-2',35,'ISI','','','','DWDM HUAWEI LAG-TSM'),('03 Desember 2018','MLO-CBT-2',36,'','22.067','0,38','8.415','BENDING KM.20.523/2.113 DB'),('03 Desember 2018','MLO-CBT-2',37,'','22.053','0,25','5.463','IDEL BAIK'),('03 Desember 2018','MLO-CBT-2',38,'','22.052','0,27','5.923','IDEL BAIK'),('03 Desember 2018','MLO-CBT-2',39,'','22.052','0,27','5.982','IDEL BAIK'),('03 Desember 2018','MLO-CBT-2',40,'','22.048','0,34','7.461','IDEL BAIK'),('03 Desember 2018','MLO-CBT-2',41,'','22.051','0,29','6.332','IDEL BAIK'),('03 Desember 2018','MLO-CBT-2',42,'','22.048','0,29','6.351','IDEL BAIK'),('03 Desember 2018','MLO-CBT-2',43,'','22.049','0,32','7.135','IDEL BAIK'),('03 Desember 2018','MLO-CBT-2',44,'','22.052','0,26','5.661','IDEL BAIK'),('03 Desember 2018','MLO-CBT-2',45,'','22.048','0,29','6.382','IDEL BAIK'),('03 Desember 2018','MLO-CBT-2',46,'','22.048','0,31','6.883','IDEL BAIK'),('03 Desember 2018','MLO-CBT-2',47,'','22.053','0,28','6.095','IDEL BAIK'),('03 Desember 2018','MLO-CBT-2',48,'','22.049','0,32','6.958','BENDING KM.20.482/1.040 DB');

#
# Structure for table "tb_lokasi"
#

DROP TABLE IF EXISTS `tb_lokasi`;
CREATE TABLE `tb_lokasi` (
  `lokasi_witel` varchar(20) DEFAULT NULL,
  `lokasi_sto` varchar(30) DEFAULT NULL,
  `core` varchar(35) NOT NULL,
  `pjg_kabel` varchar(10) DEFAULT NULL,
  `tipe_kabel` varchar(10) DEFAULT NULL,
  `jenis_kabel` varchar(40) DEFAULT NULL,
  `tanggal` varchar(50) NOT NULL,
  PRIMARY KEY (`core`,`tanggal`)
) ENGINE=InnoDB DEFAULT CHARSET=latin1;

#
# Data for table "tb_lokasi"
#

INSERT INTO `tb_lokasi` VALUES ('Tasikmalaya','STO BJR','BJR-BJS','21.500','KT (Duct)','KT G655 48 CORE','03 Desember 2018'),('Tasikmalaya','STO BJR','BJR-CMS-1','28.300','KT (Duct)','KT G652 36 CORE','03 Desember 2018'),('Tasikmalaya','STO BJR','BJR-CMS-2','27.400','KT (Duct)','KT G655 48 CORE','03 Desember 2018'),('Tasikmalaya','STO BJR','BJR-MON','32.300','KT (Duct)','KT G652 24 CORE','03 Desember 2018'),('Tasikmalaya','STO BJR','BJR-SDA-1','50.800','KT (Duct)','KT G655 48 CORE','03 Desember 2018'),('Tasikmalaya','STO BJR','BJR-SDA-2','39.026','KT (Duct)','KT G655 24 CORE (PT. KAI)','03 Desember 2018'),('Tasikmalaya','STO BJS','BJS-BJR','21.500','KT (Duct)','KT G655 48 CORE','03 Desember 2018'),('Tasikmalaya','STO BJS','BJS-PGN-1','48.500','KU (Aerial','KU G652 36 CORE','03 Desember 2018'),('Tasikmalaya','STO BJS','BJS-PGN-2','47.200','KT (Duct)','KT G655 48 CORE','03 Desember 2018'),('Tasikmalaya','STO CAW','CAW-KWL','36.370','KU (Aerial','KU G652 24 CORE','03 Desember 2018'),('Tasikmalaya','STO CAW','CAW-MLO-1','14.400','KT (Duct)','KT G655 48 CORE (Lama)','03 Desember 2018'),('Tasikmalaya','STO CAW','CAW-MLO-2','14.900','KT (Duct)','KT G655 48 CORE (Baru)','03 Desember 2018'),('Tasikmalaya','STO CAW','CAW-RJP-1','12.500','KU (Aerial','KU G655 48 CORE','03 Desember 2018'),('Tasikmalaya','STO CAW','CAW-RJP-2','28.030','KU (Aerial','KU G655 48 CORE','03 Desember 2018'),('Tasikmalaya','STO CBL','CBL-KAL','22.500','KT (Duct)','KT G652 24 CORE','03 Desember 2018'),('Tasikmalaya','STO CBL','CBL-TSM','28.200','KT (Duct)','KT G652 48 CORE','03 Desember 2018'),('Tasikmalaya','STO CBT','CBT-KDN-1','12.925','KU (Aerial','KU G652 24 CORE','03 Desember 2018'),('Tasikmalaya','STO CBT','CBT-KDN-2','15.882','KT (Duct)','KT G655 48 CORE','03 Desember 2018'),('Tasikmalaya','STO CBT','CBT-LAG','15.200','KT (KttL)','KT G655 24 CORE','03 Desember 2018'),('Tasikmalaya','STO CBT','CBT-MLO-1','21.100','KT (KttL)','KT G655 24 CORE','03 Desember 2018'),('Tasikmalaya','STO CBT','CBT-MLO-2','19.200','KT (Duct)','KT G655(1-12) G652(13-24)  (PT. KAI)','03 Desember 2018'),('Tasikmalaya','STO CBT','CBT-WNR','11.329','KT (Duct)','KT G655 48 CORE','03 Desember 2018'),('Tasikmalaya','STO CKG','CKG-CSP-1','41.411','KT (Duct)','KT G655 24 CORE','03 Desember 2018'),('Tasikmalaya','STO CKG','CKG-CSP-2','39.209','KU (Aerial','KU G652 12 CORE','03 Desember 2018'),('Tasikmalaya','STO CKG','CKG-GRT','29.300','KT (Duct)','KT G652 24 CORE','03 Desember 2018'),('Tasikmalaya','STO CKJ','CKJ-KWL-1','35.600','KT (Duct)','KT G652 48 CORE','03 Desember 2018'),('Tasikmalaya','STO CKJ','CKJ-KWL-2','35.800','KU (Aerial','KU G652 24 CORE','03 Desember 2018'),('Tasikmalaya','STO CKJ','CKJ-RJP','43.700','KT (Duct)','KT G655 48 CORE','03 Desember 2018'),('Tasikmalaya','STO CMS','CMS-BJR-1','27.500','KT (Duct)','KT G652 36 CORE','03 Desember 2018'),('Tasikmalaya','STO CMS','CMS-BJR-2','27.500','KT (Duct)','KT G655 48 CORE','03 Desember 2018'),('Tasikmalaya','STO CMS','CMS-KWL-1','21.600','KT (Duct)','KT G655 48 CORE','03 Desember 2018'),('Tasikmalaya','STO CMS','CMS-KWL-2','21.500','KT (Duct)','KT G655 24 CORE','03 Desember 2018'),('Tasikmalaya','STO CMS','CMS-MON','9.400','KT (Duct)','KT G652 12 CORE (PT. KAI)','03 Desember 2018'),('Tasikmalaya','STO CMS','CMS-TSM-1','16.500','KT (Duct)','KT G652 36 CORE','03 Desember 2018'),('Tasikmalaya','STO CMS','CMS-TSM-2','27.400','KT (Duct)','KT G655 48 CORE','03 Desember 2018'),('Tasikmalaya','STO CMS','CMS-TSM-3','20.000','KT (Duct)','KT G655 12 CORE (PT. KAI)','03 Desember 2018'),('Tasikmalaya','STO CSP','CSP-CKG-1','39.209','KU (Aerial','KU G652 12 CORE','03 Desember 2018'),('Tasikmalaya','STO CSP','CSP-CKG-2','41.488','KT (Duct)','KT G655 24 CORE','03 Desember 2018'),('Tasikmalaya','STO CSP','CSP-PMP-1','18.393','KU (Aerial','KU G652 24 CORE','03 Desember 2018'),('Tasikmalaya','STO CSP','CSP-PMP-2','18.680','KT (Duct)','KT G652 24 CORE','03 Desember 2018'),('Tasikmalaya','STO GRT','GRT-CKG','29.300','KT (Duct)','KT G652 24 CORE','03 Desember 2018'),('Tasikmalaya','STO GRT','GRT-KDN','18.600','KT (Duct)','KT G655 48 CORE','03 Desember 2018'),('Tasikmalaya','STO GRT','GRT-SPA-1','42.500','KT (Duct)','KT G652 36 CORE','03 Desember 2018'),('Tasikmalaya','STO GRT','GRT-SPA-2','13.600','KT (Duct)','KT G655 48 CORE (Baru)','03 Desember 2018'),('Tasikmalaya','STO GRT','GRT-WNR-1','13.200','KT (Duct)','KT G655 48 CORE','03 Desember 2018'),('Tasikmalaya','STO GRT','GRT-WNR-2','12.800','KU (Aerial','KU G652 12 CORE','03 Desember 2018'),('Tasikmalaya','STO GRT','GRT-WNR-3','13.300','KT (Duct)','KT G655 48 CORE','03 Desember 2018'),('Tasikmalaya','STO KAL','KAL-BTS-NGL','9.800','KT (Duct)','KT G655 48 CORE','03 Desember 2018'),('Tasikmalaya','STO KAL','KAL-CBL','22.500','KT (Duct)','KT G652 24 CORE','03 Desember 2018'),('Tasikmalaya','STO KDN','KDN-CBT-1','15.887','KT (Duct)','KT G655 48 CORE','03 Desember 2018'),('Tasikmalaya','STO KDN','KDN-CBT-2','16.319','KU (Aerial','KU G652 12 CORE','03 Desember 2018'),('Tasikmalaya','STO KDN','KDN-GRT-1','18.331','KT (Duct)','KT G655 24 CORE (Kiri)','03 Desember 2018'),('Tasikmalaya','STO KDN','KDN-GRT-2','18.485','KT (Duct)','KT G655 24 CORE (Kanan)','03 Desember 2018'),('Tasikmalaya','STO KWL','KWL-CAW','36.500','KT (Duct)','KT G652 24 CORE','03 Desember 2018'),('Tasikmalaya','STO KWL','KWL-CKJ-1','35.600','KT (Duct)','KT G652 48 CORE','03 Desember 2018'),('Tasikmalaya','STO KWL','KWL-CKJ-2','35.600','KU (Aerial','KU G652 24 CORE','03 Desember 2018'),('Tasikmalaya','STO KWL','KWL-CMS-1','21.600','KT (Duct)','KT G655 48 CORE','03 Desember 2018'),('Tasikmalaya','STO KWL','KWL-CMS-2','21.600','KT (Duct)','KT G652 24 CORE','03 Desember 2018'),('Tasikmalaya','STO LAG','LAG-CBT-1','15.200','KT (KttL)','KT G655 24 CORE','03 Desember 2018'),('Tasikmalaya','STO LAG','LAG-CBT-2','12.800','KU (Aerial','KU G652 24 CORE','03 Desember 2018'),('Tasikmalaya','STO LAG','LAG-CLK','19.300','KU (Aerial','KU G655 48 CORE','03 Desember 2018'),('Tasikmalaya','STO LAG','LAG-MLO-1','21.500','KT (KttL)','KT G655 24 CORE','03 Desember 2018'),('Tasikmalaya','STO LAG','LAG-MLO-2','22.000','KT (Duct)','KT G655 48 CORE','03 Desember 2018'),('Tasikmalaya','STO MLO','MLO-CAW-1','14.948','KT (Duct)','KT G655 48 CORE (Baru)','03 Desember 2018'),('Tasikmalaya','STO MLO','MLO-CAW-2','14.948','KT (KttL)','KT G655 48 CORE (Lama)','03 Desember 2018'),('Tasikmalaya','STO MLO','MLO-CBT-1','19.400','KT (Duct)','KT G655(1-12) G655(1','03 Desember 2018'),('Tasikmalaya','STO MLO','MLO-CBT-2','22.000','KT (Duct)','KT G655 48 CORE','03 Desember 2018'),('Tasikmalaya','STO MLO','MLO-LAG','21.500','KT (Duct)','KT G655 48 CORE','03 Desember 2018'),('Tasikmalaya','STO MON','MON-BJR','32.000','KT (Duct)','KT G652 24 CORE','03 Desember 2018'),('Tasikmalaya','STO MON','MON-CMS','9.000','KT (Duct)','KT G652 12 CORE (PT. KAI)','03 Desember 2018'),('Tasikmalaya','STO MON','MON-TSM','12.200','KT (Duct)','KT G652 24 CORE','03 Desember 2018'),('Tasikmalaya','STO PGN','PGN-BJS-1','48.500','KU (Aerial','KU G652 36 CORE','03 Desember 2018'),('Tasikmalaya','STO PGN','PGN-BJS-2','47.400','KT (Duct)','KT G655 48 CORE','03 Desember 2018'),('Tasikmalaya','STO PGN','PGN-BTS-PRG','22.000','KT (Duct)','KT G655 24 CORE','03 Desember 2018'),('Tasikmalaya','STO PMP','PMP-CSP-1','18.393','KU (Aerial','KU G655 24 CORE','03 Desember 2018'),('Tasikmalaya','STO PMP','PMP-CSP-2','18.680','KT (Duct)','KT G652 24 CORE','03 Desember 2018'),('Tasikmalaya','STO RJP','RJP-CAW-1','12.500','KU (Aerial','KU G652 48 CORE','03 Desember 2018'),('Tasikmalaya','STO RJP','RJP-CAW-2','12.000','KT (Duct)','KT G655 48 CORE','03 Desember 2018'),('Tasikmalaya','STO RJP','RJP-CKJ','43.600','KU (Aerial','KU G652 48 CORE','03 Desember 2018'),('Tasikmalaya','STO RJP','RJP-TSM-1','16.300','KU (Aerial','KU G655 48 CORE','03 Desember 2018'),('Tasikmalaya','STO RJP','RJP-TSM-2','16.300','KT (Duct)','KT G655 48 CORE','03 Desember 2018'),('Tasikmalaya','STO SDA','SDA-BJR-1','50.800','KT (Duct)','KT G655 48 CORE','03 Desember 2018'),('Tasikmalaya','STO SDA','SDA-BJR-2','39.000','KT (Duct)','KT G655 24 CORE (PT. KAI)','03 Desember 2018'),('Tasikmalaya','STO SPA','SPA-GRT','42.300','KT (Duct)','KT G652 36 CORE','03 Desember 2018'),('Tasikmalaya','STO SPA','SPA-TSM-1','18.300','KU (Aerial','KT G652 36 CORE','03 Desember 2018'),('Tasikmalaya','STO SPA','SPA-TSM-2','18.000','KT (Duct)','KT G655 48 CORE','03 Desember 2018'),('Tasikmalaya','STO TSM','TSM-CBL','28.030','KT (Duct)','KT G652 48 CORE','03 Desember 2018'),('Tasikmalaya','STO TSM','TSM-CMS-1','17.500','KT (Duct)','KT G652 36 CORE','03 Desember 2018'),('Tasikmalaya','STO TSM','TSM-CMS-2','17.800','KT (Duct)','KT G655 48 CORE','03 Desember 2018'),('Tasikmalaya','STO TSM','TSM-CMS-3','20.400','KT (Duct)','KT G655 12 CORE (PT. KAI)','03 Desember 2018'),('Tasikmalaya','STO TSM','TSM-MON','12.026','KT (Duct)','KT G652 24 CORE','03 Desember 2018'),('Tasikmalaya','STO TSM','TSM-RJP-1','16.500','KU (Aerial','KU G652 48 CORE','03 Desember 2018'),('Tasikmalaya','STO TSM','TSM-RJP-2','16.900','KT (Duct)','KT G655 48 CORE','03 Desember 2018'),('Tasikmalaya','STO TSM','TSM-RJP-3','28.030','KT (Duct)','KT G655 48 CORE (HH Primajasa)','03 Desember 2018'),('Tasikmalaya','STO TSM','TSM-SPA-1','18.300','KU (Aerial','KU G652 36 CORE','03 Desember 2018'),('Tasikmalaya','STO TSM','TSM-SPA-2','18.000','KT (Duct)','KT G655 48 CORE','03 Desember 2018'),('Tasikmalaya','STO WNR','WNR-CBT','11.300','KT (Duct)','KT G655 48 CORE','03 Desember 2018'),('Tasikmalaya','STO WNR','WNR-GRT-1','13.200','KT (Duct)','KT G655 48 CORE','03 Desember 2018'),('Tasikmalaya','STO WNR','WNR-GRT-2','12.884','KU (Aerial','KU G652 12 CORE','03 Desember 2018'),('Tasikmalaya','STO WNR','WNR-GRT-3','13.200','KT (Duct)','KT G655 48 CORE (Baru)','03 Desember 2018');

#
# Structure for table "tb_peta"
#

DROP TABLE IF EXISTS `tb_peta`;
CREATE TABLE `tb_peta` (
  `lokasi_sto` varchar(30) NOT NULL,
  `lat` varchar(50) NOT NULL,
  `long` varchar(50) NOT NULL,
  `keterangan` varchar(50) NOT NULL,
  PRIMARY KEY (`lokasi_sto`)
) ENGINE=InnoDB DEFAULT CHARSET=latin1;

#
# Data for table "tb_peta"
#

INSERT INTO `tb_peta` VALUES ('BSC CIHAURBETI','-7.233984','108.198168',''),('BSC CIKONENG','-7.303621','108.249191',''),('BSC GN CUPU','-7.295360','108.229411',''),('BSC KARANG PAWITAN','-7.213316','107.936918',''),('BSC NANGELA','-7.670474','108.048403',''),('BSC RAJAPOLAH','-7.217542','108.189760',''),('BSC TOBONG JAYA','-7.648966','108.079585',''),('BTS ACTARI','-7.310709','108.270346',''),('BTS ALUN ALUN LAG','-7.035956','107.983193',''),('BTS BJR KOTA','-7.373610','108.540773',''),('BTS CIBALONG','-7.526242','108.177000',''),('BTS CIGANJEUNG','-7.537105','108.703135',''),('BTS CIKAJANG','-7.359541','107.810048',''),('BTS CIKALONG','-7.750781','108.188454',''),('BTS CISEEL','-7.438306','108.562725',''),('BTS CPH','-7.744601','108.016053',''),('BTS KARANGNUNGGAL','-7.632531','108.132833',''),('BTS KAWALU','-7.393941','108.209261',''),('BTS PMP','-7.640839','107.731811',''),('BTS POLRES CMS','-7.322781','108.325170',''),('BTS POLSEK PATARUMAN','-7.399797','108.537586',''),('BTS PRG','-7.700661','108.496149',''),('BTS TG RJ PSH','-7.339759','108.213635',''),('STO BJS','-7.481516','108.604375','0'),('STO BNJ','-7.370195','108.540905','0'),('STO CBL','-7.514000','108.183365','0'),('STO CBT','-7.098552','107.983781','0'),('STO CIW','-7.145444','108.146789','0'),('STO CKG','-7.358542','107.810605','0'),('STO CKJ','-7.011079','108.353723','0'),('STO CMS','-7.326082','108.343403','0'),('STO CSP','-7.550056','107.812163','0'),('STO GRT','-7.217374','107.904620','0'),('STO KDN','-7.093852','107.898299','0'),('STO KNU','-7.632217','108.132774','0'),('STO KWL','-7.189484','108.372481','0'),('STO LBG','-7.038611','107.976152','0'),('STO MLO','-7.066851','108.089493','0'),('STO MNJ','-7.352112','108.312408','0'),('STO PGN','-7.691204','108.658383','0'),('STO PMP','-7.641146','107.732261','0'),('STO RJP','-7.220616','108194827','0'),('STO SDA','-7.485218','108.795543','0'),('STO SPA','-7.354736','108.110621','0'),('STO TSM','-7.327226','108.221596','0'),('STO WNR','-7.177723','107.979346','0'),('TSK 011 BANJARSARI','-7.489005','108.627144','');

#
# Structure for table "tb_sto"
#

DROP TABLE IF EXISTS `tb_sto`;
CREATE TABLE `tb_sto` (
  `lokasi_sto` varchar(20) NOT NULL,
  `nama_sto` varchar(30) NOT NULL,
  PRIMARY KEY (`lokasi_sto`)
) ENGINE=InnoDB DEFAULT CHARSET=latin1;

#
# Data for table "tb_sto"
#

INSERT INTO `tb_sto` VALUES ('BTS PARIGI','PARIGI'),('BTS TJ','TOBONG JAYA'),('STO BJR','BANJAR'),('STO BJS','BANJARSARI'),('STO CAW','CIAWI'),('STO CBL','CIBALONG'),('STO CBT','CIBATU'),('STO CKG','CIKAJANG'),('STO CKJ','CIKIJING'),('STO CMS','CIAMIS'),('STO CSP','CISOMPET'),('STO GRT','GARUT'),('STO KAL','KARANGNUNGGAL'),('STO KDN','KADUNGORA'),('STO KWL','KAWALI'),('STO LAG','LIMBANGAN'),('STO MLO','MALANGBONG'),('STO MON','MANONJAYA'),('STO PGN','PANGANDARAN'),('STO PMP','PAMEUNGPEUK'),('STO RJP','RAJAPOLAH'),('STO SDA','SIDAREJA'),('STO SPA','SINGAPARNA'),('STO TSM','TASIKMALAYA'),('STO WNR','WANARAJA');

#
# Structure for table "witel"
#

DROP TABLE IF EXISTS `witel`;
CREATE TABLE `witel` (
  `name` varchar(100) NOT NULL DEFAULT '',
  PRIMARY KEY (`name`)
) ENGINE=InnoDB DEFAULT CHARSET=utf8;

#
# Data for table "witel"
#

INSERT INTO `witel` VALUES ('TASIKMALAYA');
